Sample,ANT(6)-Ia,APH(3'')-Ib,APH(3')-IIIa,APH(3')-Ia,ErmA,ErmB,ErmF,QnrS1,TEM-1,aad(6),aadA5,adeF,poxtA,sul1,sul2,tet(A),tet(B),tet(M),tet(O),tet(Q),tet(W)
SHCC107A,0,5.3582090000000004,13.232749,0.077911,0.589223,0.522451,2.349448,0,0,0,0,1.569078,3.048427,0,2.234508,0.559352,0,0.55604,7.981943,65.817385,37.302762
SHCC234B,0.133172,0.530391,13.145934,0.076926,1.060929,0.661414,6.227928,0.012114,0,0.371357,0,3.038406,8.162481,0,6.284258,0.297467,0,1.072565,8.551738,124.189293,48.291823
SHCC173A,0,0.298457,14.977383,0.065975,5.51815,0.277564,2.955364,0,0,0.049193,0,1.394673,2.43778,0,1.103355,0.550179,0,0.251281,8.689012,58.772456,21.816664
SHCC117A,0,0.129596,31.165161,0.101075,0.485571,0.558174,5.429936,0,0,0.5136,0,3.726043,5.73319,0,3.648765,0.291848,0,0.422457,4.245675,138.425949,49.237736
SHCC98A,0.040947,0.383341,16.753358,0.099092,0.565294,0.456701,6.832066,0.173743,0,0.202035,0,2.650918,9.690087,0.084184,7.64505,0.696273,0,0.701215,8.079643,169.757426,53.124287
SHCC195A,0.156291,0.431294,8.770189,0,10.86389,0.042521,3.942267,0.164674,0.148639,0,0,2.981563,4.496426,0,1.88955,1.677643,0,1.206137,34.910316,109.002474,44.840159
SHCC22A,0,0.231689,2.716754,0,0.923087,0.145187,0.629569,0,0,0,0,0.295172,2.326155,0,0.401314,0.103115,0,0.348577,11.460092,18.175588,8.85042
SHCC8A,0.216442,0.196275,26.161299,0,4.787045,0.315729,6.350811,0.022204,0,0,0,2.495909,52.400397,0.033511,0.661126,0.071526,0,2.135883,17.524331,161.629921,38.754542
SHCC5A,0.054798,1.7e-4,19.713484,0.007544,1.242713,0.661724,7.628205,0,0,0.072598,0,2.131225,34.063637,0.016435,2.082667,0.123994,0,0.567928,4.559657,178.015434,69.948927
SHCC246A,0.026764,1e-6,18.071855,0.031324,0.49339,0.67794,6.514024,0.0778,0,0.246124,0.006869,4.462717,8.426742,0.025366,6.068183,0.140938,0,0.779667,10.29022,141.815779,59.922161
SHCC100A,0.041131,1.120073,18.623599,0.072971,1.218181,1.061757,4.74385,0,0,0.113688,0,2.419458,12.377527,0.034946,3.797433,0.326242,0,0.610575,9.103608,92.905858,51.668217
SHCC91A,0,0.237193,15.553909,0.092216,1.331579,0.549238,6.576468,0,0,0.138625,0,3.894162,10.377535,0.017112,5.064554,0.352297,0,0.68277,16.101207,137.795815,55.51008
SHCC261A,0,0.738847,14.511126,0.068701,0.124204,0.688318,4.421084,0,0.083065,0.173376,0,3.617121,5.284836,0.022003,5.56972,0.59877,0,0.488739,6.167365,178.357238,55.130101
SHCC155A,0.068517,0.628929,15.144009,0.15401,2.366181,0.497602,5.843527,0,7.3e-5,0.708836,0,2.598805,8.446768,0,4.201399,0.393911,0,0.530152,15.340688,128.590805,50.785039
SHCC18A,0,0.939864,11.875821,0.008049,1.027769,0.766569,13.75924,0.05838,0,0.579871,0,3.577455,6.158335,0.048227,3.191018,1.252421,0,1.756442,10.009918,170.956907,43.317209
SHCC177A,0.048464,3.715435,17.973605,0.022412,0.721201,0.371062,4.907973,0.053102,0,0.373404,0,3.008047,20.953156,0.021761,4.943318,6.231848,0,0.70946,8.980512,140.375752,59.69737
SHCC267A,0,1.666126,28.500642,0.013159,1.566787,2.522446,5.489289,0.093821,0.08928,0,0,2.465106,25.155596,0.032583,1.740736,2.232368,0,0.995664,5.378933,95.246895,92.324053
SHCC43A,0.049424,0.787494,25.132882,0.014007,1.385169,0.505879,6.672548,0,0.118264,0.307601,0,2.914236,12.905658,0.022136,4.530911,0.669367,0,1.010912,9.858549,126.077003,62.124537
SHCC167A,0.158092,0.443139,55.935069,0.02195,0.917225,1.830921,11.201086,0,0.031494,0.308026,0,3.494263,31.241692,0.032472,0.988032,0,0,1.303531,4.851412,133.361416,123.508445
SHCC53A,0.073193,0.790666,22.903119,0.02292,0.520948,0.692533,7.776374,0,0,0.132506,0,3.347834,9.037431,0,8.848741,0.70176,0,0.569323,6.24554,132.513139,55.810122
SHCC215A,0,0,16.10071,0,2.64938,0.525944,3.659865,0,8.7e-5,0.188704,0,2.986801,7.066624,0,5.144296,1.582931,0.023508,1.438061,14.368866,77.31332,53.900086
SHCC201A,0.012896,0.589795,30.801892,0.141024,0.691225,1.028519,5.829378,0,0.02166,0.241989,0,3.407677,21.232171,0.032461,5.801405,0.575709,0,0.605435,8.945742,147.492694,78.817426
SHCC127A,0,0.376043,5.474787,0,0,0.162415,1.508588,0,0,0,0,1.525719,1.723715,0,0.818113,0.028008,0,0.09884,2.859921,24.966424,10.671586
SHCC86A,0,0.346686,44.974229,0.01717,2.05852,3.889208,2.066755,0,0,0.127911,0,1.399787,114.785265,0.114941,0.419114,0.198872,0,0.496255,6.637545,113.326432,128.554269
SHCC1A,0,1.508311,23.520055,0.083487,0.433591,0.501484,5.971716,0,0.012172,0.678552,0,4.242386,14.730105,0.110977,6.75986,1.662796,0,0.888622,7.636473,187.616206,65.933332
SHCC290A,0,0.129494,11.485348,0.175498,0.210131,2.494548,5.842871,0,0.11076,0.189445,0,4.224555,5.281498,0.010129,5.1738,0.42571,0,0.27583,6.745113,140.751761,46.077025
SHCC54A,0.010343,0.045584,24.682672,0.07377,0.731862,0.762681,9.390965,0,0,0.354831,0,2.659056,10.595133,0.020275,5.812024,0.152744,0,0.884475,9.928237,180.775094,67.845838
SHCC257A,0,1.019552,9.804328,0.047023,0.173653,0.324678,3.138505,0,0,0.205948,0,2.907497,4.594091,0.011521,3.221659,0.637154,0,0.330208,7.532948,100.550652,62.645516
SHCC225B,0,1.093525,18.09577,0,1.749243,0.831966,5.132122,0,0.064803,0,0,3.246143,17.277582,0,3.601396,1.416119,0,1.863512,9.247191,129.315939,50.053151
SHCC189A,0,1.327611,31.547458,0.060912,5.713936,0.490807,5.407428,0,0,0.18021,0,3.056429,8.647505,0,3.804772,1.370646,0,0.535597,20.708856,141.837401,52.406195
SHCC258A,0,0.583756,16.680386,0.015109,0.845484,1.106739,5.279357,0,0,0.511221,0,4.095429,3.801419,0,3.570477,0.88677,0,0.311284,8.758912,145.241478,37.263555
SHCC13A,0,0.731777,21.443887,0.015698,0.177659,0.927046,3.526966,0,0.012273,0.147487,0,3.4566,11.143595,0.041695,3.894419,0.695166,0,0.611508,8.457866,99.773707,55.559057
SHCC85B,0.076344,0.310898,25.440928,0.160272,0.885,1.274287,5.694019,0,0.040214,0.14989,0.062734,3.513283,6.397078,0.022179,4.433818,0.252691,0,0.596751,10.990141,121.542457,58.425532
SHCC64A,0,0.071371,19.920342,0.113521,0.135509,1.01263,4.272914,0,0.599301,0.049982,0,1.766767,6.702093,0,2.344154,0,0,0.424325,6.265968,76.95676,53.411074
SHCC76A,0,0.043548,43.987181,0.056905,2.160036,2.658094,6.784508,0.02571,0,0.775439,0,2.877485,24.274827,0.01313,9.671384,0.120681,0,2.000318,8.551333,123.941404,83.579541
SHCC244A,0,0.55839,26.700443,0.234083,0.042852,2.259593,4.561594,0.036993,0.11436,0.259142,0.049953,5.164688,7.3481,0.065284,4.58755,0.235596,0,0.520296,9.973989,130.864868,75.157082
SHCC48A,0,0.566718,19.578266,0.049897,1.1916,0.598413,1.918218,0,0,0,0,1.234375,14.310891,0,1.59874,0.11596,0.028575,0.461229,6.222263,63.388682,45.806243
SHCC139A,0,0.754932,32.713559,0.036271,1.085219,1.155064,10.014528,0,0.036709,0.241193,0,3.333936,12.848216,0.071391,2.104765,0.690821,0,0.988724,7.424386,139.976673,83.149681
SHCC240A,0.043254,1.835384,12.411847,0.055118,4.71402,0.887383,5.16711,0.018745,0.060303,0.065409,0,2.813404,5.603125,0.036213,4.628036,0.326224,0,0.429022,10.275648,135.083006,53.693766
SHCC116A,0.223921,0.378994,20.359791,0.13861,0.475327,1.515733,5.024297,0,0.116053,0.368062,0,3.400213,6.813193,0.013131,4.559075,0.365705,0,1.291858,7.617433,114.028912,61.731464
SHCC297B,0.064401,0.437458,20.628619,0.039784,0.861852,0.997399,8.946393,0.06168,0.019196,0.295503,0,2.374122,9.582588,0,2.195758,0.168353,0,0.498337,5.106704,140.186018,55.262706
SHCC287A,0.056792,3.474507,33.495398,0.122151,0.562225,1.029972,3.70693,0,0.035387,0.236632,0,2.424178,15.672243,0.025733,2.210232,4.02382,0,0.974967,6.428204,116.753201,87.620175
SHCC32A,0,0.394021,14.895418,0.009626,1.64317,0.379109,4.964673,0,0.048918,0.350286,0,3.601798,13.143425,0.028557,2.930793,0.486443,0,0.544,11.075294,155.923784,46.094177
SHCC109A,0,0.17191,19.811793,0.062152,15.11443,0.194193,2.299349,0,0,0,0,0.905745,11.369349,0,0.637522,0,0,0.15718,35.199387,34.008018,17.768608
SHCC247A,0.279708,0.143237,21.90636,0.139059,1.376407,1.473793,3.66828,0.036305,0.129913,0,0,7.034039,11.113124,0,3.967304,0.371402,0,0.785743,12.43675,98.526987,57.68791
SHCC130A,0,3.165766,19.286308,0.190027,0.955646,0.496756,3.425279,0,0,0.091662,0,3.030673,8.656907,0.03651,4.500933,4.607462,0,0.783374,12.308108,79.992985,48.508184
SHCC123A,0,5.41134,19.278212,0.026933,0.092682,0.142105,2.860664,0,0,0,0,1.912514,16.228957,0.037911,3.771184,9.801805,0,0.229877,2.974379,55.208951,55.736821
SHCC46B,0,0.989173,40.628479,0.012298,0.960349,1.248432,7.037195,0,0,0.266087,0,2.068991,16.60514,0.027347,1.171953,0.918288,0,1.138606,5.633305,104.337411,87.297628
SHCC50A,0.026192,1.460599,27.752924,0.054426,0.2317,1.287397,10.099723,0,0,0.29421,0,2.886188,13.851751,0,3.01449,0.2539,0,0.839592,10.624012,139.915253,63.265683
SHCC264A,0,4.705106,31.29501,0.121344,0.77282,0.622938,6.576798,0.033823,0,0.247008,0,2.940145,18.242132,0.014475,2.179268,4.21191,0,0.633711,6.737729,109.184747,89.137273
SHCC169A,0.086292,1.381495,19.081357,0.095794,0.628682,0.814257,5.24263,0.264172,0.069636,0.170429,0.022127,2.011836,5.345557,0,2.95842,2.639318,0,0.864796,12.775023,89.004087,43.430468
SHCC112A,0,0.198223,20.744761,0.067689,0.220562,0.899351,7.647136,0,0,0.506386,0,3.4967,8.068064,0.016622,5.625228,0.585761,0,0.912932,9.978311,160.947076,46.151483
SHCC166A,0.314643,1.132296,52.139038,0.089314,0.275892,1.786939,8.99272,0,0,0.323591,0,2.254979,29.490845,0.028924,1.467245,0.106527,0,1.044761,5.478518,96.697752,93.647911
SHCC95A,0.030954,1.173317,20.421185,0.167829,0.639072,0.82791,5.174028,0.008532,0.086199,0.327657,0,5.223051,7.150254,0.070702,4.159281,1.025238,0,0.618393,15.755548,123.746931,58.465092
SHCC128A,0.167001,0.220378,17.708304,0,2.223939,0.984668,3.886209,0.042272,0,0.335392,0,3.554321,7.729983,0.043809,4.727647,0.010111,0,0.941659,18.818067,119.713801,65.503278
SHCC192A,0,0.592761,21.355374,0.102626,0.513132,0.513175,5.389224,0,0.032403,0.280291,0.006736,4.350903,9.688197,0.063537,5.764198,2.183022,0.017536,0.929505,8.067643,135.458254,72.728129
SHCC275A,0,0.805676,7.284818,0.050921,0.433061,0.313276,2.71275,0,0,0,0,1.569713,4.787304,0,2.654122,1.148599,0,0.391337,4.228308,67.814519,26.681277
SHCC182A,0.025708,0.711897,18.468686,0.027781,0.128154,0.97882,4.955635,0.013308,0,0,0.007994,2.247112,8.449053,0.080926,1.802572,0.8495,0,0.617353,5.44246,104.246746,57.095994
SHCC235A,0.067031,0.602783,22.071906,0.206846,3.20615,1.148093,11.829801,0.096009,0.166681,2.119165,0,4.405605,8.34927,0.032097,8.926322,0.660495,0,0.627349,17.298761,214.442228,46.332198
SHCC229A,0.070826,3.130156,18.349374,0.294325,0.596176,0.961919,5.068937,0.174717,0.066273,0.369812,0.013793,4.125789,12.898702,0.030031,3.243321,1.390246,0.013685,0.990584,16.76298,121.118331,61.653749
SHCC295A,0,1.432422,7.538951,0,2.357525,0.188443,0.666959,0,0,0,0,0.414292,2.233222,0,0.937335,1.167483,0,0.027487,8.258342,23.866919,12.958427
SHCC219A,0,1.010475,28.99245,0.061064,0.087192,1.602178,4.314386,0,0,0.533847,0.016996,5.925053,12.115984,0,5.058372,0.582394,0,0.86903,13.288625,117.658127,75.944347
SHCC227A,0.190056,1.597874,17.891619,0.05834,4.183371,0.68875,6.834195,0.035584,0.072979,0.261358,0,4.082873,9.779794,0.113963,9.725916,1.409242,0,1.879122,22.044051,186.495372,44.765555
SHCC158A,0,1.14489,12.32185,0.109493,1.128262,0.431691,2.947278,0,0.088172,0.161846,0,1.27441,4.740378,0,2.971717,0.824252,0.011972,0.594073,6.563801,64.347951,33.367004
SHCC272B,0.050155,0.83453599999999994,24.716502,0.09645,1.126941,0.915426,6.962468,0.008523,0.166435,0.235696,0,4.858,15.178892,0,4.5017759999999996,0.434023,0,0.378348,8.007876,184.570225,71.346848
SHCC282A,0.085055,0.226783,18.163642,0.023984,1.18163,0.583307,4.132025,0,0,0.300308,0,3.023454,6.222384,0,2.863494,0.159556,0,0.337372,13.486956,103.871877,52.931052
SHCC300A,0,0.71124,16.072406,0.042328,0.363774,0.839162,7.034768,0.039301,0.05112,0.09487,0,3.161107,7.069733,0,6.352307,0.262927,0,0.369495,3.831654,171.286801,52.024868
SHCC243A,0,0.261029,18.202701,0.031323,0.757289,0.905756,6.472367,0.055186,0.031827,0.484503,0,4.253765,11.468444,0,4.851282,0.26666,0,0.905489,11.237653,172.657646,66.03466
SHCC65A,0.030758,0.290504,32.577188,0.029903,0.866033,0.797492,9.816903,0,0.048465,0.164262,0,3.463015,19.642109,0.047886,1.993976,0.152464,0,0.915611,6.226747,173.927239,77.844812
SHCC125A,0,0.48278,16.624686,0.152628,0.263317,0.607796,6.350852,0,0,0.405889,0,3.110891,10.877335,0,3.97161,0.675103,0,0.549457,6.386871,107.71686,50.600709
SHCC37A,0,1.503136,12.756871,0,0.332358,0.766444,1.197091,0,0,0,0,0.652631,3.213805,0,3.325316,1.025833,0,0.288543,9.874084,50.850739,35.435915
SHCC92A,0.068136,0.414542,25.998416,0.233487,0.341848,1.240386,6.615386,0,0.052577,0.583528,0,5.287715,9.754959,0.059531,5.854753,0.24847,0,0.919405,10.735361,126.148786,64.892397
SHCC199A,0.016444,1.053007,22.033614,0.079492,2.59399,0.845355,5.001058,0,0.033595,0.506477,0,5.086685,9.180708,0.02026,4.501463,0.941123,0,0.270465,16.527095,145.919359,77.611836
SHCC60A,0,1.044519,20.108211,0,1.119541,2.710296,2.892584,0,0,0,0,2.899501,4.976029,0,3.256217,1.4609510000000001,0,0.955808,15.296095,100.309089,49.771863
SHCC254B,0.069654,3.118347,26.930465,0.069319,0.205071,3.768278,7.3504,0.052699,0.015536,0.153559,0,1.936666,27.754979,0.074549,1.283887,1.984934,0,2.535611,5.580162,141.262362,112.979116
SHCC119A,0,0.45559500000000003,18.130713,0.010306,1.565573,1.285357,6.270176,0,0.048965,0.147104,0,3.23839,10.936722,0.130434,4.310736,0.739113,0,0.589756,15.832081,104.867025,52.453561
SHCC6A,0,0.574354,18.897022,0.05915,0.548318,0.925541,3.933773,0,0.028978,0.086576,0,3.410764,6.383467,0.082541,4.781505,0.710085,0,3.128119,22.038651,123.644816,37.391358
SHCC289A,0.056992,0.469016,22.866659,0.029775,1.065132,0.610691,5.303626,0.024845,0,0.210861,0,4.84707,18.76288,0.081503,5.591331,0.192955,0,0.972804,14.322078,152.851629,77.107161
SHCC151A,0,1.62118,20.518289,0.040502,1.225952,0.397758,5.497514,0,0,0,0,3.721885,12.822096,0,3.344236,2.41215,0,1.18749,9.883321,107.516537,74.509616
SHCC104A,0,0.097722,16.46151,0.073677,2.115321,0.929856,6.569966,0,0.093361,0.19961,0,3.495805,6.544871,0.064636,5.747745,0.181437,0,0.942452,25.694542,131.3037,46.005062
SHCC242A,0.068797,0.755195,20.82469,0.029282,0.571773,1.356626,5.410346,0.033805,0,0,0,3.353599,7.384132,0.039569,6.504455,0.362415,0.004984,0.588473,11.845019,147.599261,70.681186
SHCC21A,0,0.178346,14.165435,0,4.2658,0.1084,0.89223,0.053783,0,0.102548,0,0.562216,3.156235,0,1.709538,0.268387,0,0.117106,12.293185,30.307715,15.754252
SHCC134A,0,0.235025,10.375006,0,2.22179,0.47661,3.59384,0,0,0.080498,0,1.775338,2.640416,0,4.882217,8e-6,0.011654,0.244351,8.710972,74.358794,27.771221
SHCC202A,0,1.847834,21.960174,0.10625,0.108606,1.076395,5.847074,0.013016,0.09169,0.088894,0,2.935845,20.008025,0,6.9763,2.178718,0.003577,0.681109,6.023991,131.636798,81.267663
SHCC146A,0.10679,0.706012,29.146047,0.041943,1.659838,1.198228,5.883217,0,0.034989,0.19788,0,4.920046,10.979056,0.051421,3.399836,0.451511,0,0.663506,10.909276,99.145302,76.193351
SHCC17A,0,0.748386,21.384281,0.208611,0.225033,0.269037,5.234542,0,0,0.064037,0,3.693196,5.398654,0.017042,6.378217,0.315572,0,0.707111,3.822895,144.440364,37.281159
SHCC19A,0,0.743585,10.438698,0,1.017667,0.246456,1.264623,0,0,0,0,1.373476,0.987208,0,2.036718,0.682552,0,0.37536,5.448942,35.893147,16.739749
SHCC164B,0,0.756042,28.860516,0.031007,3.382535,1.122328,8.229547,0,0.065735,0.189852,0,2.42109,21.492761,0,2.971477,0.629618,0,0.830439,9.883199,110.36352,69.683458
SHCC176A,0.049308,1.788415,19.746805,0.135773,1.433191,1.332632,5.382442,0,0,0.222191,0,2.728347,6.210836,0.053449,4.056689,1.766622,0,0.497417,17.677933,91.907347,67.187797
SHCC126A,0.055876,1.231533,21.444593,0.075569,0.580201,0.670623,6.272351,0.048982,0.09633,0.124557,0.005671,5.112117,8.735003,0,6.490557,1.424084,0.00365,0.738863,12.333186,131.838542,60.442298
SHCC236A,0.075945,0.375203,13.94607,0.069779,2.6634,0.758937,4.432578,0,0,0.532747,0,2.93145,8.472866,0.029041,3.543004,0.44947,0,1.029728,20.932826,101.679148,55.841595
SHCC124B,0.035155,1.468335,20.643065,0.047534,0.842529,0.582667,14.879801,0,0.04425,0.731091,0.026217,3.519565,13.206111,0.06438,2.640076,1.495743,0,1.6038,5.761179,150.846203,60.429557
SHCC179A,0.090921,1.035683,18.634519,0.055614,10.687722,1.577179,4.917401,0.18334,0.136837,0.186776,0,2.835033,20.258303,0,4.870175,0.861834,0,1.589318,46.801382,108.305082,73.13456
SHCC216A,0.045892,0.036373,16.619271,0.049427,0.230209,0.24957,5.330194,0,0.039996,0.138475,0.033862,2.64226,6.034536,0.037948,5.727937,0.147711,0,0.403664,6.551864,129.700516,45.97582
SHCC238A,0.03396,0.117371,16.01899,0.079301,0.641738,0.700408,3.511854,0.0103,0.043025,0.311531,0,3.646175,6.345207,0.053383,3.822405,0.384121,0,0.640011,20.311548,95.789696,57.205597
SHCC222A,0,0.741464,13.328579,0.084752,1.119586,0.362222,5.938281,0,0,0.288775,0,4.288562,5.365839,0,5.443301,0.502501,0,0.480606,11.482605,119.712979,44.93069
SHCC279A,0.018441,0.135268,13.934173,0.083493,0.689775,0.530235,6.652967,0,0.050371,0.526383,0,6.419588,8.72881,0,3.304312,0,0,0.383632,15.825949,107.759591,49.357042
SHCC186A,0,0.335113,20.177939,0.052819,0.456348,0.516569,5.749867,0.041039,0,0.373209,0,3.444163,9.961875,0.024351,3.574775,0.127353,0.006654,0.610449,10.540463,137.902821,59.379601
SHCC73A,0.087087,0.830283,42.637363,0.045165,0.984706,1.699807,8.262758,0.021195,0.090685,0.645018,0,3.497216,23.922548,0,1.857453,0.400356,0,1.683341,7.420174,112.005718,89.864089
SHCC209A,0.13113,0.028143,20.35274,0.025707,8.272757,0.683138,5.37102,0,0,0.321768,0,4.24914,4.768269,0,6.23524,0.106342,0,1.293763,23.181399,115.986374,65.067828
SHCC231A,0.061721,1.507912,10.799185,0.011994,0.881519,0.708906,5.432211,0.109239,0.032409,0.051736,0.067481,3.808983,12.121534,0.053155,5.766648,1.360901,0,2.175121,11.211762,152.638187,44.557863
SHCC138A,0.036936,0.604883,23.860914,0.009321,2.302831,1.096634,7.683952,0,0,0.331562,0,3.547436,7.318448,0.073308,7.338916,0.299783,0,1.040313,14.22209,143.111493,53.624416
SHCC142B,0.220948,0.683504,24.253272,0,0.754991,1.57383,6.877669,0.051027,0.042895,0.159069,0,1.909003,18.187325,0,0.242822,0.324878,0.004274,1.251899,6.386918,95.645199,72.353703
SHCC286A,0,1.018394,7.861843,0,1.281539,0.069313,2.220563,0,0,0,0,1.156503,3.724619,0.017719,2.208591,1.239888,0,0.327326,11.336313,44.26013,16.980544
SHCC133A,0,0.796497,12.79631,0.063512,1.084631,0.124061,3.47523,0,0,0.199575,0,2.344871,7.418408,0,4.432558,0.572858,0,0.510346,9.28653,73.508653,44.157505
SHCC263A,0.031133,5.700552,28.652555,0.242468,2.473318,1.102136,4.700208,0.008736,0.032782,0.082894,0,1.92502,18.926055,0,1.086892,7.424308,0,0.723229,9.48042,87.418058,69.603327
SHCC99A,0.074055,0.637014,29.388246,0.381826,0.241809,1.298963,7.742195,0,0.143285,0.256941,0,5.025983,8.969788,0,6.853385,0.45952,0,0.626297,6.745616,158.536603,68.813497
SHCC55A,0,0.139095,15.575319,0.085339,0.959475,1.12486,4.470769,0,0,0.425521,0,2.67456,8.209329,0,2.381628,0.251989,0.01633,0.599946,7.640081,129.822846,49.7195
SHCC25A,0.027492,1.045166,24.116686,0.100993,0.029136,0.934766,5.677233,0,0.082152,0.123403,0,3.308534,12.933974,0.063541,2.33143,0.846958,0,0.467831,6.910227,112.870987,74.257722
SHCC149A,0,1.460428,18.568925,0.019537,2.995444,0.758258,12.816005,0,0,0.132891,0,2.804124,11.775285,0.068602,3.464751,1.514262,0,1.164841,13.0366,132.374364,51.197328
SHCC232A,0.053661,1.100617,21.079458,0.081375,0.688506,0.570422,5.474168,0,0.312253,0.510284,0,3.031751,7.6025,0,5.829278,2.108288,0,0.531502,12.674422,125.595907,66.981046
SHCC154A,0,0.403139,21.743498,0.077883,0.697146,0.809433,5.309774,0.028511,0.041288,0.098304,0,3.414786,11.93599,0.040489,2.479519,0.343502,0,0.598303,12.966258,86.044746,60.810742
SHCC101A,0.024239,1.360864,13.728777,0.092337,0.38317,0.805155,3.592252,0,0,0.466195,0,2.60935,4.584387,0.022887,2.898109,1.082356,0,0.409597,11.31844,100.710669,43.494781
SHCC184A,0,1.591416,20.196316,0.025697,0.309617,0.712025,4.577695,0,0,0.272072,0,2.982249,10.026295,0.029055,3.876521,1.765658,0,1.186937,6.33314,129.298148,75.56769
SHCC162A,0,0.398025,22.464658,0.092863,0.257169,0.825136,8.310825,0.02783,2.63e-4,0.362274,0,3.614734,7.651021,0.039592,5.803431,0.361369,0,1.082487,7.709093,159.528903,59.735308
SHCC183A,0,0.540434,9.001348,0.068714,0.822511,0.636173,4.947792,0.040931,0.140601,0.267013,0,2.380895,3.140879,0,5.000479,0.997838,0,0.419918,7.884093,67.189414,40.40335
SHCC115A,0.030367,3.003551,26.015006,0.055969,3.979852,1.059273,4.161754,0.020523,0.171512,0.137176,0.01564,5.363673,13.763016,0,4.185983,0.165756,0,0.519703,20.323898,96.989135,66.683077
SHCC172A,0,1.933949,18.800495,0.060766,0.30142,0,1.925044,0,0,0.120849,0,1.375226,7.723395,0,1.889405,2.692115,0,0.364547,4.876847,48.181691,38.678927
SHCC193A,0.022538,1.592094,13.432916,0.124149,0.427986,0.618488,5.01895,0,0.12736,0.360554,0,2.92475,6.863486,0.047619,4.525149,1.292367,0,0.801805,8.075887,129.432706,58.049671
SHCC228A,0,0.940091,19.041404,0.023731,1.937884,1.172759,6.131465,0.023052,0.038735,0.138909,0,2.996417,11.338192,0.03474,5.058189,0.360443,0.003809,1.126043,11.947087,139.064658,73.163862
SHCC58A,0.019461,1.621263,17.717188,0.143223,2.819922,1.353349,8.272463,0,0.071063,0.266876,0,3.222677,6.97522,0,4.583098,0.570136,0,1.135607,10.752132,144.052743,50.540354
SHCC204B,0.086347,3.899679,28.695759,0.045649,0.6481,0.492982,6.308533,0.017237,0.030318,0.381671,0,5.034591,9.481638,0,7.963601,1.007441,0,0.498646,12.213541,156.93889,80.08242
SHCC226A,0.134651,0.104887,14.262958,0,5.274396,0.396768,6.987383,0,0,0,0,3.055732,9.142928,0.387859,2.860166,0.516324,0,2.612619,14.789585,160.69977600000001,58.882625
SHCC97A,0,7.3e-5,13.102706,0.024247,0.381164,0.5229,7.820587,0,0,0.087942,0,3.046115,8.836804,0.031625,4.561759,0.347577,0,0.69667,7.599387,95.526131,51.39246
SHCC224A,0,0.888766,23.677749,0.023976,0.477849,0.867736,5.291817,0.034259,0,0.127764,0,4.12555,21.901092,0.201661,4.257741,0.584409,0,1.018858,7.429694,126.350927,84.13328
SHCC38A,0.117884,0.256031,32.039043,0.05644,0.51156,0.721545,6.917537,0,0.116424,0.476715,0,3.058418,8.451101,0,3.584003,0.289801,0,0.985053,7.167808,135.89107,63.570346
SHCC273B,0.149066,2.816815,18.252142,0.069394,0.383157,0.940378,6.041,0.008993,0.030092,0.324891,0,2.373228,12.735536,0,1.852515,3.206047,0,0.984975,5.731567,78.526925,74.800478
SHCC269A,0.030424,1.159501,11.42127,0.085516,1.7065109999999999,0.432658,2.386626,0.306785,0.119385,1.781028,0.044705,1.89098,8.370953,0,2.288272,1.926415,0.043915,1.440894,84.557319,61.225806,36.367958
SHCC56A,0,0.978567,25.010354,0,2.219382,1.081546,3.616268,0.040406,0.100275,0.237537,0,2.659765,16.333234,0.01127,4.229691,1.056544,0,0.758067,5.534983,134.699109,65.095772
SHCC14A,0,0.244492,5.399286,0,0.339552,0.139239,0.616594,0,0,0,0,0.358065,0.60688,0,1.097591,0.464465,0,0.120848,2.371706,17.488325,8.725133
SHCC233A,0,0,7.980352,0,0.901515,0.105828,1.326167,0,0,0.134915,0,1.294451,5.209706,0,1.116768,0,0,0.414354,8.535134,34.154068,29.059948
SHCC259A,0.026409,0.57282,22.57792,0.058655,0.07718,0.603776,5.029166,0,0,0.454266,0,3.141709,7.163342,0,3.371638,0.328041,0,0.575721,13.884004,108.331889,74.50767
SHCC67A,0.041959,0.188759,19.641048,0.077294,3.656486,0.773797,6.176326,0,0,0.307308,0,3.40875,6.517035,0,4.757855,3.245171,0,0.707886,16.069993,127.188238,47.477812
SHCC221A,0.020238,0.899757,20.182857,0.070823,0.172423,0.760553,3.083343,0,0.07739,0.365762,0,3.237876,9.825828,0,2.89899,1.172747,0,0.511119,10.976782,101.217679,60.460608
SHCC77B,0.110604,0.933387,26.133591,0.079411,1.079017,0.777994,7.25017,0.031737,0,0.618543,0,3.868902,14.731206,0,3.747553,0.249857,0.007312,1.151797,4.89373,130.707956,51.228516
SHCC260A,0,1.146651,8.324702,0.014417,0.109232,0.659727,5.456598,0.125792,0.11175,0.056787,0.080587,2.403936,6.503064,0,5.291431,2.628357,0,5.348356,7.080902,102.999846,42.90292
SHCC96A,0,0.610341,13.00311,0.025725,1.923577,0.231277,4.205938,0,0.123452,0.226142,0,1.774085,4.912143,0,3.758876,0.94945,0,1.223406,21.374609,113.082228,25.938017
SHCC105A,0,0.285903,24.513824,0.154838,2.537127,1.00725,4.847115,0,0,0.989115,0,5.398284,12.035418,0.030925,5.628218,0.443108,0,0.618622,17.970841,139.844793,71.187987
SHCC200A,0.026512,1.501857,24.406877,0.092206,2.341002,0.991613,3.536773,0.078682,0.08855,0.105866,0.017741,4.565283,10.595767,0,3.971101,1.465593,0,0.806667,18.625475,94.060807,61.099605
SHCC118A,0,0,2.974625,0,0.642955,0.134601,0,0.187696,0,0,0,0.237901,0.263524,0,0,0,0,0.647818,4.803541,3.935631,6.50531
SHCC147A,0,0.35355,17.581706,0,0.947815,0.433274,5.556865,0.033742,0,0.333514,0,5.237821,11.781964,0.01769,3.657317,0.694389,0,0.689093,18.633149,115.609956,44.235711
SHCC4A,0.059592,1.289798,34.859267,0.04832,0.114965,1.560077,7.911075,0,0,0.353734,0,4.100856,15.260623,0.024831,4.516951,1.392844,0,0.596569,6.716504,180.386701,82.109639
SHCC175A,0,0.504408,27.908981,0.056948,1.482186,1.360589,7.220044,0,0,0.203234,0,3.077442,11.08712,0.09691,4.017556,0.633052,0,0.797744,6.894073,165.919496,65.36092
SHCC120A,0,0.003304,3.336091,0,0.765834,0.074773,0.803578,0.066207,0,0,0,0.347729,2.306819,0,0.568514,0.060522,0,0.074872,4.239041,23.365003,9.265079
SHCC89A,0,1.976142,15.980749,0.013669,0.400615,1.019272,5.612937,0,0.124089,0.484894,0,2.560513,9.909816,0.034217,2.927149,0.582959,0,0.499597,13.848546,112.006398,58.444466
SHCC45A,0,1.029312,36.391125,0.077232,0.545685,1.994663,6.614153,0,0,0.12777,0,2.557049,14.649874,0.047697,2.112385,0.944304,0,1.022883,3.610538,99.215094,112.113227
SHCC159A,0,1.07552,14.648584,0.033036,0.468103,0.478268,5.095955,0,0,0.161578,0,2.082832,6.903892,0.07673,3.51402,1.093747,0,0.48135,7.758701,109.117392,40.000472
SHCC161A,0.029353,1.772928,19.842881,0.064526,0.630795,0.630757,5.422337,0,0,0,0,2.117443,9.224476,0.014224,4.557092,2.017967,0,0.436713,8.068452,134.87533,52.649714
SHCC51A,0,2.846587,29.889723,0.242555,1.716156,0.875164,11.629792,0,0.06217,0.225416,0,2.80847,17.273118,0.034481,5.233548,3.635149,0,0.800612,11.527175,150.631911,80.016313
SHCC213A,0,0.740282,16.937195,0.027063,4.142876,1.495369,3.938215,0,0,0.092042,0,2.559159,8.740912,0.01809,3.294616,0.40227,0,0.619263,25.981649,101.074542,61.153496
SHCC203A,0.04579,4.610979,20.641494,0.061466,1.30324,0.451502,2.925536,0,0.023255,0,0.04335,2.643705,6.523869,0.042173,1.772811,0.152282,0,0.471266,10.28258,113.023121,59.585435
SHCC262A,0.02402,2.283433,20.426013,0.136565,0.067172,1.073147,9.071198,0,0.053900000000000003,0.428169,0,4.406773,8.594751,0.02784,5.832485,1.512139,0,0.546234,9.751492,178.156403,61.047155
SHCC29A,0.075576,0.174807,38.263627,0.036319,0.452073,2.32439,6.446408,0,0,0.342167,0,2.097787,19.145652,0.049925,1.470331,0.171027,0,0.805242,9.604148,96.462109,95.640979
SHCC111A,0,0.078996,21.199022,0.132371,2.882036,0.642815,6.073648,0.0273,0.102208,0,0,3.715627,6.268312,0.018049,2.776866,0.411818,0,0.567613,16.585952,94.806969,63.002517
SHCC270A,0.024572,1.488373,17.401892,0.063639,2.108177,0.766737,5.864613,0.147712,0.123126,0.19223,0.007127,4.160579,13.078203,0.016628,4.793067,1.07642,0,0.58327,15.343552,138.246091,57.871919
SHCC129A,0,0,6.959729,0,1.249398,0,2.109408,0,0,0,0,0.713491,1.233648,0,0.90768,0.63564,0,0.721181,4.649522,28.923977,18.35569
SHCC80A,0,1.133406,14.369489,0,6.559448,0.521379,3.861007,0,0,0,0,1.843758,6.831229,0,5.129695,0.464411,0,0.770613,32.040894,119.649435,36.557025
SHCC239A,0,2.035466,7.94618,0.029997,0.197318,0.246765,1.713144,0,0,0,0,1.257823,2.146355,0,1.616699,1.570857,0,0.38336,4.724853,32.862032,19.886123
SHCC197A,0.081928,0.764346,18.284029,0.07561,0.247223,0.80512,5.650308,0,0.047142,0.714495,0.147625,3.120089,10.17323,0.133924,5.854582,1.303919,0.003497,1.376644,9.534694,143.997336,55.456721
SHCC10A,0.058358,0.367461,19.936657,0.095669,0.478433,3.293866,5.105744,0,0.01614,0.20308,0,3.95686,13.660174,0.033706,3.599917,0.066514,0,0.757782,11.632081,109.794043,75.094299
SHCC11A,0,0.211276,23.433063,0.088267,1.05904,1.293255,4.6079,0.040192,0.022028,0.154396,0,3.708094,6.260733,0.058112,4.737552,0.221974,0,1.568866,7.903474,110.643008,50.93923
SHCC70A,0,0.522964,16.289888,0.037856,1.60324,0.555069,5.486867,0,0,0.530653,0,3.215085,7.217104,0,3.728418,0.433715,0,0.417473,6.72743,111.245882,62.079772
SHCC187A,0,0.270637,18.242843,0.028857,1.11438,0.897247,3.304641,0,0.032524,0,0,3.547211,4.365727,0,3.405541,0.397471,0,0.440245,9.00338,90.045523,53.184999
SHCC281A,0,0.112371,15.762595,0.008997,1.411541,1.870822,12.080343,0.096268,0.121942,0.645686,0,4.570202,8.052624,0,6.555404,0.136404,0,0.651573,4.318827,196.697247,49.632625
SHCC137A,0.040226,0.28535,13.309297,0.073791,0.318985,0.82592,5.298984,0,0.084137,0,0,3.480907,12.868807,0.028627,6.050932,0.272362,0,0.43547400000000003,7.290426,121.590482,52.551679
SHCC299B,0.058396000000000003,0.623304,33.530443,0.036978,0.560091,1.314856,4.981101,0,0.126759,0.105884,0,3.203822,13.127965,0,4.075428,0.739427,0,0.666948,10.070886,90.892665,94.343996
SHCC34A,0.110014,0.143893,9.415149,0.016688,0.102877,0.601897,1.251196,0,0,0.238452,0,1.205268,3.988583,0,1.618606,0.126519,0,0.413807,3.832713,30.255168,30.288711
SHCC288A,0.031679,0.737823,33.911676,0.017407,2.948892,1.209321,12.203044,0.022885,0.06529,0.178791,0,3.339779,24.648217,0,1.711445,0.643673,0,1.232405,10.592354,165.073089,80.903362
SHCC255B,0,1.212901,20.380622,0.024155,0.318765,1.039425,3.739886,0,0,0.202011,0,5.173839,5.936959,0.029174,2.216196,2.205847,0,0.1684,2.438814,86.894474,51.82248
SHCC198A,0,0.003923,15.738794,0.02214,0.113303,0.479654,3.596212,0,0,0.22484,0.019543,3.023021,6.838698,0,3.671467,0.447374,0,0.505412,7.931394,92.508963,46.537286
SHCC253A,0,0.166304,21.329965,0.011166,2.766977,1.702309,6.998961,0,0,0,0,4.147124,12.741202,0.054026,5.940186,0.293049,0,1.259702,10.053785,170.170991,47.965228
SHCC249A,0,0.176489,14.768451,0.042459,2.417029,0.845405,9.413881,0.037593,0.075745,0.162783,0,3.349219,13.122955,0.038836,6.212192,0.165038,0,2.403894,11.904694,176.16303,46.61048
SHCC63A,0.028865,0.951584,20.944307,0.189097,0.343874,0.657685,4.844983,0,0.063167,0.393701,0,4.066464,4.647389,0,3.356593,0.337481,0,0.493453,9.416693,103.966134,50.721898
SHCC211A,0,0.631638,9.498353,0.015406,3.713583,0.610947,3.783371,0.088479,0.150079,0.21876,0,2.03018,11.228607,0,2.731658,0.792052,0,0.44685,20.932709,97.320074,52.136577
SHCC84A,0.057644,0.163704,13.782045,0.045826,1.160816,0.403683,4.408398,0,0,0.159182,0,2.320519,5.752785,0.025215,2.602202,0.437106,0,1.015973,7.130433,89.217776,58.960165
SHCC12A,0,0.151097,10.626713,0.077178,0.518833,2.720747,6.623439,0,0.043265,0.544572,0,3.622613,8.144469,0,5.019054,0.290004,0,0.951548,8.049993,146.872638,47.40135
SHCC194A,0,0.750692,16.416206,0.092795,0,0.477036,5.206254,0.022886,0,0.401363,0.053563,3.63526,6.116608,0.04738,5.371645,0.232784,0,0.521624,4.750559,107.242716,55.228277
SHCC24A,0,0.508008,14.444302,0.025401,1.219855,0.887632,3.586943,0,0,0.055895,0,2.711269,6.264812,0.038445,3.468143,0.731125,0,1.314547,8.115226,104.144182,57.190005
SHCC210A,0,0.584829,18.854879,0.194521,3.686427,0.785103,6.644203,0,0.083328,0.724579,0.001289,6.7035,11.254039,0.155626,4.803818,0.612197,0,0.970106,21.362756,153.878881,90.964236
SHCC153A,0,0.09677,15.173544,0.039871,3.119875,0.501306,4.755344,0.158278,0.111174,0,0,2.537055,7.032623,0,3.018282,0.361358,0,0.501596,13.640752,104.603767,31.556008
SHCC83A,0.032997,1.718134,23.08513,0.053497,3.103859,0.721238,6.408664,0,0,0.450777,0,5.028925,7.056095,0.018363,4.394973,1.185888,0,0.81718,13.338289,168.132337,62.625727
SHCC93A,0.033227,1.205852,23.845246,0.045584,0.480464,0.695784,4.896576,0,0,0.069595,0,2.694052,5.882207,0,5.806077,0.973353,0,0.524867,7.613172,128.064956,55.677173
SHCC208A,0,1.549209,19.426884,0.106779,1.065468,0.331993,3.977969,0,0.10576,0.107511,0,2.186832,12.716259,0,3.743389,0.281582,0,0.382726,11.837057,139.291899,58.096484
SHCC165A,0.335296,0.340032,20.792184,0.194108,0.96535,1.303818,7.119398,0,0,0.328598,0,2.51289,11.821441,0,2.528633,0.230853,0,2.1981290000000002,10.196284,99.186982,70.090714
SHCC94A,0,1.451599,15.301859,0.080709,0.078277,0.26969,3.865988,0,0.009696,0.203895,0,2.037592,12.644641,0.03479,3.839568,1.282266,0,0.67171,6.870624,105.249079,44.916648
SHCC79A,0,0.314363,16.193385,0.013504,1.402067,0.982174,7.062313,0.081038,0,0.209199,0,2.620028,8.312267,0,4.028215,0.336932,0,0.487958,7.19333,114.997654,48.86437
SHCC237A,0,0.394115,8.260587,0.037656,0.371744,0.623352,2.218561,0,0,0,0,1.901385,7.31861,0,1.1985,0.224808,0,0.202143,5.601399,62.636647,25.512679
SHCC178A,0,0.144879,7.403089,0.057531,7.02465,0.404437,5.046357,0,0,0.062695,0,2.75828,3.186895,0,4.277035,0.339556,0,1.951948,30.439914,146.871497,48.935466
SHCC3A,0.085384,0.289232,18.549279,0.019431,0.324505,0.623902,4.659741,0.010416,0.098696,0.494237,0,3.00507,6.670607,0.094473,4.733113,0.374486,0,0.943119,8.393687,124.511626,76.50907
SHCC217A,0,1.044982,18.958304,0.039352,5.556256,1.071272,4.950195,0,0.110322,0.207388,0,5.113506,10.796586,0.03365,5.268395,1.706255,0,4.081808,21.032913,134.938984,80.862102
SHCC292A,0,0.363352,16.639481,0.064475,1.088563,1.134918,5.620732,0,0,0.158285,0,5.276252,5.709806,0.066451,3.978069,0.309436,0,0.321194,9.308988,139.981741,55.496286
SHCC251B,0.078469,2.698048,24.187226,0.059397,0.704973,0.932938,5.344781,0.025927,0.260009,0.659386,0.012763,5.710241,10.209122,0.029545,4.099905,2.434769,0,0.537859,12.082315,141.583265,76.686487
SHCC39A,0.023934,0.821753,25.624371,0.066934,1.317465,1.100127,7.164749,0,0.041822,0.083245,0.008717,3.387858,8.56003,0.142372,4.247214,0.570679,0,0.772626,7.707569,171.584094,66.090979
SHCC180A,0.120832,2.421265,21.115034,0.184532,0.49242,0.451678,4.831303,0,0.108916,0.177729,0,3.576135,19.890524,0,3.300252,3.670843,0,1.091869,10.188439,126.66048,70.057227
SHCC268A,0.069723,1.520742,13.841789,0.042433,2.850189,1.98998,4.83207,0.072109,0.40854,0.314612,0.088063,5.047713,11.289483,0.034171,4.222018,2.631367,0.006609,0.816305,10.444658,133.168732,45.657078
SHCC15A,0.041917,0.454027,26.936974,0.0734,0.199798,1.195506,4.309831,0,0.034757,0.151953,0,4.170776,16.762055,0.077534,3.744742,0.529676,0,0.538284,16.536302,93.449977,103.890178
SHCC66A,0.142178,1.34574,28.872508,0.071607,0.724563,0.835992,7.486407,0.01804,0,0.163483,0.010819,3.430622,12.280049,0,4.750065,1.252829,0,0.763346,7.462959,120.806571,76.876004
SHCC74A,0,1.701778,33.516392,0.015878,0.766603,1.400465,7.018889,0.014924,0.080287,0.050162,0,2.259253,20.738552,0.10263,2.756547,1.497598,0,0.862742,6.898794,123.167944,66.966699
SHCC150A,0.051059,0.251948,18.744706,0.162642,0.201473,0.528391,4.885841,0.042239,0.154807,0.16256,0,3.922787,12.667363,0.013473,3.410486,0.343311,0,0.391323,11.149544,113.779053,58.653241
SHCC256A,0.204105,0.649594,20.969559,0.083597,0.807819,0.743333,7.341324,0.080341,0.036312,0.193289,0,2.423441,21.826145,0,3.247869,0.25194,0,0.890239,6.247941,144.323473,62.588253
SHCC143A,0,1.758523,15.837888,0,0.810785,0.944252,4.299125,0,0,0.006038,0,4.300099,9.428199,0.141844,3.578254,0.3765,0,0.58828,17.404314,107.86333,79.045509
SHCC41A,0,0.750423,25.980786,0.095188,1.085776,0.611408,8.128094,0,0.059793,0.513633,0,3.499865,9.016872,0.013305,3.542938,0.652475,0,0.47526,8.537177,137.349194,82.187821
SHCC207A,0,2.136282,18.447748,0.089351,1.313671,0.800827,7.437407,0.074309,0.139462,0.152496,0,2.626096,10.08915,0,6.529936,1.779953,0.010917,0.669604,15.249903,118.246068,72.038437
SHCC30A,0.042504,0,13.626485,0.211553,1.64878,0.366029,4.398183,0,0.177856,0.167424,0,3.562393,7.894093,0,4.491557,0.487223,0,0.415001,12.681473,116.064406,46.124811
SHCC132A,0,0.543008,11.552184,0.066855,0.963538,0.539348,4.810628,0,0.120856,0.045864,0,2.916539,5.846256,0.071554,3.732167,0.266312,0,0.6995,7.687307,145.223083,35.082789
SHCC245A,0,0.297482,7.305731,0,5.175004,0,1.619438,0,0,0.243846,0,1.295776,5.218168,0,1.280546,0.129721,0,0.264793,18.382285,53.147321,17.309681
SHCC144A,0.040308,0.430179,15.342049,0.446864,0.410639,0.710469,4.788375,0,0.034122,0.388108,0.010672,4.475791,11.086124,0.093054,3.672518,0.113561,0,0.980528,11.676612,91.015523,53.989164
SHCC20A,0.058694,0.838445,19.624582,0.089876,0.320418,0.342101,3.89487,0,0,0.420717,0,2.785646,9.692286,0,2.775127,0.29194,0,0.79515,4.174431,87.456157,43.00672
SHCC174A,0.016968,0,13.330331,0.013594,0.648675,0.492921,4.134826,0.018008,0,0.060141,0,2.740096,7.563219,0,2.581942,0,0.00679,1.167366,12.517397,113.151929,37.452226
SHCC121A,0.041418,0.289127,16.773187,0.151939,1.888829,0.643311,3.886127,0,0.064196,0.264868,0,3.203502,5.001038,0.021137,3.360996,0.199416,0,0.997474,11.784321,115.493735,52.350049
SHCC7A,0,0.933036,16.328403,0.018378,7.485188,0.421005,7.071681,0.138963,0.067283,0.043128,0,3.851429,21.288254,0.154288,3.634716,1.540008,0,0.769558,17.277948,166.46247,57.54695
SHCC88B,0,0.397909,21.791772,0.025478,0.284787,0.337872,7.27545,0,0,0.51992,0,4.456639,12.795901,0.031067,2.9449,0.342517,0,0.519247,8.055928,146.771271,69.920544
SHCC33A,0.089275,0.645544,31.921267,0.111665,0.920464,1.739329,6.46783,0,0.058418,1.167629,0.01313,3.120229,10.215809,0,5.826703,0.447552,0,0.699111,12.521194,159.349784,73.587887
SHCC44A,0.045232,0.126173,46.518791,0.056311,1.532986,2.321951,5.996831,0,0.062498,0.04915,0,3.439585,17.705991,0.024304,3.213594,0.10312,0,1.341312,14.892603,91.838709,122.342349
SHCC52A,0,0.397218,13.523711,0,0.095702,0.314422,4.844764,0,0,0,0,6.580361,6.604017,0,2.776738,0.570179,0,0.573602,7.870482,91.83575,66.57102
SHCC214A,0,0.236882,17.693979,0.03765,6.964286,0.543723,3.784716,0,0,0.091064,0,2.843927,7.480522,0.011517,3.290809,0.1488,0,0.385502,18.522551,110.88874,55.877483
SHCC250A,0.059651,1.537289,15.729515,0.051271,0.203328,0.728714,5.137901,0.034154,0,0.1816,0,4.479369,31.42787,0.015345,5.363201,2.203434,0,0.718443,8.842569,127.663967,68.349938
SHCC28B,0,1.079506,21.894014,0.086557,1.770076,1.258227,4.194388,0,0,0.450692,0,2.139462,9.842507,0.100756,2.324525,0.351551,0,0.40739,12.646739,109.111038,64.331435
SHCC157B,0,0.180162,14.693466,0.18246,2.064613,0.138308,2.601601,0,0,0,0,2.826907,6.661871,0,4.000515,0.037483,0,0.467445,11.181688,104.56431,45.859167
SHCC87A,0,0.427455,17.59683,0.108598,1.067373,0.39985,3.755048,0,0,0.149962,0,2.657577,5.475895,0.108677,4.176261,0.682795,0,0.651836,9.438847,138.423358,46.483928
SHCC148A,0.28837,0.292783,20.529282,0.077856,0.6528,1.322166,3.54483,0.021963,0.102908,0.395493,0,2.814508,6.800849,0.045758,2.407294,0.114491,0,2.011529,8.723956,143.743334,53.113458
SHCC69B,0,1.859212,17.033825,0.013127,2.907334,0.591184,5.148399,0.009219,0.108945,0.028917000000000002,0,2.093364,8.04041,0.106293,3.124745,1.405513,0,2.533627,15.210402,230.839523,53.941715
SHCC190A,0.024174,1.499677,22.786081,0.018631,1.135624,0.821539,6.444574,0.04324,0.081596,0.108862,0,3.409589,18.515849,0.104302,5.771925,0.268658,0,0.402253,12.242522,144.219481,56.877472
SHCC59A,0,2.141533,10.740926,0,5.699469,0.531186,5.180283,0,0,0.027219,0,4.22304,2.377271,0,5.356478,3.001805,0,0.105908,11.942188,121.529152,44.862569
SHCC241A,0,0.139841,18.69271,0,5.654255,0.416556,4.038957,0,0,0.039457,0,3.438761,14.339441,0.047241,3.52616,0.208814,0,1.37067,13.938011,136.833782,46.382542
SHCC136A,0.055016,2.084097,19.147139,0.04067,1.986047,3.105193,5.523071,0,0.047471,0.251853,0,2.31797,10.460437,0.043567,3.103014,1.11932,0,0.463846,13.723518,96.472884,60.707896
SHCC171A,2e-6,0.799581,22.523959,0.01697,0.48652,0.621687,5.113875,0.23576,0.201702,0.892835,0,2.541807,9.232346,0.064314,5.169456,0.119637,0,0.761187,9.43317,120.527346,70.772194
SHCC296A,0,1.118738,16.847952,0.054827,0.816678,0.437957,6.729231,0.022792,0,0,0,3.727438,5.69026,0,3.740339,0.39103,0,0.309432,11.895629,148.216971,45.273647
SHCC35A,0.041889,0.663938,28.161879,0.066369,2.110256,1.665373,4.836682,0.018166,0.095981,0.559068,0,3.03463,12.172872,0.053238,5.885719,0.416416,0,0.937601,17.613711,132.55078,82.567599
SHCC108A,0.127439,0.45959,15.628169,0.041454,1.49434,1.122112,5.230268,0.028033,0.052368,0.229298,0,3.53051,14.892002,0,2.579337,0.426273,0,0.745888,7.971631,127.448724,53.032016
SHCC131A,0.072903,1.335225,14.097529,0.070527,1.637674,0.542082,4.431018,0,0.083986,0,0,3.356385,5.210025,0.074254,3.698101,2.412019,0,1.039773,10.895175,102.173542,33.4699
SHCC62A,0,0.587696,9.106186,0,1.004606,0.646345,4.231083,0,0,0.127145,0,1.966228,8.257459,0.011474,4.351745,0.583673,0,0.293197,7.87002,77.820211,29.050558
SHCC248A,0.047748,0.756182,21.238534,0.094961,0.784603,1.160529,4.514818,0,0.046538,0.103931,0.024293,3.097626,8.022812,0,4.546332,0.418847,0,0.951381,10.504165,111.704534,74.791919
SHCC110A,0.142239,0.97104,29.755345,0.134582,0.184738,0.825987,3.792933,0.019535,0.056907,0.563896,0,3.047386,7.381363,0,4.161596,0.142904,0,0.422442,8.599673,125.671099,59.862834
SHCC23A,0,1.282701,12.499825,0.05323,0.229245,0.113981,2.79254,0,0.25907,0.200985,0.052959,1.627423,6.440967,0,0.317248,0.831186,0,0.455784,5.503686,59.040603,54.993139
SHCC42A,0,0.596462,25.290207,0.155243,0.605432,1.984688,5.618913,0,0.046533,0,0,4.037755,8.089166,0,4.357371,0.192119,0,0.424108,18.697273,119.90434,84.228485
SHCC106A,0.08021,1.076565,36.368937,0.088451,1.12294,1.250602,8.04039,0.008376,0.096851,0.154681,0,3.054812,19.790359,0.01449,2.376124,2.229589,0,1.069545,8.555852,121.152356,75.879567
SHCC9A,0.024644,2.543505,52.302749,0,0.03008,2.322034,1.828478,0,0,0.019447,0,0.355027,111.171664,0.038025,0.319632,1.249157,0,0.531716,4.475075,31.139186,193.353898
SHCC140A,0.027253,0.416431,18.448512,0.012541,1.254267,0.572874,6.781524,0,0,0.079773,0,2.535822,8.721366,0,3.714274,0.477245,0,0.544637,10.293573,106.259774,40.659108
SHCC90A,0,0.802884,26.278994,0.138001,1.036058,2.312795,5.654507,0,0,0.22972,0,2.720964,10.850933,0,3.072734,0.366193,0,0.650363,13.208258,102.101713,73.491878
SHCC156A,0.028747,1.636938,19.869612,0,1.571523,0.411207,7.079171,0,0,0.088855,0,3.778888,11.401053,0,5.045371,1.690862,0,0.519757,6.345514,124.415019,49.125841
SHCC205A,0.071593,0.093352,23.19533,0.033897,1.597691,0.693052,4.276443,0,0,0.494901,0,2.792892,5.366888,0,3.714542,0.221999,0,0.555377,12.254924,118.807099,67.388302
SHCC160B,0.047307,2.264007,12.628583,0,3.530459,0.280069,2.099941,0,0.047549,0,0,1.371779,5.905402,0,1.336329,0.043748,0,1.539552,13.064406,62.001505,51.993484
SHCC274A,0.037967,0.716041,19.228086,0.078386,1.878286,0.76908,5.016874,0.022961,0,0.308932,0,4.970334,10.65394,0.032982,4.206296,0.898004,0.007715,0.465186,21.435858,160.065014,75.221769
SHCC252A,0.074355,1.12057,21.144911,0.364383,0.514902,0.965325,6.437155,0.022204,0.043451,0.159621,0.005585,3.607293,7.741953,0,5.610451,1.15806,0,0.538953,6.958139,159.240813,73.643353
SHCC40A,0,0.423865,3.75792,0,1.348462,0,1.463025,0,0,0,0,0.509381,4.051723,0.107732,1.392919,0.595004,0,1.43687,5.288981,27.910657,13.522167
SHCC206A,0,2.376175,18.579099,0.174561,1.025715,0.706434,5.946149,0,0.087307,0.697006,0,6.46878,9.698117,0,12.349474,3.491714,0,0.370319,7.686096,131.870431,87.555279
SHCC218A,0.139369,2.521489,23.70153,0.091774,0.400758,1.568675,3.581971,0,0,0.35251,0,2.827384,7.010921,0.058398,2.528031,0,0,4.787251,13.908895,88.071224,61.133709
SHCC78A,0.058271,1.018815,28.970545,0.119098,0.568141,1.176784,7.7731,0,0.04734,0.143549,0,3.928329,15.603558,0.084505,5.965588,0.532263,0,0.802841,5.529847,132.15123,70.179147
SHCC277A,0,0.837293,18.360424,0.038166,0.494601,0.553142,3.109595,0,0,0,0,2.467055,7.071169,0,1.733525,1.260454,0,0.309246,9.48143,86.860608,34.3142
SHCC276A,0,0.012492,15.337568,0.008777,1.749889,5.037229,8.185141,0,0,0,0,1.424286,32.751319,0.141101,1.477381,0.936049,0,0.488998,3.570717,277.010968,80.181439
SHCC26B,0.078155,1.826128,40.303567,0.025387,0.275168,3.461933,12.680819,0,2.2e-5,0.121926,0,2.125392,41.853287,0.091149,0.601822,1.808141,0,1.269038,3.548109,122.78817,88.412528
SHCC196A,0.016037,0.443102,61.304185,0.00998,1.456926,2.281454,8.069088,0,0.042886,0.285778,0,3.21045,10.566374,0.027788,1.876202,0.212589,0,1.140554,11.826967,106.283269,130.941454
SHCC188A,0.071738,3.328429,16.314697,0.185882,1.757131,1.308567,7.030444,0,0.093806,0.226567,0.029499,4.555393,8.245923,0.012178,4.961419,2.922681,0,1.112003,19.234304,115.461951,63.22131
SHCC285A,0,3.198749,24.544837,0.126129,0.64739,1.668797,8.35117,0.009526,0.082653,1.823358,0,6.245841,8.831935,0.032427,15.091332,0.718612,0,0.53971,11.988351,176.59444,82.672944
SHCC266B,0,0.682371,28.073416,0.239642,0.800963,1.004532,8.341469,0.054772,0.146761,0.231293,0.005374,4.128139,8.975128,0.015171,5.603747,0.549842,0,1.082054,8.741011,138.621503,72.829845
SHCC71A,0.019663,0.152074,26.694353,0.050351,0.652161,1.29625,6.085115,0,0,0.517751,0,2.459976,8.988862,0,3.397172,0.244825,0.003873,1.215968,8.334429,130.734467,63.936031
SHCC298A,0.013293,1.01075,17.458806,0.017073,3.341781,0.481218,6.134592,0,0.05576,0.20895,0.006273,2.712136,6.582828,0.009167,2.942444,0.804894,0,0.274482,22.994948,105.323,49.397678
SHCC49A,0,0.963367,15.791713,0.074592,1.208502,0.841312,4.144841,0.016831,0.099174,0.366281,0,3.076349,7.423125,0.045314,4.031488,0.448793,0,0.722497,10.072858,125.332431,62.135967
SHCC103A,0,1.440359,18.815067,0.052922,0.730899,0.431023,8.688836,0,0.059566,0.9334,0,3.303513,11.190589,0.04024,5.125757,1.170638,0,0.938891,6.13135,159.158464,41.633467
SHCC284A,0,1.94132,7.802372,0,0.484571,0.336044,2.062768,0,0,0,0,1.332089,3.436144,0,0.463162,3.82429,0,0.477742,5.752343,39.272329,28.043579
SHCC212A,0.075444,0.120532,20.907073,0.129003,1.45029,1.011922,5.619945,0,0.144666,0.500452,0,5.426457,11.361602,0.073723,4.128105,0.393228,0.006063,0.950091,18.65735,136.240014,75.606613
SHCC81A,0,1.504217,17.048784,0.08438,4.598099,0.517872,4.933332,0.03889,0.084153,0.179597,0,2.487671,5.284089,0,3.819846,1.37204,0.052652,4.478088,18.505182,194.456321,53.265207
SHCC280A,0,0.542603,8.04719,0,7.44151,0.394001,3.986783,0,0,0,0,3.172439,5.16507,0,0.341978,0.686432,0,0.409475,23.061284,83.421044,36.363828
SHCC31A,0.251618,0.98268200000000006,30.819012,0.057743,0.596806,0.692674,6.944617,0,0.092917,0.347691,0,2.946558,20.53165,0.055999,5.366532,3.496438,0,0.754267,9.298285,118.605762,85.912147
SHCC135A,0.144097,1.276548,19.604372,0.071071,0.733666,1.25079,6.957907,0.016019,0.157314,0.440752,0,3.241146,7.700399,0.057519,6.471578,0.68105,0,1.202275,8.685626,145.878438,49.141712
SHCC145A,0,3.735026,11.606811,0.026475,0.318545,0.712369,2.302883,0,0.181021,0.050124,0,1.418337,4.096212,0,3.472234,5.601153,0,0.660196,9.32251,78.889064,31.216942
SHCC163A,0.11303,0,18.567458,0.077834,3.810668,0.730608,5.853058,0,0.199092,0.45621,0,2.551357,5.82467,0.055855,3.822293,0.140548,0,0.557158,17.99265,91.508672,50.219267
SHCC114A,0.009152,0.834379,23.383907,0.10148,0.43274,1.955267,4.455331,0.023914,0.077343,0.459445,0,4.10171,8.164188,0.024213,5.673351,0.383326,0,0.513295,11.698884,112.75332,71.647519
SHCC2A,0,1.252746,14.091045,0,0,0,2.878097,0,0,0,0,1.157141,7.405209,0,3.687187,1.387225,0,0.507419,4.338664,65.022953,28.56269
SHCC122B,0.044863,0.46551,31.348838,0.057546,1.229463,1.608227,6.351441,0,0,0.36471,0,3.168167,18.400387,0,2.360083,0.418315,0,1.128262,6.029734,114.333884,69.91249
SHCC47A,6.22e-4,0.62574,26.943458,0.022105,0.890902,1.162658,5.506945,0.037312,0,0.15973,0.00678,3.64754,26.685443,0.017689,2.268715,0.347671,0.003395,1.032206,5.042786,134.174052,92.005672
SHCC57B,0.305974,0.912564,73.253864,0.011871,0.238882,4.680013,1.567151,0.019873,0,0.379569,0,0.714014,21.468218,0.065768,0.5083,0.861827,0,2.206835,9.496444,32.189791,167.807471
SHCC27A,0,0.709162,22.941227,0,0.862378,1.032461,7.821824,0,0,0.411034,0,3.480612,13.147279,0,4.322831,1.119181,0,0.690806,12.703597,136.837303,73.265544
SHCC113A,0,0.698911,14.445446,0.067716,3.829315,0.614973,4.037447,0,0.046435,0.080635,0,2.791031,8.119136,0.042162,2.846962,0.35094,0,0.489793,12.31969,142.859501,48.649298
SHCC82A,0.05371,0.469273,38.945576,0.013452,3.50774,1.55339,4.502543,0.098257,0,0.04975,0,0.991774,68.156356,0.235337,0.636429,0.560351,0,1.530517,9.711677,166.826651,90.190896
SHCC152A,0,0.309775,15.472506,0,4.977562,0.450373,4.046672,0.239752,0.269993,0.286845,0,3.547991,4.801995,0,4.790077,0.629091,0,0.631566,12.806838,99.127747,43.937079
SHCC168A,0.163302,3.075943,23.272837,0.009961,6.471593,1.318182,7.257787,0,0.028985,0.522616,0,3.512284,15.869295,0.063634,6.569368,3.777648,0,1.321028,23.84984,134.276645,63.840272
SHCC278A,0,1.194917,17.224916,0.108441,0.109806,0.10444,4.823471,0.025913,0,0.39743,0,5.084424,21.886024,0,6.319917,1.604235,0,0.293169,8.553715,113.227163,61.219417
SHCC185B,0.025582,2.747355,33.669416,0.05314,0.645628,1.396131,7.16071,0.039316,0.028954,0.203077,0,2.75613,19.048337,0.007776,1.792682,3.336174,0,1.89669,10.403289,100.115152,129.475586
SHCC68A,0,1.109902,16.420712,0.049373,1.112397,0.801511,9.456174,0,0,0.61922,0,2.273288,7.151672,0,5.834279,0.321697,0,0.63948,7.715822,100.265586,50.889075
SHCC102A,0,0.176113,19.527211,0.351027,1.666658,0.523152,6.158139,0,0.182467,0.089784,0,3.761969,33.051183,0.031045,4.25464,0,0,0.534496,12.44163,109.83596,54.684607
SHCC191A,0,0.407891,21.877314,0.062019,0.255133,0.547171,4.884344,0,0.088213,0.311416,0,3.959527,13.305365,0.023792,7.092606,0.262387,0,0.518708,10.738753,151.088435,72.043576
SHCC72A,0,0.287373,12.581195,0,1.670998,0.079107,4.138391,0,0,0,0,2.214164,5.864636,0.04086,2.023822,0.337158,0,0.84623,14.167505,78.709394,39.324671
SHCC271B,0.080819,0.830564,39.259789,0.103633,0.468271,0.840349,6.211121,0,0.116987,0.935721,0,3.910787,13.753517,0,8.343031,1.42976,0,0.639224,12.199669,151.869219,72.656939
SHCC170A,0.069133,0.248261,11.545213,0.019144,0.804186,0.761194,5.275555,0,0,0.155958,0,2.483162,7.230416,0,3.390642,0.489315,0,0.524902,7.264449,100.922582,34.045433
SHCC265A,0.093774,0.838469,17.576549,0.010345,1.366824,0.461516,8.471777,0,0,0.144609,0,6.795949,5.846461,0.042212,5.321409,0.142955,0,1.87145,12.309002,196.785618,33.634994
SHCC230A,0.081588,0.616855,14.908596,0.036695,0.641704,0.334124,6.270597,0.091913,0.084268,0,0,2.387214,6.95274,0.040741,5.666177,0.681076,0,0.603035,7.940863,151.142764,56.35916
SHCC283A,0.042907,4.27759,20.921613,0.07049,1.105322,0.712971,4.99507,0.010465,0.065712,0.22217,0,4.37589,5.758691,0,4.238903,2.397443,0,0.408208,15.23227,125.331062,56.941795
SHCC293A,0.041522,0.589096,19.080129,0,1.187961,0.280698,5.290869,0,0.134676,0.224691,0,3.162186,6.88953,0,4.703254,0.54011,0,0.564096,9.812101,109.274394,47.314117
SHCC141A,0,0.934929,20.309821,0.11159,0.446036,0.573555,6.504629,0,0.243511,0.997309,0,3.09151,10.220598,0.022656,6.367167,0.661637,0.007621,0.700053,7.060802,171.355691,65.561745
SHCC291A,0,0.330957,6.68646,0,0,0,0.970329,0,0,0,0,0.489818,1.769766,0,0.361302,0.249132,0,0.032786,1.178435,24.216721,9.863214
SHCC36A,0,0.77801,19.473878,0.057477,0.600196,0.344679,6.505656,0,0.145347,0.483835,0,3.999767,8.007185,0,7.542794,1.197914,0,0.59824600000000006,10.629496,127.102068,54.163319
SHCC75A,0.101272,0.220652,35.963264,0.01226,1.263358,1.574479,5.300588,0,0,0.275688,0,4.568419,14.938388,0,3.020634,1.12126,0.006405,1.137812,8.897472,94.104823,87.890039
SHCC16A,0,0.851038,15.323463,0,4.693344,0.055005,6.693152,0,0,0,0,2.534441,15.839777,0.086781,6.713973,1.719973,0,0.296421,13.053973,157.636049,33.492494
SHCC61A,0,2.382798,13.391964,0.044864,1.034138,0.24404,5.080666,0,0,0.369735,0,3.087736,15.816976,0.016403,7.787992,3.458877,0,0.615577,13.752646,132.865632,38.769147
SHCC223A,0.040008,1.793502,18.502094,0.220349,0.112157,0.577025,4.327405,0,0.037954,0.183325,0,2.738162,11.000911,0,3.244452,0.149225,0,0.67437,13.722422,85.593254,52.653055
