Sample,g__Butyricicoccus,g__Enterococcus_E,g__Megamonas,g__Merdivivens,g__Paraprevotella,g__Phocaeicola,g__Avibacteroides,g__Treponema_F,g__Anaerobiospirillum,g__Parabacteroides,g__CAG-196,g__Fusobacterium_A,g__Ligilactobacillus,g__UMGS263,g__Escherichia,g__Prevotella,g__Duodenibacillus,g__Helicobacter_G,g__Desulfovibrio,g__Mediterranea,g__Alloprevotella,g__Enterousia,g__Alistipes,g__Tidjanibacter,g__Akkermansia,g__Spyradenecus,g__Avoscillospira_A,g__Fournierella,g__Enterococcus,g__Gallibacterium,g__Mannheimia,g__Mailhella,g__Bacteroides,g__Brachyspira
SHCC107A,0.007875,0.053353,0.871096,0.150536,15.874382,59.3927265,13.9820895,0.016622,1.972319,1.805051,1.651589,1.025208,0,0.309906,0,5.794095,1.0130345,6.13793,16.790258,28.922165,9.680934,10.286709,14.815844,0.015821000000000002,0,0.371734,0.2734545,2.01938,0,0,0,1.358739,0.022308,273.275227
SHCC234B,1.25238,15.603502,0.261423,8.778567,72.013252,164.7486445,81.405472,0.087463,0.0556385,23.1153315,26.4526745,24.4809735,0,1.210159,0.040081,14.2522455,0.7855365,0.052093,40.0774805,51.8846715,28.698612,142.04636,37.36583,0.124374,1.156049,15.172862,2.3545345,8.749909,0,0,0,4.171462,0.46331,74.2149055
SHCC173A,2.367911,0.094381,1.24191,25.1046245,37.577558,68.99371,26.01814,0.004793,0.296412,7.07416,0.058252,25.6667125,0,0.051807,6.75e-4,4.7157175,1.040431,1.659647,5.410693,22.935377,0.4563435,7.31e-4,36.466238,0,0,0,7.1872675,3.372579,0,0,0,57.982446,0.241646,607.390369
SHCC117A,0.556218,0,0.677972,34.719738,48.877035,155.283254,11.116054,1.999492,4.026382,8.093615,4.159191,2.200792,0,0.188416,0,32.708523,0.424012,1.784893,18.457831,52.637062,103.628664,10.89405,20.761096,1.606296,0.10047,0,5.0754,6.279308,0,0,0,7.000061,0.269968,184.439131
SHCC98A,8.233045,1.06154,11.789551,33.372439,92.723381,358.406609,18.137023,0.412042,6.334272,18.188814,3.036491,20.011955,0,5.286135,0.65919,16.841648,1.157465,0.181119,6.229775,52.60342,42.005711,5.279926,15.289423,0.890271,0.013237,0.002384,12.651702,23.09701,0,0,0,8.92649,0.852862,29.880011
SHCC195A,19.980494,0.490434,0.002128,0,68.423147,560.44945,0.022497,0.008468,0.002494,0.324246,0,379.457043,4.325566,0.001254,5.411825,0,0,2.41061,1.209337,0.112831,0.073811,0.012213,0.004606,0,8.03e-4,0,0.995414,67.438874,0,0,0,8.655356,0,5.977228
SHCC22A,0,0,0.080044,0,8.083613,35.265349,0.446492,0.032554,0,0,0,43.854274,0.039183,0.003358,0,0.135862,0,12.9812505,8.138263,0.8338095,0.267537,0,0,0,0,0,2.232299,1.7474485,0,0,0,0.005278,0,19.4360005
SHCC8A,11.564667,16.5403425,70.353402,0,216.8318715,669.220847,1.175838,0.002159,0.006826,0.0825,0,279.3469665,1.568952,9.22e-4,0.749047,1.209775,0.006459,2.6892975,0,0.3782585,0.063737,0,0.005863,0,0,0,0.088385,74.681027,0,0.135616,0,0,0,0.039201
SHCC5A,9.987049,5.94186,35.446332,5.498784,174.165578,359.968272,51.879156,0.082517,6.601974,19.296848,8.78e-4,7.481262,0.143907,33.953354,0,16.456855,2.13018,0.010323,18.606509,20.663041,0.049886,0,3.589548,0.357091,0,6.92e-4,14.407547,68.76925,0,0,0,28.875087,0.918018,3.31143
SHCC246A,0.080204,2.0497285,0.9038275,3.228317,28.2309285,208.4953575,31.6933485,0.480792,0.257324,11.6725595,12.8493515,14.266111,0,4.656003,0.059542,30.527528,0.825125,0.1496355,20.672034,97.3121765,57.95667,11.989934,56.119507,1.023919,0.228728,4.290964,4.642175,5.0529415,5.64e-4,0,0,8.006042,0.820862,82.751721
SHCC100A,1.046561,0.241478,2.306211,235.234241,31.538169,124.19037,55.978426,0.050406,0.004915,7.052182,2.428204,29.17559,0.011839,18.473525,0,7.132353,0.439938,3.295465,16.915464,53.511062,10.906226,11.056355,9.887889,0,1.947075,2.109205,7.822672,26.552233,0,0,0,5.470611,0.552266,71.12863
SHCC91A,7.3225235,1.371742,5.620454,38.4509305,72.660496,220.163973,71.872427,0.03404,3.9785385,21.4116485,9.634241,37.9247615,0.246649,3.8459275,0.001521,18.305368,0.8845495,0.330392,3.0804755,28.3235955,10.424974,14.861753,36.821992,1.739925,1.51e-4,0,7.57011,16.667639,0,0,0,9.7516925,0.680452,80.355867
SHCC261A,0.403545,3.344474,2.2124375,1.675969,42.0018175,258.260797,58.046292,0.092369,7.501286,20.1253035,7.377813,15.18761,0,10.5418355,0.00141,23.8040155,1.5028775,0.025908,10.31589,93.6956675,233.694298,29.2149925,50.148687,0.898446,40.06826,0.4937535,6.598237,10.4281445,0,0,0,5.551749,0.237444,130.399309
SHCC155A,0.607353,0.062638,1.380414,7.218409,49.966068,190.945113,70.637074,8.781487,12.0121215,11.898305,6.288577,50.8385365,0,3.0456115,0.003418,26.230547,0.743084,0.493637,19.241333,71.610184,18.170371,18.5570905,35.0228515,0.230824,0.0870375,0.785968,4.4207455,6.075747,0,0,0,4.862363,0.2494885,128.902008
SHCC18A,17.023798,13.154539,31.989372,0.809108,104.581688,491.829571,8.554864,0.053422,5.735702,20.675751,0.331751,15.914222,0.004637,1.054547,1.103954,7.565155,4.864056,0.186746,4.792077,24.09073,1.386978,0,12.006313,2.378482,0,0,14.805203,12.459259,0,0,0,12.291898,4.029339,85.576659
SHCC177A,4.9762995,0.854314,3.040404,3.475743,145.7588985,214.3671395,59.9507645,11.119456,4.2207495,21.26308,0.122256,41.854568,1.665157,10.8474495,0.019407,10.978025,0.6696225,0.34226,69.2539875,28.860106,10.37911,10.006743,15.7553975,0,0.152958,0,7.225325,19.218327,0,0,0,9.1226495,1.215627,115.986432
SHCC267A,1.777988,1.30793,20.670155,5.669225,54.602739,198.68444,8.185042,0.07912,6.975793,19.836443,5.721488,20.844628,0,4.431385,0.350367,20.231639,0.789585,2.62e-4,49.23326,13.94053,79.078617,22.846502,6.793959,7.014218,51.777015,0,15.828437,20.204431,0,0,0,3.484378,0.819374,15.467613
SHCC43A,8.646797,1.893894,15.153747,6.966323,72.718999,229.275256,38.891254000000004,0.24,2.070667,14.854089,0.557841,20.181981,4.134915,9.805363,9.03e-4,54.611768,0.950085,0.051957,19.651227,42.105227,83.250277,0.331755,9.978959,0.323493,0.154508,0.358404,6.471324,10.472314,0,0,0,16.765655,1.141933,143.887016
SHCC167A,2.519137,14.796743,25.668131,17.09218,48.647337,138.044589,16.853175,0.05388,0.004221,14.059468,0.613252,5.232403,0.024873,10.875915000000001,0.009834,29.304739,0.05371,0,36.702374,23.097278,17.559653,81.944155,13.785215000000001,0.373765,0.005932,0,12.331326,28.504254,2.79e-4,0,0,1.386143,0.191914,0.637189
SHCC53A,1.474985,1.922932,1.507871,8.851194,51.682899,191.503719,74.626246,0.062743,7.860682,18.350406,6.379637,5.452377,0,6.591533,0.00237,27.869049,1.162958,0.822948,7.945143,64.619455,121.369597,13.362715,27.64198,0.367236,0.381415,0.112916,6.941509,12.757148,0,0,0,8.015698,0.799141,47.063134
SHCC215A,11.1457425,5.0719915,0.019229,0,54.560815,300.756669,18.274213,0.098928,1.036384,2.172537,0,55.58916,0.006548,0.023072,0.040759,0.0351705,2.576348,4.105241,13.908597,9.561147,0.262202,7.04e-4,0.563834,0,0.001108,0,1.036824,31.387672,0,0.020147,0,1.585356,0.015933,147.083386
SHCC201A,2.611286,1.051803,14.511127,6.33924,70.885021,296.765666,38.742007,7.901118,1.869962,13.121988,1.972762,12.209184,0,0.997912,0.076882,22.033271,1.444296,1.21e-4,26.183076,43.894486,16.835147,14.11113,26.461738,3.303142,0.412521,0.00316,6.726299,18.23198,0,0,0,20.015141,0.295161,60.156426
SHCC127A,0,0,0.004154,0.809969,15.390671,23.79361,27.950826,16.341495,0.00181,0.013893,3.121246,4.983803,0,0.32612,0,1.741196,0.209124,5.502539,15.469708,16.367218,2.864922,16.644164,1.157377,0,0,0.006408,0.982672,0.937782,0.265161,0,0,0.01123,0,597.290347
SHCC86A,4.65143,0.054391,24.8608895,0.284895,48.916888,74.687988,14.781782,0.024357,0.006616,4.023018,0.020271,2.417572,0.021401,120.79943,0.010701,4.108616,0.004917,0.002517,28.947364,2.283345,0.063076,0.0609955,1.4597245,3.105331,0.042271,0,22.704528,148.184875,0,0,0,42.787224,0.205152,0.002887
SHCC1A,5.581808,2.09377,3.920314,3.36677,53.873641,269.234902,38.104284,0.415546,2.636008,17.848733,4.375854,3.253865,0,7.00491,0,37.31127,1.477929,0.010948,32.763452,82.535817,69.459747,0.944272,20.815294,3.098073,1.820731,0,15.159196,15.946946,0,0,0,5.512955,0.369875,58.135199
SHCC290A,0.139842,1.510344,1.296711,1.397507,86.24424,311.008695,24.650976,3.036404,3.917295,22.520467,12.328946,3.427727,0,2.888928,0.008366,24.879796,2.687095,0.680686,41.565886,49.720016,103.569339,26.154514,31.797197,2.041067,1.488783,7.49202,3.844527,5.534416,0,0,0,7.641439,0.325258,121.533839
SHCC54A,0.76222,5.851513,1.37316,18.482694,69.359242,255.922968,72.000187,0.542697,5.278245,22.177846,3.408093,28.24228,1.508274,4.703696,0.043923,39.130769,1.072239,5.484096,2.280094,65.656549,100.267833,30.76378,16.37658,1.468373,3.340403,0,4.381196,9.25388,0,0,0,3.00855,0.401708,34.168234
SHCC257A,0.079977,0.076787,2.987014,4.554257,17.822289,179.278081,52.210116,0.81473,13.3956435,14.830269,5.8742045,1.380177,0,4.441072,0,26.660247,0.07319,0.8793955,11.852839,47.936109,39.439395,12.8721125,29.822855,1.760645,0.04714,0.08542,4.9654995,6.597792,0,0,0,1.5840505,0.952735,288.481757
SHCC225B,4.747653,0.005151,26.203034,25.198851,50.769376,293.413426,54.874855,0.02574,0.015015,9.46697,0,42.254267,0.020558,12.785156,0.063742,11.239741,0.126101,1.863254,19.1004,8.45324,0.498772,0.012057,9.781945,3.608334,0,0,7.917245,30.111483,0,0,0,1.915655,1.356699,56.837709
SHCC189A,0.3364225,0.071387,3.622441,16.2845805,11.947328,205.8379615,10.994865,1.002372,18.3379105,23.829103,0.427617,79.210998,0.0381825,4.284844,0.001421,31.5043395,0.119561,1.4279155,27.4549365,36.102697,141.895833,29.642202,37.772743,0.525354,1.074834,2.796019,3.918131,32.9872185,0,0,0,4.022988,0.421431,143.476564
SHCC258A,0.076455,0.032335,1.885441,18.86108,52.961955,247.193221,40.9688345,0.236531,33.6522295,11.497769,10.529815,44.270215,0,0.8282445,0.004351,27.2715905,0.998985,0.7430545,10.4569375,41.1896175,87.386946,20.300651,48.7367395,0.039598,7.9707545,0.001763,5.4939655,6.0476275,0,0,0,4.6063305,0.49095,170.416625
SHCC13A,0.3628825,1.346418,2.095551,1.528448,11.044151,147.64563,23.471175,0.468178,7.7972245,14.791575,9.262102,0.276563,0.100035,1.3607065,0.047077,22.744912,0.8428525,0.928961,13.745966,31.202887,22.686988,12.3362155,19.0108375,2.856255,2.641382,7.31135,6.4332655,7.8109545,0,0,0,2.439856,0.1329,335.6157105
SHCC85B,0.271301,2.4158345,0.084794,0.183263,67.5244335,204.858854,25.859583,0.019413,0.02527,13.1106725,2.489022,16.378036,0.102325,0.313113,0.004926,14.640691,2.623794,0.4645015,6.197378,65.2081465,8.8439045,7.085443,15.889306,0.211751,0.067835,23.848566,3.754367,6.0986515,0,0,0,7.167526,1.0634025,194.0382665
SHCC64A,0.022089,0,1.570828,0.111962,17.245466,145.295788,22.851709,0.845094,0.011258,11.245209,5.373257,0.491168,0,3.23451,2.194699,3.903567,0.447664,0.604914,29.937372,29.098507,8.200361,3.010005,22.630085,2.819147,0.35627,1.820199,6.844227,4.082008,0,0,0,2.846064,0.717176,354.706351
SHCC76A,0.356637,24.1584225,3.3311,29.743997,14.7352885,219.827858,59.685124,16.160542,2.407337,17.5241315,0.050427,12.419119,0,40.854622,0.018598,26.367694,0.005182,0.9149445,48.2809285,48.317107,7.794231,35.2970095,81.183261,0.465564,0.268781,0,11.415351,21.821558,0,0,0,0.995775,1.565586,66.257014
SHCC244A,0.1326815,3.242592,0.040022,1.853752,91.415422,183.4210615,13.32966,0.703828,27.758468,22.801953,16.304157,0.286208,0.122767,13.2598945,0.016021,18.2652505,3.1391695,0.928924,12.1283365,75.494517,9.042736,6.9327819999999996,50.329793,1.2683175,3.539847,61.616454,2.7099565,6.218114,0,0,0,5.055528,0.832004,49.43629
SHCC48A,0.588895,0,1.209044,11.872419,4.182798,51.173474,8.172416,12.795899,4.473088,1.807348,0.111395,9.24616,0,11.572642,0,3.79797,0.052822,6.550731,38.17024,8.933782,8.640296,3.972093,8.906859,0.057998,0,0,5.283237,6.493945,0,0,0,0.458405,0.023022,154.894306
SHCC139A,3.695832,6.393242,8.429046,1.109307,53.047261,198.238957,53.752341,0.137126,1.370996,24.947907,7.193428,24.192045,5.18e-4,3.487651,0.013356,15.75326,1.168052,0.003291,10.36306,48.749263,70.423813,8.274568,11.493556,0.263902,1.23957,0.164581,11.527821,33.63554,0,0,0,9.498661,0.973166,33.632576
SHCC240A,7.6518885,1.4915575,2.8114605,8.076832,81.1030465,213.7325225,35.849019,0.061622,0.6088725,18.071586,17.289806,5.532726,0,4.888936,0.02378,11.8469215,3.181348,1.1231595,7.511856,59.2194135,1.73173,6.0759955,18.7888635,0.673159,2.287327,1.790386,5.2975245,11.063198,0,0,0,147.387118,1.876056,244.288501
SHCC116A,0.076474,14.2649935,0.2235145,2.7225345,12.9339535,173.520857,43.245337,0.309119,1.380206,12.276893,1.6874955,3.00792,0.009473,9.2576265,0.010022,37.593292,1.03908,0.7407355,5.278115,81.7817055,8.307681,9.232451,34.9057925,3.6886695,1.116314,7.2032805,3.8988945,11.0021565,0,0,0,3.708637,0.548696,184.4488315
SHCC297B,4.185275,0.93974,6.1350885,0.076003,59.0802575,256.8008125,19.523766,0.109359,12.199944,16.938948,4.76987,12.352011,0,4.8840225,0.7168615,19.014182,0.112995,0.011456,43.1815905,36.9750835,10.773218,34.4843765,30.9593875,2.1034295,0.33079,5.776976,4.2284845,10.834234,0,0,0,3.835026,1.997114,91.9862035
SHCC287A,0.767045,3.013931,14.38563,3.484029,51.376367,191.996746,29.839059,0.572203,0.195337,10.391898,5.583227,6.6048,0,4.200622,0.073815,9.453931,0.415982,0.054385,59.09246,28.03571,21.268829,21.496251,12.248176,0,3.23271,0.227253,8.533058,23.47693,0,0,0,7.355002,0.93127,60.612859
SHCC32A,8.3983865,0.097669,5.456481,0.864954,71.4979655,356.0786315,40.709777,0.365637,0.00659,15.429337,1.820093,46.5154015,0.021675,12.072174,0.1570735,14.598664,1.6649145,0.54616,3.223258,37.538131,1.584218,3.73e-4,4.305456,0.010137,0.082177,0.010581,6.0015785,27.7962495,0,0,0,6.972998,0.533075,154.048016
SHCC109A,0.472165,0,0.011774,0.011758,19.292277,73.114842,6.86146,0.004385,0.00155,0.273605,0.010845,127.174383,0.052058,10.483544,0,1.175398,0.065269,10.509775,10.564402,2.229365,0.117532,0.016778,0.780068,0,0.002801,0.00799,1.509137,3.233783,0,0,0,6.409471,0,0.045847
SHCC247A,0.246115,10.253766,1.978805,0.633575,28.73328,188.396826,26.626704,0.452311,31.750125,8.661404,6.379465,30.643124,0.002609,6.300737,0.640885,27.644481,0.925547,0.611469,23.463503,55.072368,25.878324,66.864188,8.443044,0.011128,1.841963,10.999949,2.305923,13.237857,0,0.0035,0,1.736017,0.115359,150.398739
SHCC130A,0.331326,0.56863,2.56969,6.078912,18.106808,103.42944,37.386118,1.711433,9.991984,9.760554,1.299653,37.304613,0,2.884693,0,26.637001,0.526734,2.832234,47.695973,27.27248,9.822312,38.456834,19.828612,0.185777,0,0,5.549641,7.889759,0,0,0,5.169035,0.654313,103.575056
SHCC123A,1.189519,0,0.068187,14.945063,11.801047,62.528037,52.727748,10.042402,0.768644,5.402928,0,4.270292,0,17.228796,0,1.414767,0.832987,3.712857,106.732459,24.507091,0.571527,34.14431,43.062378,0.025401,4.95e-4,0.003366,13.231719,17.119576,0,0.303581,0,1.050129,0.855069,190.048525
SHCC46B,0.319862,7.653578,37.500725,1.37669,97.346848,189.331692,24.6765205,0.098422,10.6405635,14.921287,6.015206,5.5878765,0.044664,4.686653,0.00121,35.8763545,0.146777,0.395762,14.153189,23.6874445,4.845065,7.230084,6.128666,0.9579145,0.007559,0,9.633994,23.577543,0,0,0,1.330809,0.24679,52.0165985
SHCC50A,0.61047,10.285388,1.2358055,13.1537135,30.043689,165.911563,4.7750305,0.486978,23.452002,11.152025,34.9353,1.656356,0.035486,15.4098685,6.37e-4,61.512662,1.020427,0.1447155,14.026591,65.437136,18.531639,10.693929,27.1460395,1.630383,6.5412505,0.00521,2.620198,11.313135,0,0,0,2.687051,0.418252,76.6585215
SHCC264A,0.238731,10.018697,1.534697,5.105682,37.9114065,174.566436,17.523968,0.463824,7.448333,27.3583325,10.048476,7.5360125,0.009854,10.171885,0.052923,23.431644,0.6999265,1.26e-4,61.015756,54.1007035,44.07478,22.9595735,16.1150055,1.616756,1.289585,0.127062,5.120481,11.6155305,0,0,0,3.2860685,0.298474,14.639294
SHCC169A,0.544139,2.640293,0.274496,7.5027215,14.559795,128.4453815,19.2970185,0.038458,2.542372,9.3235945,12.507345,23.214953,0.078087,0.872535,1.620159,8.9311575,0.7594415,1.197184,29.7469505,32.665678,33.6823315,8.6208975,20.166532,1.412305,3.159426,0,6.079811,4.711775,0,0,0,45.899001,0.278527,384.7180965
SHCC112A,8.2607005,0.374705,21.3370455,23.3462525,65.0099155,346.2319945,38.3907505,0.02851,16.191086,19.233598,23.63944,0.739406,0,0.441025,0,35.401173,0.8625645,0.033704,19.874571,81.6050085,157.198585,6.650549,32.1739485,0.173031,2.138405,0.467434,4.728002,13.349938999999999,0,0,0,4.768568,1.102292,72.368098
SHCC166A,0.22072,15.712718,6.123689,0.086648,17.782469,162.453379,21.427615,0.412543,2.036351,12.297322,1.585989,2.608379,0,10.5369,0.011967,11.112467,0.096152,0.001809,33.066617,32.135981,30.940424,22.233369,16.092537,0.295981,0.04806,0.401985,4.705375,19.656909,0,0,0,1.610405,0.181232,46.138705
SHCC95A,1.923836,0.934057,7.437403,18.584371,46.153018,233.5708,35.267834,0.131763,0.374904,33.667288,8.618135,21.51755,0.053997,3.04899,0.05738,28.680321,2.359428,1.44e-4,46.113259,82.287982,71.191709,9.449484,19.441561,0.003451,0.076501,2.056761,4.447195,8.285277,0.001308,0,0,7.039267,1.167287,28.00753
SHCC128A,0.327903,6.181068,2.296102,5.212791,98.574927,155.984019,48.669037,1.427281,0.108799,10.771508,6.257847,29.702557,0,3.131344,0.034238,12.485528,0.917532,2.452178,19.008471,80.423106,10.114203,16.404092,31.93396,0.645706,0.253505,37.07157,2.110259,6.563021,0,0,0,2.29844,0.144635,58.301842
SHCC192A,2.704421,2.5536975,8.5238625,13.839453,58.4290115,271.8904915,29.535034,0.425543,2.372069,10.0806275,8.441748,11.6436515,0.038107,4.7932745,0.0134305,19.6854735,1.068558,0.257885,45.084476,50.527621,59.822414,38.25403,19.5342165,0.134399,0.966469,0.1356815,10.2595385,14.739778,0,0,0,2.4941995,0.245487,15.165211
SHCC275A,4.838481,0,0.2737215,17.5858665,27.47002,125.3380455,30.8595475,5.614749,6.138283,8.6306415,1.183691,19.619686,0,0.7640085,0.001321,3.483529,0.21882,1.282103,21.6618835,7.159533,5.69668,22.7982765,10.9493275,0.201058,0,0,6.9247945,15.2734035,0,0,0,13.208801,0.388703,547.9905645
SHCC182A,13.9579495,0.058086,11.8267735,51.198191,51.5728835,344.558086,29.4249765,0.014806,0.3904285,11.568389,5.599121,6.1671305,0,6.0361175,0.009669,13.1716125,0.002498,0.81979900000000006,17.3861115,17.550118,1.707041,6.310961,24.6238295,0.45198700000000003,0,0,20.0597355,24.919644,0,0,0,0.158661,0.65472,175.742517
SHCC235A,5.9056,6.926557,0.5484265,36.413155,115.4645385,503.347026,120.1813525,101.571422,3.347465,12.5020875,0.028669,117.817627,0,7.4553245,1.7239965,3.3985925,0.725144,0.0154885,18.909353,27.91962,3.076627,0.021579,6.621533,0.01364,0.121289,0.007813,0.924464,55.4189755,0,0.1952245,0,2.6113375,0.35678,4.0027975
SHCC229A,3.0299205,10.928856,5.2038175,0.781653,48.361189,240.383055,12.782038,0.738292,3.784541,28.574093,14.9840235,17.6542635,0.041399,6.5693365,1.3241595,14.406632,3.14761,0.699562,32.923152,62.5313525,22.6465435,78.7467965,19.1043995,0.7518545,0.093505,13.914194,8.390609,6.849525,0,0.107053,0,4.4930365,0.235339,77.002532
SHCC295A,0.214039,0,0.072056,0.070498,24.7063795,33.9149325,3.4436,0.254239,11.436531,0.190514,0.037991,9.715292,0,2.834209,0,0.542541,0.138134,4.7789085,0.714962,0.122164,0.0656215,0.007272,0.020208,0,0,0.006648,0.8427195,0.46815,0,0,0,26.023978,0.051156,602.289209
SHCC219A,0.65039,2.564907,24.289493,17.125872,38.392767,220.535858,62.28816,4.901729,0.279056,10.177001,11.855154,0.273251,0,3.553578,0,13.057897,1.489054,0.486999,11.563387,75.510536,4.290402,17.678204,17.647023,0.258502,0.340206,0,1.046404,8.172408,0.001544,0,0,3.752519,0.575863,81.014269
SHCC227A,12.546033,25.588312,3.688253,47.060933,113.279309,344.239083,128.503175,2.154461,4.778387,15.836349,9.925338,158.636438,0.153558,7.647376,0.07117,13.117175,1.278722,0.07916,16.233937,27.103833,11.479732,26.242572,16.333778,0.09323,0.001415,0.4219,16.82567,16.004921,0,0,0,11.069608,1.602785,3.204539
SHCC158A,17.4523235,0.02213,1.6928265,1.13415,20.4097235,123.0307005,32.1301725,4.204432,14.30595,6.523964,1.213756,7.645311,0,1.343007,0.318627,11.4316265,0.375677,2.6943455,18.5411785,13.326174,27.972672,0.893769,10.7358465,0.632258,0.022738,0,18.7462265,3.813137,0,0,0,14.131776,0.1860065,296.690236
SHCC272B,0.393807,1.4019475,8.0105735,0.001201,53.5023995,248.7202705,11.612788,0.530231,0.264577,33.7286705,3.017219,16.2533305,0.001601,16.483028,0.397069,18.3360705,1.4388015,0.004386,18.4363485,96.911712,24.187233,27.454729,27.0574575,0.653207,0.695139,0.06427,3.263952,10.527671,0,0,0,5.1120715,0.6805785,2.6753175
SHCC282A,0.027971,2.932729,0.064365,229.475608,26.629363,168.773626,16.8154835,0.037202,5.138775,24.127223,0.3628105,50.501554,0.003214,3.763249,0.015146,9.176308,0.910813,0.555045,42.7235435,41.3460375,1.413121,22.028595,60.827888,0.264976,0.003532,1.516214,2.81806,7.822684,0,0,0,4.497651,0.549478,114.627785
SHCC300A,10.116136,0.9647105,5.846695,122.750019,130.8482625,316.518864,64.358192,0.200165,2.946979,20.6344445,8.460802,2.808258,0,3.11217,0.020825,26.5590155,0.4176275,0.096841,6.3537125,36.6619395,33.5730285,13.934675,31.1780835,0.065474,1.108894,0,11.1998915,20.9806905,0,0,0,9.5824295,0.668397,157.906058
SHCC243A,0.155674,5.751872,6.0406865,1.7949355,46.4041345,237.7249745,38.89486,9.580817,3.906632,19.824032,5.4508455,20.070997,0,2.3782135,0.207478,23.25344,3.2015775,0.4934115,27.9960575,118.8980315,82.29328,52.9164905,41.0406785,0.52492,1.671502,1.374739,2.178905,7.0234625,0,0,0,9.9494155,0.286474,2.4433895
SHCC65A,2.368666,2.952332,43.273572,8.923802,90.06076,246.051433,41.726793,0.165299,0.784003,30.536066,10.441199,0.069145,0.010585,1.008445,0,35.713042,0.668295,1.17e-4,30.011508,28.208579,30.344878,1.093684,6.480417,0.261249,2.006015,0.491628,10.491874,16.831018,0,0,0,18.626023,0.664425,0.022266
SHCC125A,12.8833815,3.610915,2.3005805,21.706878,48.257351,139.7832875,17.2030755,3.413896,3.6047685,16.967757,0.8872335,4.6199335,0,7.241569,0.035766,20.0696995,0.731088,1.218112,16.591068,18.339093,7.808547,19.95171,19.03113,0.30097,0.178231,0.016103,6.943242,8.776553,0,0,0,3.0558505,0.402754,351.3906635
SHCC37A,0.002807,0,0.047843,1.941491,4.400256,34.519404,22.257226,4.383989,0.003903,0.352682,0.452445,41.537266,0,0.222697,0,1.821218,0,9.838682,22.432789,18.923254,12.53198,0.71105,5.582924,0.216645,0.002053,0.203056,1.299524,1.780855,0,0,0,2.603262,0.086074,82.785246
SHCC92A,0.419703,4.124058,3.5639980000000002,1.328497,37.734853,179.421519,37.987102,0.324269,26.22754,19.20213,3.85152,6.922561,0.001638,8.313252,0.003622,17.449602,2.362541,0.359118,22.194592,94.652049,13.519618,25.642037,16.251276,5.00382,6.735257,1.701039,14.030259,3.518015,0,0.002952,0,4.802833,0.436628,50.800255
SHCC199A,2.0284915,0.483816,3.6570555,4.912907,66.854923,270.008465,46.0670845,0.282831,1.066145,16.2062045,8.418741,20.0551975,0,0.780379,0.199084,17.750385,0.6346575,0.245582,24.196387,47.4199515,123.655556,13.2559245,17.3402555,0.6747845,0.68188,2.385905,4.9791055,10.767213,0,0,0,6.100881,1.07876,43.3836425
SHCC60A,2.079103,0,3.692965,9.017827,66.104355,81.24618,79.051352,32.362231,1.12406,2.012192,3.942477,0.057049,0,6.556519,0,6.652565,1.178117,5.197164,21.500924,15.910283,0.350857,0.033322,5.918158,0.056306,0,0,48.279226,4.157682,0,0,0,16.520931,0.439524,150.418947
SHCC254B,0.150744,5.667105,72.866391,0.843773,22.897787,192.450816,22.608695,0.059771,3.132866,9.261297,2.886311,4.337257,0,12.133292,0.052437,22.101271,0.118631,8.24e-4,23.042544,9.787207,58.653998,1.164692,2.815945,0.050731,3.103489,0.005389,6.914991,30.713726,0,0,0,1.223294,0.473952,2.330979
SHCC119A,4.3425015,2.3634545,3.9224495,16.248068,83.399634,381.584305,30.3241395,0.077247,6.2466965,14.8245145,14.600602,15.0934405,0.002656,7.531543,0,17.1180725,2.0960565,0.5782315,7.295749,30.791761,5.774883,4.857854,13.915437,1.681767,0.239076,0.793685,6.25618,25.043395,0,0,0,7.190672,0.828518,2.4169905
SHCC6A,27.642226,13.6527985,50.277841,13.733103,107.2045895,239.4870845,48.428196,0.903005,16.7832175,8.2923315,11.610012,8.818201,0,2.686843,0.010793,24.9297195,3.1283075,2.8480755,6.769725,18.2234635,14.5957275,0.006181,44.6070655,0.11999750000000001,0,0.085974,1.75274,26.1885395,0,0,0,8.071289,0.288037,302.373785
SHCC289A,1.258106,10.30756,0.668342,12.110211,42.285949,223.967782,10.53286,3.881791,0.078299,30.524077,6.374874,37.871738,0.064935,7.386408,0.053833,23.312379,2.221132,0.098773,13.676212,112.063578,36.424403,34.659562,46.36112,0.899773,2.019314,0.112314,3.972211,30.270982,0,0,0,8.570621,1.335746,30.574751
SHCC151A,1.832535,0.1862,2.60155,16.00893,35.021308,95.857796,72.714253,2.75607,2.494623,15.76631,5.184731,12.803361,0,2.31675,0.008093,21.543492,0.305471,5.560466,19.230506,21.953034,74.779961,26.535497,35.143613,1.40932,0,0.002457,1.505965,11.360906,0,0,0,0.94429,0.315579,19.516818
SHCC104A,12.331128,0.037054,5.503347,10.015492,71.68417,206.581232,132.433116,0.037579,1.165954,12.191364,4.355596,153.60894,0.021657,5.396993,0,24.772344,0.972249,1.189934,2.633793,15.471813,46.101065,1.672304,8.003609,0.271386,0.169729,0,5.994183,20.411957,0,0,0,6.069246,0.109386,111.748549
SHCC242A,1.41489,2.333574,6.987413,1.605818,59.523587,298.1990255,30.597278,0.148847,2.127647,20.7648475,9.535256,10.1363365,0,3.441832,0.180199,60.7252625,2.304206,0.1779645,6.774119,98.2506835,119.067953,4.239132,20.194961,0.12139,1.392996,13.10393,3.120642,9.3830025,0,0,0,6.0223285,0.691538,11.8392565
SHCC21A,0.057248,0,0.014231,15.994731,11.815347,17.277734,27.036566,0.008507,0.71324,1.522565,0.997689,4.848014,0,4.1841,0,1.435517,0,3.754011,14.117322,7.313297,0.702456,6.557708,6.745694,0,1.323596,0.006687,1.386822,0.612919,0,0,0,52.942861,0,699.936058
SHCC134A,1.451115,0.939372,0.3305215,7.175236,65.062438,121.238662,28.726812,2.007036,0.637308,1.506155,6.4530255,21.201264,0,0.785368,0.115019,2.711163,0.294551,3.0855725,1.939923,20.1792275,6.996777,1.148742,4.912059,1.988543,0.351414,0.6435095,9.611252,4.915388,0,0,0,31.7152325,0.090567,411.833595
SHCC202A,0.7112325,2.835537,6.1878135,27.0627585,23.5927795,177.662759,26.5330525,10.889181,10.983864,16.3905805,4.3588145,0.7813815,0,27.3555895,0.061973,23.517481,1.363845,0.048994,36.6832485,103.8518845,15.5452405,87.7328165,27.942147,4.3617195,0.8853945,6.78e-4,4.17989,15.862548,0,0,0,3.187537,0.325028,57.944867
SHCC146A,0.737356,7.337591,0.8292035,0.6566345,22.5859155,177.452629,26.756943,0.039251,0.847642,14.7896575,9.783726,7.668289,0,3.1076735,0.009075,24.1086305,1.270413,0.57198,23.564573,54.1028355,13.616075,15.193702,29.9214785,0.672643,3.081256,0.803729,4.3545325,8.755013,0,0,0,4.047595,0.155765,80.7248985
SHCC17A,17.007767,0,14.135395,25.7362505,60.193934,300.2538285,37.2934025,3.527125,53.07756,7.6086705,1.824258,0.8787795,0,3.4582815,0,20.25981,0.203815,0.743139,20.090739,13.369247,134.005911,7.715146,6.2145615,0.400595,1.61e-4,0,6.952684,8.797694,0,0.006503,0,2.507479,0.57746,172.667603
SHCC19A,0.15031,0,0.273211,11.695338,10.276254,31.996903,18.742598,1.629868,3.810724,0.322016,0.32843,2.906167,0,0.149544,0.001414,6.111435,0,3.512726,46.179486,14.632111,18.405991,0.479815,7.480471,0.106749,0.005824,0,1.517489,0.613114,0,0,0,1.836941,0.010473,788.471228
SHCC164B,2.65993,4.267057,34.815697,13.315563,40.524828,155.004161,51.418931,0.150104,2.511999,13.42718,5.644976,45.637059,0.001741,27.844408,8.32e-4,20.847046,0.597405,0.004965,22.629842,24.583903,44.409062,3.222283,5.323307,0.071028,0.15243,0,5.004319,24.287977,0,0,0,2.336752,0.778409,121.903154
SHCC176A,0.6638725,3.921895,0.500092,1.204425,30.1668725,126.1505525,17.3559955,3.54298,13.3544485,13.096488,1.84055,76.5091855,0,5.080554,0.004113,21.950377,1.0339155,0.984659,22.8011615,44.9532085,10.010677,7.976893,17.629153,0.339542,0.736751,0.182116,6.203157,7.6563525,0,0,0,4.1058675,0.109224,143.4755655
SHCC126A,5.962759,3.204077,14.118087,2.202732,36.64118,287.065635,35.349125,0.250996,1.308362,28.806164,11.110925,16.811114,0,4.795452,0.025439,40.318617,1.81796,0.351804,14.191713,85.603107,53.885932,20.601933,22.519013,0.181874,18.037348,25.043255,14.870947,12.188921,0.006606,0,0,4.07108,0.523942,60.056649
SHCC236A,9.5082055,7.8837015,2.3212195,0.709967,60.364569,165.7291545,30.759101,8.911284,1.720321,28.9694475,28.855187,24.352428,0,4.285131,0.020648,13.434763,3.7472345,0.098568,20.915198,55.1032235,54.482343,10.2108105,18.093903,0.136976,0.506804,83.963903,8.001372,8.9950205,0,0.01006,0,43.2865375,0.6763735,129.7195995
SHCC124B,9.8062365,1.661912,65.555127,23.4561175,95.270571,368.299884,46.899076,0.068377,16.213607,19.158707,4.394368,8.706638,0,3.2062515,0.010911,29.471439,1.3105525,0.023951,27.312259,12.3458065,30.357145,0.9146465,29.417044,6.858698,0,0,7.4822915,20.6754085,0,0,0,7.8500914999999996,1.7670285,4.6760255
SHCC179A,7.24044,19.5277675,4.753091,11.516884,26.893332,250.890456,30.7927695,2.617305,4.371737,12.3262965,7.2678915,94.917248,0.10271,1.070969,0.9218835,10.2812915,0.141389,0.205114,38.8415095,35.181671,9.8504705,86.3976785,13.923944,0.271829,0.19963,0.082358,4.024034,54.14053,0,0,0,12.2329605,1.006044,96.852453
SHCC216A,13.0335545,0.5764105,1.4323145,2.630954,52.7737065,243.914933,43.637308,0.046953,32.144615,12.170485,7.429229,0.70286,0,4.11667,0.004994,12.997461,0.945673,0.553749,3.102916,29.530954,74.064507,10.6156975,21.8995835,0.730787,0.277231,0.0938975,12.668483,11.4925795,0,0,0,5.908301,0.548205,329.2652095
SHCC238A,4.701681,5.688942,4.809677,2.723022,30.2593,150.161508,8.955912,1.059125,0.975054,39.762336,67.553095,13.527174,0,4.786368,0.028914,7.31124,2.315987,0.004294,13.806693,70.854244,6.513939,5.71103,20.271328,1.189277,0.573404,29.875057,5.323862,7.017645,0,0,0,10.208876,3.667281,74.706638
SHCC222A,0.488191,0.03519,1.739474,9.437896,43.483322,193.249867,46.334538,0.025524,3.428834,12.634892,5.829555,2.561704,0,1.324682,0,14.860736,1.819087,0.730963,38.605494,40.603888,91.260071,18.318539,26.769792,0.958614,6.558676,16.410439,2.265294,6.873981,0,0,0,10.222288,0.612207,152.133228
SHCC279A,0.11295,1.4041095,0.404243,0.005675,57.661458,236.632443,4.8241585,0.03293,54.443733,18.565974,12.549463,2.2087305,0,7.3437475,0.004944,14.4216335,0.4262415,0.03067,35.445076,89.2221775,3.863792,5.60706,39.3560755,0.154909,5.0615585,101.602925,5.1746535,5.965736,0,0,0,14.495011,0.736335,52.094396
SHCC186A,1.535387,2.24787,1.820981,1.251599,28.937502,212.849841,12.251565,4.74222,0.015342,24.929339,8.795588,21.291528,0,5.448883,0.01068,24.438932,0.417172,0.389996,17.706679,80.631481,114.073701,9.379354,22.385655,0,1.10543,2.125908,1.071949,14.805696,0,0,0,4.512543,0.141772,89.943816
SHCC73A,0.087129,18.670613,26.894008,0.397769,21.448791,197.76157,11.57547,0.435833,11.349093,17.271614,2.492666,7.378948,0.048805,12.960251,0.015938,29.032198,1.65603,1.63334,27.859851,41.913524,5.923872,23.229493,12.610186,3.265562,0.149479,0.035409,6.207751,24.713679,0,0,1.47e-4,4.840968,0.263105,12.561085
SHCC209A,2.19833,8.677735,4.628241,1.690743,71.867373,195.739199,39.33202,0.014618,1.676973,10.187118,1.895974,95.340942,0,0.415651,0.09752,10.308124,0.403934,0.677444,10.916272,50.287501,26.852701,17.20029,7.789786,0.019998,0.464578,97.469311,3.740476,10.378464,0,0,0,2.866464,0.441633,179.112194
SHCC231A,67.047164,2.723881,57.4318365,0.001014,115.4584045,419.3722665,2.01627,0.012022,7.0313315,25.91346,0.032286,43.716996,0.731482,0.020711,0.532601,1.654922,0.460197,1.695957,12.1905235,8.646209,0.317612,6.85e-4,0.166661,0.87256,2.85e-4,0,19.3195885,76.00789,0,0,0,0.802742,0.025555,0.8378435
SHCC138A,15.4347605,6.9462955,22.132181,24.6047345,99.143331,390.326971,71.6494945,0.020523,0.8107875,11.983407,9.376564,36.513749,0.00272,4.382623,0.05736,17.407535,1.680651,0.4970115,21.0975505,19.872519,39.871195,1.011895,13.872584,0.1538475,0.357938,0.039023,5.6207965,30.754426,0,0,0,11.9384945,0.951707,14.1857575
SHCC142B,0.027762,18.822226,14.700039,0.023502,57.353133,165.036364,13.814068,3.530498,0.015083,18.97566,16.285881,4.543646,0.021424,9.376767,0.037128,14.334418,1.233013,0.019338,27.199892,15.618783,9.682505,38.620722,6.798373,1.033015,3.989907,4.200454,6.579907,9.084338,0,0,0,3.156539,1.277977,57.240498
SHCC286A,0.148598,0.004483,1.497113,7.733848,17.64965,98.953863,24.417657,0.131862,4.265666,5.707541,4.741857,28.039226,0,1.488813,0,4.445574,0.382235,1.152922,13.923679,21.998998,2.064442,3.685163,12.020864,0.112157,2.36e-4,0,3.214416,6.193453,0,0,0,16.823435,0.155942,730.550513
SHCC133A,0.001871,0.190492,0.078932,39.573142,55.183999,122.001784,34.222881,0.01264,2.79882,6.293425,2.984014,20.430464,0,6.18162,0.001979,5.92527,0.489275,8.284766,19.660904,31.60034,23.6563,25.170968,24.269658,0,54.570783,3.814399,4.842384,7.888281,0,0,0,0.794571,0.344579,186.59744800000001
SHCC263A,0.5452755,2.2772405,4.641645,3.5055825,18.3265625,160.412711,48.630032,0.897952,0.6234755,16.22406,9.095516,62.3520925,0.003747,8.841565,0.036402,12.4671515,0.377822,5.29e-4,91.4888185,18.4948195,35.796703,49.4694095,5.230841,0.058331,2.175165,0,5.7995405,17.2416465,0,0,0,4.5462,0.335509,125.465043
SHCC99A,2.2262645,6.316711,2.831981,4.941091,62.504343,271.2353395,12.9724265,4.468503,0.8481455,21.5119755,2.755635,2.560338,0.002645,5.004497,0.040149,64.17923,1.7477255,0.343687,21.410261,67.7123745,34.496795,23.2924405,28.081822,1.875115,5.903556,14.693491,2.5443675,4.5427935,0.001814,0,0,4.943434,0.214318,58.394785
SHCC55A,0.4873385,1.7864135,1.8139715,18.504415,50.240585,220.494932,18.657132,8.135032,1.949144,11.715793,18.32592,22.320451,0,1.464054,0,19.3266535,0.492995,1.625091,17.632402,34.1464325,36.355278,34.435779,18.0333,0.6894535,0.006806,0,4.15823,11.789433,0,0,0,2.47703,0.396218,156.8754325
SHCC25A,0.9298935,1.517051,5.88357,2.476743,41.71609,163.88798,48.728014,6.054884,6.2064345,14.081085,8.108989,0.032062,0,9.429168,5.52e-4,37.4188785,1.930858,0.014598,41.777597,59.276237,70.92086,27.965169,39.947835,0.251582,0.364573,0.029526,8.0939925,14.9633115,0,0,0,5.9110505,0.352391,75.1970335
SHCC149A,1.92264,6.520893,9.741321,50.081711,102.239236,325.943218,49.723019,11.530244,0.726635,24.903698,2.239456,37.669029,0,2.577729,0.001668,33.874905,1.973423,0.019539,21.567089,15.271517,93.292478,9.174203,38.789064,1.314769,0,0,12.756676,15.497,0,0,0,6.687619,0.370426,3.917267
SHCC232A,4.560493,3.721662,1.538134,13.143137,51.710322,200.458479,25.038768,1.004043,4.096979,19.699043,22.366999,9.064624,0.034071,1.087069,0.071697,28.438159,2.499129,1.952499,27.12357,70.657342,45.23051,27.748021,14.348914,0.04028,6.467749,2.197297,5.196516,15.018062,0,0,0,9.364483,0.445234,52.462348
SHCC154A,0.253164,1.773308,1.313918,8.174287,27.989598,119.613938,44.02715,2.065731,0.018652,17.438668,11.189229,14.06721,0,1.879383,0.004746,41.707006,1.648568,0.775326,16.62615,30.396854,35.1992,41.249474,25.297382,0.208124,9.207588,6.133904,5.066321,11.952253,0,0,0,2.575862,1.675467,167.808855
SHCC101A,1.140338,0.148468,0.645794,0.956377,18.753443999999998,143.143069,48.710806,0.633765,10.04077,5.180464,9.082348,7.744942,0,4.346267,0,10.590766,0.66733,1.641944,21.680311,79.557138,4.976432,1.485934,12.658278,0.069384,0,6.583434,1.663234,5.332001,0,0,0,5.698292,0.502291,384.116376
SHCC184A,4.385982,0,23.738899,5.281538,35.18392,230.651877,21.291438,0.169592,0.516438,10.72669,1.534597,2.010196,0.003182,3.870508,0,17.67728,0.110761,0.292423,21.146464,21.391061,64.799513,1.74563,19.632607,0.191278,0.769798,0,8.395747,21.694994,0,0,0,5.186751,1.397296,169.095831
SHCC162A,4.005788,8.146975,1.798517,11.397426,71.23196,284.255059,57.562776,0.031747,8.36802,19.172724,9.266621,1.787353,0,10.048018,0.061927,32.360219,1.849696,0.062589,3.2197,97.921933,157.159911,15.324215,25.529721,4.018383,2.273305,8.55e-4,9.956271,12.82313,0,0,0,8.487268,0.476144,33.46159
SHCC183A,2.458136,0.771196,1.848959,20.002393,12.088797,133.688478,73.056696,0.009113,0.178828,4.951783,15.885282,2.872037,0,4.735259,0.014033,11.483842,0.465966,1.214155,20.153774,37.331335,12.213763,8.096089,41.025545,0.143353,0.368957,0,11.072567,5.930201,0,0,0,20.999356,1.001682,473.100107
SHCC115A,0.431165,2.083944,1.282125,0.529487,13.585085,149.155642,18.014706,0.998114,28.947843,12.586578,1.776557,102.935551,0,5.665865,0.022063,26.335708,1.354631,0.808903,31.121154,52.019437,3.445813,25.971223,30.007126,0.410007,1.268741,1.30601,2.525627,7.663012,0,0,0,2.290335,0.266072,187.559707
SHCC172A,0.361766,0,0.003607,11.264495,5.46146,51.242621,6.086889,2.884436,6.654207,7.258991,2.983239,8.1699,0,3.968444,0.002163,5.953542,0.231367,3.79992,36.718611,19.478524,5.706944,5.140941,15.917824,0.311817,0,0,1.341007,4.46574,0,0,0,59.396943,0.056502,403.669512
SHCC193A,2.972773,3.747137,5.209073,3.49083,12.710187,226.816527,28.497788,0.014675,0.351531,12.702029,7.239497,8.188275,0,4.67389,0.003498,43.360466,1.412218,0.11765,21.74156,72.464607,41.916277,12.9357,39.51201,2.333787,275.240781,0.014909,7.323218,6.72462,0,0,0,2.72705,1.210507,95.545024
SHCC228A,8.167699,9.3479105,18.617346,40.4096325,54.9978235,275.606015,20.4358975,7.011719,5.07928,23.570216,18.6174715,38.258832,0,6.2609795,0.032261,23.2946425,0.9639655,0.071383,8.3851245,42.573396,28.799141,49.228139,11.607339,0.017018,0.740224,3.648237,6.155691,18.884758,0,0,0,11.082996,0.71398,47.3390335
SHCC58A,0.9348095,9.2804825,2.1063615,39.990866,22.7710685,270.558382,40.708105,1.399849,1.353447,24.209846,0.833787,28.8041325,0.006205,3.655776,0.014566,40.798151,2.2680905,1.024587,4.9194995,55.620564,40.058921,3.350004,32.006939,2.011653,0,0,8.063043,12.0722115,0,0,0,16.464809,0.872289,153.1581345
SHCC204B,0.4179915,3.5661645,1.823576,3.466523,65.6689945,275.982347,41.50576,3.532641,1.328415,11.829929,4.982748,13.361459,0.025468,0.699576,0.16432,35.166696,1.900264,0.015491,43.9541155,74.380337,54.397345,20.705777,30.2070645,3.654202,0.19607,25.362155,12.881726,7.745779,0,0,0,3.869968,1.884561,45.684045
SHCC226A,35.047295,7.341417,23.655565,0,122.187742,556.86071,2.440208,0.01031,0.040229,9.843376,0.005762,83.064144,0.453969,0.446107,0.168611,0.02417,1.065525,1.624036,0.082829,2.125719,0.115851,0.007774,0.136252,0,5.02e-4,0,9.345532,59.878429,0,0,0,39.086904,0.210331,0.670087
SHCC97A,2.086413,0.021203,2.55521,7.617112,62.671408,279.291885,45.193574,0.011395,0.170815,5.464878,10.650814,3.428905,0,2.258647,0,7.738882,2.455602,1.730517,1.131656,22.155238,13.347253,14.592455,9.760293,0.16818,0,0,6.786417,11.304749,0,0,0,4.981825,0.81602,236.192816
SHCC224A,1.5601535,5.873546,3.942548,2.969334,50.6414685,217.1887295,29.1412245,0.035604,0.076861,13.508585,1.548989,2.207815,0.015186,14.612922,0.061473,15.4510645,0.811566,0.7660445,38.452011,50.7534655,7.492059,7.899984,38.314727,0.040646,0.347196,0.009631,8.0396875,21.12639,0,0,0,11.7116335,1.197979,55.892328
SHCC38A,5.603777,7.789452,5.731588,1.07167,83.633386,253.863272,36.132067,0.105084,14.765906,21.434807,2.987753,6.879965,0.11739,3.082988,0.035101,28.482711,1.012587,2.943833,16.585522,39.8172,11.828383,0.803112,19.940761,0.872043,0.507386,0.312255,6.231077,8.869196,0,0,0,6.98862,0.761255,61.162765
SHCC273B,0.073932,4.540063,13.858617,1.00235,63.602654,177.848036,9.493057,0.671894,0.334571,16.940796,3.592705,1.511412,0,9.833277,0.002748,15.508128,2.874982,0.001716,47.520733,37.389455,9.757316,26.070629,11.955072,0.137669,0.023523,1.882696,3.748366,2.581809,0,0,0,3.821789,0.079169,112.640765
SHCC269A,3.2931315,0.033102,39.348811,14.05404,44.6550535,137.2339435,20.2075215,1.802618,4.030081,7.705775,0.745284,218.562919,0.009759,3.783532,5.268678,8.7944495,0.4556775,2.868048,28.077102,14.0194755,20.663765,46.464457,12.8469935,0.164439,0.044731,0,6.312516,14.406723,0,0.028434,0,3.1030675,0.429067,327.728176
SHCC56A,26.2991915,0.177567,14.247979,11.243117,44.708715,249.1118415,31.612576,2.088445,2.5879085,13.684257,1.308318,9.4960635,0.043912,22.088713,0.235399,15.6257955,0.3688005,0.038816,27.4198255,29.0004405,3.872448,0.664324,27.125598,0.360491,2.1264765,0,21.4559845,19.751181,0,0,0,66.736248,1.7315135,370.52664
SHCC14A,7.459887,0,2.085716,0.004557,13.740309,40.272785,4.508753,0.003768,1.16e-4,0.969979,0.195571,7.375005,0,0.003048,0,2.25619,0.09894,6.145906,9.97723,0.904067,12.318461,0.153826,3.260631,0,0,0,1.06676,2.150005,0,0,0,0.104913,0,1057.940811
SHCC233A,0,0,0.080499,14.400943,8.664369,30.20316,9.393275,12.661924,2.669203,0.610736,10.497741,0,0,0.210172,0,1.395378,0,5.996591,13.471693,12.272979,22.691602,15.81135,4.468109,0,0.001679,0.221038,2.178829,0.515143,0,0,0,13.210957,0.120436,463.27947
SHCC259A,0.003034,3.1694935,1.519459,0.001181,73.287419,139.3203635,3.385204,0.486497,0.555146,11.924994,3.4490735,1.57178,0,0.126826,0.014514,13.680852,1.2552145,0.3909915,26.7654715,70.7721625,12.042892,12.4620625,64.84206,0.005114,0.373083,0.596902,2.948588,3.944917,0,0,0,4.2812835,0.990147,46.451632
SHCC67A,7.0402365,1.0325325,14.323334,0.679977,88.74968,295.791575,36.0861165,0.322843,11.930914,14.0970185,7.249312,78.699439,0,10.3598385,0.025816,13.899677,0.739779,0.6498755,29.826328,27.175078,31.6498655,2.055867,9.9933625,0.710723,0.726177,12.256565,13.0215495,12.4082035,0,0,0,14.39609,0.489435,61.2581535
SHCC221A,0.09067,1.60465,1.137433,1.865686,17.178943,195.074724,8.36515,0.340174,11.825681,24.323672,7.574444,7.291303,0.001693,8.998112,0.003293,32.699275,2.034989,0.421797,44.103324,94.221824,15.526632,8.854933,72.435847,3.018057,1.040477,1.063279,2.6860560000000002,5.256971,0,0,0,4.190302,0.333964,156.506416
SHCC77B,2.839239,15.459934,14.285906,2.703808,51.375961,248.84865,53.869772,0.027169,16.172949,18.59642,4.957337,3.059842,0.123926,2.486938,0.111853,22.697212,1.761836,0.053592,18.811732,36.847781,72.249584,29.544968,9.251864,4.830324,0.076255,0.002515,5.261723,10.840644,0,0,0,19.727831,0.915286,194.386765
SHCC260A,6.22129,2.237239,63.585697,1.230702,68.132266,197.013177,60.332652,0.450158,7.051649,34.489336,3.252254,3.216912,0.004202,7.461423,0.092427,5.914777,0.98462,1.400041,40.932656,31.147589,0.800386,11.490429,11.464037,0.190635,0.024261,0.180362,18.137797,17.307543,0,0,0,1.95309,2.046033,330.455659
SHCC96A,0.081622,3.378744,1.0834655,1.634326,70.4016105,238.556667,15.283655,1.396931,5.902025,2.8371555,0.177885,53.242298,6.278772,9.9143295,0.832873,3.348851,0.2689385,2.985524,12.647138,33.4173565,46.991405,0.003493,2.291576,0,0,0,1.451266,7.3673445,0,0.272526,0,0.377471,0.07677,405.040335
SHCC105A,0.886195,2.336647,0.772858,7.043708,46.46963,188.019928,6.416271,10.039581,0.14304,24.359078,9.621284,42.706856,0,11.031117,0,41.093859,2.307552,0.67114,6.394599,48.96408,11.239351,5.107482,39.408626,0.085348,0.044881,0,4.639928,11.962114,0,0,0,4.668633,0.236299,4.671049
SHCC200A,0.700244,4.577056,0.088923,1.165073,9.967054,163.031051,7.6385345,0.330761,48.54599,6.978027,0.760895,90.3011995,0,15.5162635,1.254602,15.2419805,0.4702455,0.6982875,25.505179,60.926011,5.7486005,6.057152,22.3569955,0.725346,0.110533,1.694212,3.3539155,7.5105115,0,0.001984,0,2.5496905,0.250732,301.583802
SHCC118A,0,0,0.015107,0,0.368869,3.847497,0.003726,0,0,0,0,53.450112,0,0.018946,0.038189,0,0,19.145651,0.006891,0,0.056014,0.024026,0,0,0.001595,0,0,0,0.291273,0,0,0.002421,0,17.892546
SHCC147A,5.0374075,2.445708,5.560777,15.571771,32.033408,352.3542605,95.7271055,0.015648,43.4838405,11.6853795,0.236232,16.6789315,0.00201,23.511086,0.072312,21.535136,0.8793715,0.849615,16.9611355,9.5232995,0.118694,9.627713,10.3433345,1.147033,0,0,11.795548,17.577072,0,0,0,9.468157,0.587576,15.202668
SHCC4A,1.868979,6.71533,2.107104,8.302659,103.599455,261.773904,64.156273,0.093209,24.165575,24.5996945,1.916687,0.048854,0,10.442196,0.178637,44.917113,2.0412255,3.98e-4,17.746735,82.0583315,17.5175415,3.632679,14.23717,0.2643355,1.98994,10.427183,6.6629575,18.01886,0,0,0,5.157914,0.60107,2.8831585
SHCC175A,5.429394,1.708096,19.250644,3.609843,145.798497,318.496545,51.335247,0.033394,1.717273,14.103379,23.154768,10.5500875,0,6.145272,0.012134,13.9053715,4.542925,0.0171,21.360134,22.8599925,18.822934,12.7634785,18.2856395,0.665289,0.101412,0.5064155,9.125167,16.167474,2.81e-4,0.138796,0,24.823986,0.473967,93.1625005
SHCC120A,3.6892135,0,0.082881,0.00334,14.291746,59.956005,3.175879,9.19e-4,0.323133,0.015221,0,18.6126595,0.017883,1.947432,0,0.00263,0.9766595,8.1338265,0.027697,6.004596,0.186884,0.015327,10.833943,0,0,0,1.696004,3.3775665,0,0,0,4.938008,0,799.642224
SHCC89A,0.059614,1.9578185,0.300708,1.667464,35.234196,234.4544985,12.6650275,0.743258,1.000285,18.031362,7.858809,5.833158,0,15.380101,0.002286,13.5451615,2.6355635,0.7070215,13.541357,81.884147,6.713057,8.9185965,16.7395785,1.3288645,0.5696535,53.203121,1.937408,2.497346,0,0,0,5.4519355,1.888304,167.879367
SHCC45A,0.671091,7.378435,8.279137,1.257834,23.015625,152.016964,14.193014,1.067894,0.229391,21.025996,1.582392,0.067705,0.020104,1.859417,2.4e-4,17.426454,2.058315,0.001861,24.965276,29.044094,31.946047,22.552329,23.043827,1.110659,5.679525,0,9.149978,14.079109,0,0,0,2.751133,0.719315,103.350623
SHCC159A,7.80875,0.152582,1.216726,12.32449,38.991155,218.14165,40.092425,2.164717,0.353394,4.772938,7.672812,0.243112,0,5.63845,0,7.588247,1.599476,1.465033,9.34841,20.073335,116.483351,6.762815,15.022375,0.446254,0.141707,0,6.811165,7.448377,0,0,0,8.638394,0.246633,367.666873
SHCC161A,0.1745065,1.20628,1.3604605,5.540203,18.144899,140.310122,47.4101765,0.017923,1.483886,12.272677,4.339549,3.166726,0,0.948903,0.001218,22.689412,0.667873,0.694041,21.164105,33.9874285,78.412474,2.655796,13.082425,0.394001,9.54869,0.046234,3.596935,5.8938605,0,0,0,5.821933,0.603824,258.0782945
SHCC51A,0.9877935,0.988785,7.619425,39.2645915,42.334579,235.4650595,99.6339955,0.194276,2.587106,21.3813655,5.905334,23.2189295,0.003878,3.382695,0.00591,37.511444,1.478461,0.00167,45.787243,55.2293485,107.049068,30.3559755,36.200079,0.4929165,0.141652,25.421767,7.017344,13.623728,0,0,0,4.8026665,0.319953,5.673075
SHCC213A,2.387902,0.14663,1.8946,10.586558,30.47184,143.4844745,22.941246,1.040333,3.341743,29.0230685,11.908418,122.227158,0.008424,6.0112605,0.030135,22.592453,1.8111235,1.0379115,24.479175,34.440611,10.460567,7.7904225,22.586291,0,2.269024,2.084217,6.330934,18.6473475,0,0,0,2.806783,0.6332345,117.248823
SHCC203A,0.258546,0.00287,1.118636,1.642218,16.518339,138.4408335,13.273654,14.181403,0.153536,11.497361,2.386642,1.793183,0,0.943275,0,9.1867815,0.5328805,1.007091,38.179597,36.479515,9.334124,10.1432785,44.715217,0.353438,0.217919,0.9342765,1.626613,2.1003025,0,0,0,3.798483,0.178208,319.856081
SHCC262A,0.4119525,1.918167,6.32177,4.925084,120.81946,352.389837,16.63656,0.107802,2.71395,16.573485,20.5245645,4.0944015,0,6.934154,0.787761,61.3925315,2.026233,1.334326,15.632872,87.0656285,16.228511,12.908927,44.166327,0.21517,0.007267,0.5088765,7.9620305,9.235403,0,0,0,4.4826,0.221489,30.495012
SHCC29A,0.2127385,5.36777,4.794043,2.055641,13.761446,103.9019835,37.829282,0.925785,0.065165,10.3546535,7.360656,2.000111,0.00477,1.13535,0.002621,30.052896,1.3647275,0.030948,33.4036095,31.475895,18.1623635,13.633288,16.3053085,0.409449,0.9897015,3.753851,3.2923265,4.9923255,0,0,0,1.9888945,0.135209,39.95488
SHCC111A,1.515292,3.774841,2.552751,19.21017,32.995072,241.925643,12.072131,0.365711,0.466582,32.26677,21.994687,64.945431,0.071899,0.645635,0.079956,16.692117,1.671971,0.03484,14.503827,48.151671,25.208025,5.911585,14.669423,0.276455,4.122429,11.670988,5.075633,6.853722,0,0.019544,0,7.346804,0.178071,104.994876
SHCC270A,1.880495,2.5551565,2.88303,31.619965,76.898968,245.4687595,37.282316,8.093533,35.350768,28.837663,5.5880435,106.385382,0.030593,4.584119,1.659569,25.2044765,2.7533235,0.074337,18.8976295,57.768392,86.834159,18.4052735,11.870292,0.044615,0.205153,0.3064405,5.332517,17.9211755,0,0.007657,0,8.9913455,1.3776405,10.015399
SHCC129A,1.853398,0,2.278835,0.147464,17.727793,50.261274,1.301351,0.004109,0.014931,0.650526,0.161681,6.857643,0,0.021969,0,0.381117,0.49807,8.641336,9.088761,3.307701,0.967631,0.003445,1.382437,0,0,0.198569,1.348522,1.487534,0,0,0,11.669251,0,296.108947
SHCC80A,1.014561,0.0355,16.3602375,9.591767,94.238741,288.9841265,38.0751465,0.027287,15.5185235,6.5151215,3.4343015,309.2269095,0.005825,0.773172,0.222631,12.0462065,0.4419025,0.282039,28.867457,15.7335475,16.922681,8.378338,6.939282,0.792254,0.044832,0,6.5956775,7.749316,0,0,0,6.2908245,0.050323,303.897096
SHCC239A,1.232186,0,0.493245,14.838786,20.105732,53.274575,8.67089,0.841325,0.570934,2.612531,0.648564,0,0,0.662704,0,4.026131,0.021673,3.569308,27.205586,5.922516,3.954486,2.778491,4.078418,0.028609,0.059154,0,22.880185,0.39211,0,0,0,4.771237,0.203509,700.077248
SHCC197A,1.626592,6.814918,5.35539,3.712134,124.98214,309.613982,29.108698,0.118968,4.201958,21.370407,15.838782,1.841206,0.052768,3.94323,0.337895,14.421036,1.657222,0.045441,26.733151,37.033904,69.384255,4.015118,14.16171,0.026164,9.820272,0.395077,10.91374,8.813016,7.9e-4,0,0,6.143319,0.89533,53.025204
SHCC10A,0.608458,6.726055,5.836628,51.08797,39.045738,194.323552,13.221271,0.38397,3.378037,20.241538,19.146509000000002,1.934311,0.014208,8.57874,0,19.114538,2.782599,0.197609,7.680835,53.746055,76.38189,25.699313,24.433833,1.409089,4.21101,0.319886,6.536244,6.427618,0,0,0,8.38065,1.976654,17.52404
SHCC11A,2.867355,26.576612,19.236138,13.423041,93.86694,213.820199,38.154217,0.161906,2.271278,15.146193,5.376936,3.709253,0,5.934735,0.553913,21.380082,2.805545,2.240238,15.28002,52.077799,36.453563,3.297727,11.493028,0.480066,1.29702,0.873986,6.063158,8.621809,0,0,0,18.641876,0.744106,269.70553
SHCC70A,0.638859,0.00377,0.899521,2.774415,45.132116,182.7338755,23.533601,0.23889,6.94618,13.5792755,0.9849445,5.555181,0,5.998119,0,13.9676555,0.2260575,0.688643,24.184612,67.4377935,28.36523,12.749714,33.052467,1.137363,0.392469,0.152546,1.691569,5.5080045,0,0,0,2.878774,0.283114,147.865749
SHCC187A,8.2140735,0.0978105,1.2018315,1.3691405,64.558433,196.4512835,41.081458,0.169515,5.851975,14.672214,9.1880065,3.2330915,0,5.597653,0.455503,11.1254945,2.173334,0.700621,5.492015,45.215979,10.846308,1.2112289999999999,23.3472335,0.251832,0.473332,0.040171,7.0123255,6.261073,0,0,0,17.9136655,0.746394,221.437274
SHCC281A,7.4055855,0.034261,0.260154,15.840966,142.5238795,413.1713745,122.963525,2.916904,3.1560415,30.5460985,0.011827,17.0690395,0,32.762091,0.002675,3.81883,0.619265,0.2376825,13.7795605,32.797414,0.666477,0.014438,20.716185,0.003902,0,0.006989,7.9900855,27.662669,0,0,0,23.906104,1.98457,79.536265
SHCC137A,0.0880915,0,2.5828595,139.348058,54.800834,151.538861,96.559836,1.778743,0.238269,22.132344,1.252063,44.558771,0,40.865423,0.5215185,8.0276,0.353153,0.9761775,39.883733,48.6311595,11.301403,2.616283,36.9715225,0.061305,2.24693,0.323823,8.7932105,26.5678265,0,0,0,3.328738,0.272821,90.471093
SHCC299B,0.008807,2.452454,0.711078,9.546772,40.762292,175.940644,6.561127,0.837805,2.133485,14.538403,7.546176,2.09143,0.008432,0.418935,0.117534,15.879416,1.239877,6.17e-4,86.396856,51.284528,5.906949,15.299057,20.036393,1.681668,1.508943,24.128217,2.426147,6.671284,0,0,0,5.594408,0.354069,84.429749
SHCC34A,0.0722825,1.320274,0.253795,6.357202,5.4182665,32.9729485,7.552376,0.227003,2.0792175,1.440733,1.7573795,0.187832,0,2.6329805,0,5.334993,0.33923,1.1855985,8.976117,15.395726,4.169938,8.5558135,6.8123865,0.321241,0.975509,15.337751,1.108131,0.885548,0,0,0,1.501049,0.138735,612.506082
SHCC288A,14.030632,7.505175,19.270305,12.873998,100.0063095,284.32162,64.7335805,0.492957,0.23351,19.8019385,15.190275,12.6686625,0.155639,5.2837395,0.378586,18.797548,0.8117725,0.00114,6.969201,24.853551,17.7509045,11.836761,12.866121,1.989745,0.157609,0,10.8418755,24.46808,0,0,0,12.150833,1.220298,25.336709
SHCC255B,0.329948,0.11123,0.009081,4.180831,37.23997,68.054168,21.206776,45.629294,0.005484,13.256922,0.119379,1.60878,0,4.762335,0.022875,2.206554,0.063986,0.3887915,99.4558395,60.278908,1.583044,18.628217,59.352938,0.063181,0.875247,0.655446,10.578211,7.916597,0,0,0,4.4871945,0.746968,334.390936
SHCC198A,0.281734,0,0.263335,9.342789,16.316059,145.634962,17.712886,0.071351,1.064218,4.576725,10.227221,0.786001,0,2.527947,0,12.887373,0.206848,2.25647,23.984354,33.371387,82.661685,3.153148,11.010797,0.151206,0.222321,0.198481,3.265481,4.825157,0,0,0,1.835806,1.03039,332.530814
SHCC253A,25.145962,0.010022,27.0157905,0,234.616117,382.6841065,87.535691,0.04097,2.8548955,15.819526,0.007847,28.5444255,0,36.3242185,0.05072,9.504289,1.582037,0.7311625,7.207762,23.466597,0.236454,0.002197,2.0394385,0.039569,0,0,11.6766325,22.70192,0,0,0,31.4539185,1.158591,4.034681
SHCC249A,12.067284,23.77078,44.850012,3.258211,92.994198,413.622358,67.090458,0.017272,0.986709,12.966952,0.058515,24.692072,0.016531,27.511071,0.545668,2.604765,3.426153,1.465453,6.395828,24.728229,0.990742,0.012023,9.684161,0,0.106542,0,4.734991,33.49425,0,0,0,26.473954,1.743113,3.4142420000000002
SHCC63A,1.875594,2.469644,0.2442745,1.500319,36.1957305,149.0215435,48.2252225,0.589261,8.597734,18.815998,15.3146125,12.134701,0.03117,5.598931,0.014344,10.147873,0.999891,0.4953655,18.2304845,64.894441,5.364321,8.0153525,19.160109,0.236386,9.486419,23.0898955,4.2142545,4.8518955,0,0.115116,0,8.484482,0.059408,251.1487255
SHCC211A,4.3170665,0.306459,14.964705,17.5324565,77.512843,145.4528905,59.201685,9.518398,26.070188,5.370475,3.224665,202.6366955,0.575424,11.255318,1.493063,6.920864,0.858607,0.8042285,6.3886615,13.141678,3.047003,5.397118,9.8763385,0.079962,0,0,4.295815,26.250092,0,0,0,8.8081075,0.02957,313.398077
SHCC84A,5.208883,4.2834645,9.6748025,2.245949,54.740468,130.5745435,17.119291,0.019475,5.011305,7.883344,2.4186975,29.026709,0.691269,1.123121,0.6588,3.870991,0.861208,0.9679185,3.876768,15.9987435,8.614013,0.552483,5.3509765,0.017514,0.049085,1.648594,2.747997,14.9827235,0,0,0,3.128632,0.236079,275.274686
SHCC12A,11.437713,10.837035,22.590476,8.138245,34.366098,245.984159,43.294936,14.913442,35.185259,9.238133,0.961457,2.552963,0,37.321765,5.78e-4,27.390267,1.45364,2.586823,25.270477,38.19441,126.972973,27.056808,10.108554,0.357743,9.19e-4,0.001426,8.273371,5.956933,0,0,0,4.792073,0.489088,151.618683
SHCC194A,2.732293,0,2.28067,1.014914,37.303597,230.489452,21.512944,2.668221,13.401681,6.739745,1.469903,0.438484,0.073703,0.45849,0.00543,14.969064,0.464691,1.405648,17.558754,37.018942,64.204535,9.946124,15.700496,1.057177,0.531078,1.729259,0.685248,3.005568,0,0,0,2.411632,0.841016,225.881735
SHCC24A,4.430646,7.171597,14.5360235,7.792907,40.6260175,184.821677,48.0823595,0.012907,4.141364,13.056529,7.324059,2.993611,0,4.697428,0.005632,39.1325535,1.6831685,0.3562385,8.0725945,39.159616,14.617223,0.666565,8.534164,0.667858,26.83341,0.2598465,3.836113,11.055989,0.001676,0,0,20.9835795,0.358091,286.2811295
SHCC210A,5.202158,9.393546,3.656843,1.84568,40.563789,287.075791,52.379986,0.147255,5.189338,17.943123,10.035375,32.272493,0,12.245073,0.009372,17.831076,1.97741,0.46355,8.978701,54.198786,34.466195,10.854098,28.081488,1.533091,0.979674,1.013634,8.270808,18.241545,0,0,0,2.517437,0.692692,60.19254
SHCC153A,9.018988,2.216151,6.7756555,0.001894,108.727751,317.7524895,22.435925,0.009517,0.498609,10.849797,0.024592,66.236298,0,5.504645,0.142785,2.220152,0.746917,2.3455,6.863037,8.057599,0.2110865,0.004007,5.694976,0.053118,0.00397,0,14.3368845,24.500092,0,0,0,23.962696,0.119348,175.51579950000001
SHCC83A,2.31487,4.132995,8.430253,9.4065285,48.9416595,304.338635,36.315804,1.000438,4.7033505,25.9568755,6.142899,54.4983165,0,3.128127,0.0454355,12.2072305,0.803555,0.016604,12.3625225,48.524427,62.201794,4.497635,16.162808,1.094685,0.256553,1.078123,10.502397,17.9796675,0,0,0,23.231309,0.772044,19.8441755
SHCC93A,1.10751,0.042117,2.449968,5.9641295,45.0804055,161.661483,38.815694,0.406939,4.620344,12.6674285,4.696251,1.737522,0,11.24958,0,26.255876,0.8144965,0.869064,16.165701,60.282467,40.864524,8.4311045,17.1993795,0.725684,0.013005,0.3079,9.224754,5.9173725,0,0,0,4.796655,0.798141,215.070579
SHCC208A,1.546555,0.008783,0.3579285,29.849405,71.069744,191.344177,73.638784,0.717365,3.660472,9.5250755,5.3826475,23.9378975,0.003686,8.628497,0,20.7914685,0.9084235,0.60302,27.862254,44.023907,25.757585,27.372737,11.402238,0.223121,1.865289,0.271456,21.1275395,13.724344,0,0,0,3.7702395,0.537718,269.3481705
SHCC165A,0.906197,34.288207,3.1871255,4.430331,38.4613145,160.2235025,25.6560945,0.921648,2.130299,6.240282,2.8003,10.4407905,0.009823,0.256817,0.006296,17.7165635,0.094329,0.8345305,7.1822145,48.616998,27.586543,6.384418,26.887034,0.92177,2.188725,2.8921265,2.76574,15.516278,0,0,0,3.0337855,1.5909725,164.6174755
SHCC94A,1.806689,0,5.596504,13.095218,10.287982,179.24294,47.114758,19.49947,6.62629,9.595406,14.506341,0.248158,0,11.156155,0,11.628313,0.675375,1.41914,18.599996,17.751609,72.080854,14.622817,24.027956,0.119967,4.43e-4,0,5.217145,10.058899,0,0,0,1.962749,1.000931,360.378332
SHCC79A,1.066689,1.2180115,2.267086,20.203691,65.945058,263.743473,37.296311,3.394483,12.503477,16.607041,5.323214,17.0145915,0.654922,4.065462,0.11002,23.235624,0.645631,0.7580415,23.092312,41.90566,32.808514,38.043317,16.706054,1.142168,0,6.931592,4.278639,13.5336175,0,0,0,10.397968,1.27731,197.9910415
SHCC237A,1.707069,0,1.815904,3.010554,26.786176,79.981061,27.400674,26.224675,0.982068,5.096242,4.616949,8.120977,0,5.648439,0.024648,8.5360220000000009,0.048848,1.539807,58.064574,30.610827,7.851562,60.52207,20.901888,0,0.102648,0.006762,5.235003,3.259661,0,0,0,4.579693,0.165892,575.007557
SHCC178A,0.88937600000000006,0,42.695034,8.59252,236.019814,109.893303,64.634983,0.029371,0.007221,8.208595,7.83e-4,158.059872,0.003267,4.368214,0.0062,0.683936,2.491585,3.29266,3.449312,34.31514,1.861865,0,0.30473,0.025034,0,0,2.330376,20.426357,0,0,0,7.396293,0.075453,7.251206
SHCC3A,3.304242,9.044201,6.085121,3.699909,60.136795,227.250539,46.521724,0.266296,2.291999,20.07036,3.741841,4.978079,0,2.406066,0.017534,23.282744,1.696712,0.153599,69.47621,53.42129,74.744127,4.244463,19.019028,0.137968,0.41735,0.027922,13.876897,10.980946,0,0,0,4.288028,1.844235,120.768794
SHCC217A,5.3627725,9.4e-4,181.080215,0.7610615,53.87228,342.921189,19.700815,0.010259,1.026076,3.891303,0.50858,94.9477025,0,1.005891,0,18.4973605,1.0885515,0.197198,12.778024,13.589272,134.716195,0.787926,9.9538825,0.320992,1.263939,0,2.2452355,26.4375995,0,0,0,0.8809405,0.284275,16.5542975
SHCC292A,0.041099,0.562717,1.618886,1.578494,52.0006265,188.1186495,20.337138,0.73223,0.130486,16.2238575,19.6166165,21.6887475,0,0.9292805,0.116961,23.814395,0.9387995,0.023881,31.245509,81.628475,9.789138,17.678064,36.0201935,0.141781,0.071437,310.347053,1.38161,5.404558,0,0,0,9.2025855,0.105083,58.842027
SHCC251B,1.980189,4.739488,6.0666895,0.001565,18.3177345,232.6493865,9.626554,0.62713700000000006,20.786737,20.5293525,8.07297,11.9463955,0.003136,2.898445,0.023677,20.103238,1.025578,0.017848,26.8567945,73.357567,8.559154,4.2871035,36.019922,0.5112295,0.087018,5.250131,3.537363,11.88297,0,0,0,6.657197,0.98184,43.42086
SHCC39A,2.075116,4.798538,10.897987,5.033054,115.318887,367.237205,32.887583,0.527721,1.858878,18.551267,21.355831,2.191043,0,1.655219,0.001314,34.41128,1.81549,0.534061,21.492507,38.409317,38.849474,3.193496,9.590844,0.876758,1.971681,9.196827,7.18635,13.072372,0,0.032465,0,28.682726,0.748664,0.3697
SHCC180A,0.014178,7.102914,0.066091,1.784987,15.5233465,192.06041,25.252097,20.018323,5.10288,19.7756645,1.103858,8.80414,9.6e-5,7.78534,0.035361,30.303805,0.6084365,0.588302,67.7167675,85.0948895,27.241569,83.2371105,53.4800075,4.52281,1.89085,20.371636,1.0748425,2.6529425,0,0,0,7.2655605,0.399527,106.597105
SHCC268A,1.7673385,6.4748295,2.2993495,147.4370855,45.2374915,222.505597,119.847674,8.396581,4.18e-4,13.246087,0.022987,79.5375065,0,31.81013,4.118567,23.0152065,0.4610665,0.823211,63.086309,44.5979885,6.593122,5.270933,75.501529,0.1140425,0,0,9.0036315,49.519529,0,0,0,1.5897535,0.665239,118.75272
SHCC15A,0.046754,0.703001,0.136013,6.525353,18.771486,107.525705,3.006676,0.436535,1.055709,6.311558,3.07682,0.585084,0,6.352704,0,15.749674,1.263905,0.114938,16.426984,107.148257,6.52913,58.47292,46.48063,0.012196,1.970096,17.990029,3.798226,5.962491,0,0,0,5.839034,0.512722,61.915647
SHCC66A,0.554613,3.027745,6.602861,3.809249,41.210347,184.62198,50.129461,0.319289,0.521303,32.028594,0.833106,15.27383,3.472048,1.257459,0.009837,21.89136,0.687055,0,22.695855,58.426156,7.177918,14.949005,20.959056,0.539473,1.001587,46.165704,5.185892,8.016977,4.31e-4,0,0,5.500366,0.441716,17.967857
SHCC74A,0.752908,0.254909,13.3094915,3.557334,127.6251915,233.245242,27.145601,1.37619,5.067951,21.1137505,0.773441,3.1598325,0,27.672209,0.00141,15.452327,0.512768,0.554092,39.584469,38.473979,18.282235,21.0757205,24.450204,0.214525,0.773791,0.107796,22.3397255,13.1382345,0,0,0,5.649922,0.9678505,28.776499
SHCC150A,1.885144,3.190235,2.153872,5.689551,49.025603,269.837195,23.482328,0.357262,6.203215,22.00063,17.983142,3.348806,0,10.616936,0.533702,14.207951,2.973073,0.203156,10.953873,50.403011,98.269516,14.291135,14.602273,1.407765,0.22319,1.671884,7.03481,12.109212,0,0,0,2.8824,0.886576,141.338891
SHCC256A,1.017599,15.5322235,4.892724,11.544602,83.258863,238.428506,52.5863195,0.40057,7.701115,18.457254,3.455993,15.714072,0.020435,2.287142,0.565185,28.273376,0.838525,0.1144615,30.6003125,59.4931595,8.1070055,29.3093465,22.1386335,5.0958255,1.143094,0,2.3439205,8.179726,0,0,0,5.080905,0.399822,132.425838
SHCC143A,0.72575,0,2.137657,8.137794,39.375662,140.793951,38.940646,0.312668,4.945112,22.121415,18.608005,2.445096,0.12126,7.451846,0,38.661402,1.644093,1.634586,9.493253,44.530512,18.807547,6.481461,15.928195,0.47328,0.598293,1.98419,6.706026,5.721863,0,0,0,2.317086,0.455546,159.603587
SHCC41A,2.49422,0.451476,3.92818,6.45158,48.269883,214.636448,17.985738,1.110617,0.06904,17.800494,2.105072,17.147214,0,6.193523,0.051518,34.584868,0.798881,0.113037,25.079893,49.700808,39.87465,5.145334,14.452229,0.659441,0.227422,9.42e-4,12.029628,11.808006,0,0.228098,0,10.028918000000001,0.852024,153.005876
SHCC207A,0.710547,6.9481415,1.1834245,105.876107,61.360189,169.723433,19.909808,32.101217,2.2468805,21.014455,25.474883,41.2813155,0.03883,6.8177205,0.912246,27.2932455,3.2391245,0.066014,26.8799465,89.063507,24.8825845,15.07255,25.0816415,0.301705,0.4052055,0.290416,4.214868,7.6633065,0,0.185264,0,5.552545,0.215244,110.9875625
SHCC30A,0.4757805,1.0414185,2.6199905,13.0202695,75.608027,216.3973485,55.801264,1.42074,0.781882,7.9499165,5.057556,48.539989,0.007735,7.721627,0.016013,19.2159375,0.503404,1.025113,2.397103,54.319315,22.723913,8.836996,25.688612,0.136408,0.454927,0,3.12719,20.415339,0,0,0,6.267117,0.779393,236.7578755
SHCC132A,14.518552,5.0750455,3.77137,17.840152,74.747721,309.203153,120.757185,0.475293,1.8772625,13.329858,7.391136,16.2694515,0,5.021441,0.005615,16.2412035,2.801679,0.6838985,4.5696795,36.7968805,6.585371,6.701563,26.576967,0.272494,0.495696,0,6.7349795,14.149379,0,0,0,16.762161,0.857215,154.5949505
SHCC245A,0.62776,0,1.97636,0.6352,23.410348,65.801346,9.507302,1.227784,2.189935,3.462427,2.410739,3.726978,0,1.958798,0,1.59213,0.872213,4.367437,9.886287,18.193886,0.672096,2.684348,5.26947,1.183967,0.02822,0,10.150435,4.046596,0,0,0,93.668004,0.291229,590.379202
SHCC144A,0.255206,3.2034075,1.9733245,8.845719,15.921539,176.382487,26.9979625,0.302893,9.9499695,26.953933,9.103475,0.3518645,0,10.050846,0.03468,20.3556545,1.007962,1.286265,7.339458,61.65596,24.411311,14.2452005,11.868588,0.12999,203.248956,1.190263,3.732438,6.348706,0,0,0,4.617069,1.509178,85.262606
SHCC20A,0.081683,0.224995,3.3689565,12.889325,25.4918265,153.6484395,41.2690235,2.363375,0.015111,9.7317575,1.579598,0.1563685,0.006361,16.705498,0.01706,28.086074,0.088169,1.1451255,47.293264,30.648885,30.336934,28.5245,26.3203465,1.241786,2.3180775,0,5.241915,7.3895415,0,0,0,5.792036,0.29202,410.5204675
SHCC174A,13.375668,0,14.691039,13.225229,48.725651,165.965596,27.791504,0.268482,2.882814,7.040979,32.579923,14.345311,0,3.29784,0,21.470348,0.37592,1.145385,6.132586,11.133649,9.64795,4.405028,29.553895,0.557986,0.721539,0.001526,6.929148,17.416593,0,0,0,21.892995,0.118655,398.924117
SHCC121A,0.67998,6.490229,1.930731,5.794711,58.275902,156.935585,19.024494,0.234835,2.255062,14.427974,4.484278,53.853908,0.003926,1.220554,0.001206,23.011705,0.833876,0.719175,3.738621,35.340277,69.442184,4.126559,44.431619,0.755243,0.127904,0.40148,3.514598,4.788044,0,0,0,3.033161,0.415348,253.066635
SHCC7A,29.129119,1.185744,6.42661,27.430415,69.104517,540.37947,46.5243905,3.801983,0.181119,22.188965,0.040811,112.511083,0.714565,4.265653,0.940674,3.273234,0.7777465,0.417829,31.953354,10.347551,0.164728,0.063337,9.716769,0.202848,0,0.008528,9.370197,60.860682,0,0,0,68.4936665,1.49209,1.1557095
SHCC88B,0.251145,0.042985,5.267901,10.612356,80.654038,307.452795,45.711073,0.233519,3.168788,23.181355,8.314151,0.397249,0,8.971177,0.027418,12.911665,0.701779,0.363149,17.150286,46.84894,32.883362,13.130228,8.391286,2.153747,2.847407,0.565816,4.320342,7.775399,0,0,0,6.956194,1.204695,104.844058
SHCC33A,10.010289,5.6437985,5.326972,17.549074,93.679996,219.83022,46.827467,0.619283,3.626219,14.656237,11.7600645,15.516695,0.062807,1.312777,6.25e-4,11.520206,1.494179,0.188694,35.8433615,50.7630145,12.851517,6.416957,19.208494,0.6395665,0.187872,2.32468,9.917483,17.453496,0,0,0,11.2210195,2.27963,51.574958
SHCC44A,1.8707235,13.9510045,1.329739,1.893527,29.2710445,156.925481,21.8346385,1.195277,1.2448765,14.1638395,6.5224635,24.207891,0,3.6761395,0.00282,11.309763,2.0615825,0.066991,27.139385,43.1720925,2.873386,6.5882185,33.1412095,0.006577,2.342637,0.401005,5.9810825,16.311289,0,0,0,9.183356,0.1993835,2.238596
SHCC52A,0.8348625,0,2.553487,4.879457,8.024205,91.0523125,56.053153,11.525802,1.99477,3.8244855,7.4007395,1.474156,0,13.032008,0,6.402876,0,3.218995,92.933085,32.3798065,25.9729885,7.047084,97.61692,0.00951,2.319329,0.005059,2.3641425,14.5709205,0,0,0,0.688797,0.291362,231.2247245
SHCC214A,11.97749,0,3.914848,0.876688,83.098132,250.5712245,30.509104,0.065545,14.636957,9.0388005,6.822587,113.9601835,0,0.568383,0.2678,10.101559,0.9971375,0.352448,11.7366675,31.073133,5.724174,10.7109045,6.3229895,0.069593,0.339757,0.001944,5.753621,10.853509,0,0,0,11.2401225,0.786219,288.798585
SHCC250A,2.596481,5.27309,1.175745,13.556447,63.393009,340.102883,63.796264,0.024528,0.036399,19.352674,21.50397,5.745146,0,18.838597,0.140747,16.907837,1.124128,0.192096,28.3081,26.773157,50.196513,51.170206,22.696842,0.878835,0.622687,0,3.437023,22.307376,0,0,0,1.919267,0.839695,98.114275
SHCC28B,1.559501,0,0.20142,7.218984,18.773771,179.548241,60.847848,6.605308,7.187737,4.131805,5.578504,13.489937,0.036772,0.069233,0,7.164155,0.240751,2.901379,34.553517,36.008863,7.065791,5.862787,11.021787,0.589214,0,0,14.921038,19.425948000000002,0,0,0,1.796664,0.674892,161.236691
SHCC157B,0.800793,0,3.137033,7.989568,32.587864,108.176559,23.6623775,0.347991,8.466087,3.2423695,2.094387,36.879037,0,1.938596,0,20.0342595,0.1482635,3.94481,25.290542,27.975707,85.899099,10.358888,16.9530745,0,0.088845,0.417169,2.642207,4.3723285,0,0,0,8.8555,0.158297,114.0199165
SHCC87A,4.863822,0.006173,3.111517,2.097483,68.993304,263.717674,22.079258,0.018757,0.001892,11.795355,3.400953,9.191867,0,3.723822,0,22.956224,2.047344,2.124664,48.136041,30.427867,60.026558,3.277375,7.267668,0.225649,0.715508,36.354855,2.9769,6.374984,0,0,0,4.524295,0.490978,23.552141
SHCC148A,0.254429,37.207337,1.169731,2.816226,113.034463,137.215132,24.15425,0.385077,0.003404,14.440865,1.31329,0.486134,0,1.473866,0.075007,4.789463,1.982259,1.133612,12.346685,49.120708,41.434226,16.97167,13.507842,0.104191,6.127719,28.603625,7.651343,9.343703,0,0,0,6.189327,1.099117,47.762909
SHCC69B,5.395636,2.41434,122.133205,14.998002,218.096564,355.693838,47.592407,0.883434,0.950258,6.154394,0.603088,11.87469,0.011548,6.465706,5.025956,6.104872,1.250291,0.024721,12.967095,15.976589,7.296951,0.178618,1.961297,0.055618,0.002178,0.038431,4.26804,12.009887,0,0,0,3.36569,0.433025,78.223224
SHCC190A,1.100352,0.063436,2.2389895,1.177717,68.665471,312.0414995,27.209881,0.321305,26.300444,9.9662355,3.387496,32.040911,0,4.8196385,0.082088,23.392458,0.714136,1.422089,15.4417025,48.1039775,47.363523,9.432072,5.7482295,0.1322745,3.57537,0,3.710522,5.047224,0,0,0,2.317011,0.527746,44.505081
SHCC59A,6.111415,0,9.83e-4,3.848949,21.779255,123.126724,80.377667,11.012732,0,17.662436,0.537261,1.595006,0,0.023052,0,4.233058,0.09195,1.837111,55.075643,109.069791,1.419797,0.043823,18.941274,0,0,0,125.1671,38.122656,0,0,0,309.610772,1.323452,81.442298
SHCC241A,22.69163,1.101859,7.269465,0.001432,171.504841,394.665094,184.697775,0.013388,4.194051,29.209013,0.001608,6.295388,0.001072,14.468549,0.042901,7.06107,0.541905,0.782078,5.652783,4.802974,0.030428,0.338816,4.367338,5.209408,0,0,24.283867,32.488729,0,0,0,62.551324,0,3.457403
SHCC136A,0.339078,1.936441,1.285128,1.797755,36.1956455,118.95118,29.341722,0.167037,1.454747,13.080834,2.963512,24.724317,0,9.5519925,6.09e-4,10.460108,0.795763,0.816209,35.884628,52.499075499999996,19.1945745,3.283251,40.7307005,0.485713,1.78734,3.173827,7.2887895,1.292988,0,0,0,5.6901765,0.0616025,213.2803595
SHCC171A,1.648047,11.84037,0.283397,2.267857,15.990473,165.4820485,18.692868,17.106229,0.06892,12.7128235,0.691543,4.128949,0,8.6765435,1.250816,17.904253,0.499124,0.3372615,33.2473405,100.136292,5.009741,35.491699,100.0296265,1.6779735,0.170769,0,7.8992845,6.8956785,0,0,0,2.9298325,0.130385,174.6615555
SHCC296A,0.303119,1.6362365,0.69537,22.552227,65.8651775,235.730545,23.9754755,9.709093,3.074633,18.5358585,14.0543765,43.839649,0,12.344509,0.11459,19.643416,0.880844,0.6344305,32.465798,58.818771,22.940991,21.5534375,39.4848285,0.2934355,0.638253,7.918051,3.4431335,3.8469625,0,0.058727,0,8.5042285,0.1928245,214.762767
SHCC35A,2.062559,3.436539,6.449479,3.561328,29.104175,224.008436,10.693155,0.153285,10.347431,14.654863,8.26219,25.950696,0.039304,5.34107,0.091447,57.918529,1.843257,0.382468,14.950555,58.212194,20.236327,44.074657,19.644765,0.492966,0.608271,5.359542,5.09028,11.333968,0,0.070012,0,2.543453,0.402196,24.98837
SHCC108A,0.4644435,1.055306,7.989873,0.368547,68.637895,199.287566,22.9416765,0.82408,2.060548,25.3639585,3.857534,27.267603,0.012198,18.091713,0.014866,16.9682715,1.9943505,0.190319,6.394886,97.730126,7.51821,6.758887,22.4877115,2.132772,0.521466,0.159394,12.3156455,7.5679385,0,0.009299,0,5.2546315,0.386289,127.8410785
SHCC131A,2.4433795,6.150785,0.8286005,20.038235,37.8554265,151.982237,28.035751,19.582954,1.136052,8.795418,5.503168,36.451412500000004,0,6.001031,0.102039,22.49073,0.24808,3.636347,29.8485015,24.0067215,47.0034065,4.324529,9.215368,0.889891,0.00291,0,8.237642,9.22964,0,0,0,0.9651145,0.543371,345.360503
SHCC62A,0.769105,0.045348,1.523546,40.620881,25.853906,153.5168,24.3507,0.007652,3.424176,7.597265,9.20763,17.636364,0.052497,11.663046,2.605287,17.739331,1.885434,1.108375,9.477873,19.136796,33.085761,2.313854,15.934942,0.009855,0.028264,0.00286,8.728666,2.34709,0,0,0,6.256679,0.164877,540.324924
SHCC248A,0.720763,0.093572,8.2837415,8.7255495,41.615191,214.1174375,23.248233,0.973081,13.879647,15.146479,4.126666,3.8053175,0,4.415372,0.030171,38.666603,0.6197845,1.088368,33.2289385,54.8843375,13.126564,10.196079,29.9726055,0.056565,0.005853,0.197205,7.0195025,12.2181535,0,0,0,4.1919285,0.465453,27.5414625
SHCC110A,0.29343,0.1185035,0.263733,0.10325,28.818707,195.194929,18.5767365,0.751942,1.122846,13.130137,3.218731,2.2465255,1.486468,4.089519,0.013898,11.798453,0.792679,0.936133,13.734091,57.2484665,7.63772,11.0241695,11.756351,0.612106,7.249608,6.929198,3.507391,11.3321315,0,0,0,4.4483045,0.505762,188.7069825
SHCC23A,0.009882,0,3.3316195,29.586523,13.2042165,36.186749,34.514066,19.795549,0.090049,10.778742,0.5331935,8.30097,0,6.1019495,0.134688,14.782206,0.439216,4.577593,12.239501,50.8835415,15.665019,24.322676,12.117278,0,0.01454,1.6731875,3.1451305,3.684702,0,0,0,1.72488,0.068008,223.047322
SHCC42A,0.014851,2.6611385,0.1222215,19.231167,50.785768,169.188938,21.252017,1.860314,6.1083475,7.650427,8.294389,0.471908,0.102755,1.818747,8.82e-4,25.985989,1.159793,0.429183,20.5011435,47.299341,5.938529,21.7321405,27.661233,0.347919,1.59503,12.295021,2.3219295,3.0342125,0,0,0,5.7621905,0.129877,144.5153645
SHCC106A,0.5370275,11.8672375,14.2586865,8.2013735,37.626964,184.685057,21.292107,0.141755,1.843258,23.620767,5.8625165,20.9995995,0,3.830066,0.030251,33.5038105,1.833976,1.9587175,21.953382,47.731975,4.811354,23.707845,13.2579785,0.553318,1.051342,0.227271,5.517913,13.6515575,0,0,0,5.9104925,0.481195,20.666381
SHCC9A,4.287434,0.115624,11.108679,8.2114,23.2928855,30.8772685,7.026907,0.535368,5.124402,1.849325,2.489664,0.065371,0.001408,40.735101,0,2.271431,0.0528905,0,19.3366695,3.9015055,8.447851,14.445901,4.0061495,0.535975,0.228818,0,8.1610245,33.488641,0,0,0,0.088411,0.13684,17.3443245
SHCC140A,0.969814,2.6171325,1.559194,12.349819,70.402588,167.2463525,93.719551,1.482459,0.516639,12.077329,8.7055965,28.723226,0,3.715413,0.006821,28.681892,1.542718,0.7725695,5.0463405,25.414422,21.856384,68.0350035,32.2602225,3.201404,0.41074,0.28483,5.9109825,7.894795,0,0,0,3.678222,0.357889,360.828777
SHCC90A,5.3293825,0.696249,0.8432725,0.969279,12.0259895,237.6045595,13.5555405,0.098794,13.479838,18.224941,1.814318,70.772149,0,9.3654345,0.010959,19.340021,0.523702,0.062934,30.446061,86.175008,3.581069,7.0479015,29.864269,0.243824,0.130534,0.463104,6.5365385,11.0773015,0,0,0,5.652928,0.157401,136.9129435
SHCC156A,11.247467,0.402163,2.694819,36.248298,31.05049,355.809801,54.264656,0.018587,1.743505,14.730541,3.741087,4.78833,0,9.443643,0.215259,13.956926,1.029376,0.230587,19.054908,21.608686,3.996332,13.803249,15.55886,2.617235,0.901613,0.002149,18.789039,26.29051,0,0,0,34.067108,0.968245,174.134591
SHCC205A,0.973678,0.8038475,0.2881915,1.2428585,53.22057,175.940146,17.0343215,3.10589,42.895888,19.803167,3.958495,45.964735,0,5.444016,0.018159,23.3176245,0.372836,0.435253,33.8085805,60.664695,105.29163,7.440118,21.713908,0.014293,1.564639,1.859459,13.9216795,10.4217635,0,0,0,1.331752,0.461616,135.4437325
SHCC160B,8.852529,0,3.262999,0.992071,33.236567,158.379852,13.450779,4.440605,0,1.387269,0.155113,7.313565,0.019572,0.33185,0,1.879596,2.256601,5.405734,1.704381,6.548657,7.371416,1.198236,2.150523,0.010706,0.093379,0.490202,3.214697,19.634797,0,0,0,46.86784,0.20294,220.47515
SHCC274A,2.406238,0.736572,16.860343,7.542122,40.453221,247.894894,19.503933,0.185002,5.768299,20.192169,0.35528,38.709713,0.450475,8.674297,0.013169,90.750617,3.303581,0.149447,42.817909,79.576188,72.514399,5.820225,55.016697,3.977593,0.147551,0.013043,1.682206,7.622365,0,0,0,4.077659,0.404969,11.784883
SHCC252A,0.2498,6.397702,1.246277,8.545869,103.962206,262.89491,20.539541,0.393351,10.162043,27.46071,4.627461,11.267759,0.01599,6.046779,0.615752,21.867523,0.71415,0.024802,17.345261,71.060523,95.365312,25.791736,21.538577,3.989131,2.082008,0.064278,8.135397,13.508031,0,0,0,4.844532,1.261505,41.563544
SHCC40A,0.109914,0,7.381979,0.005919,23.282442,53.780186,9.39609,0.003776,0.006587,1.234007,0,24.858946,0.51834,0.011028,0,0.198156,0.363285,9.348088,1.9861,1.292188,0.064244,0.001522,2.901653,0,0,0,1.283998,15.425528,0,0,0,15.808602,0.010812,354.772844
SHCC206A,0.208433,0.296985,1.514912,8.523448,37.376985,148.620066,53.239481,18.937865,1.402961,17.582579,0.40146,11.27475,0,4.075174,0.003303,20.00854,0.257659,1.096056,58.119599,46.294258,48.336394,2.763025,49.351,0.427619,1.078318,10.142224,8.882743,15.321407,0,0,0,2.329251,0.480635,17.738563
SHCC218A,1.289807,11.490957,161.40904,0.003626,28.193911,185.273577,25.360884,1.730232,30.860433,6.482894,2.966501,0.24981,0.003517,6.271015,0.045101,33.788131,0.372774,0.451226,35.705275,31.640719,3.103531,14.233215,13.211125,0.31942,0.068066,56.81328,1.243269,2.127926,0,0,0,2.450309,0.243174,118.893568
SHCC78A,1.598268,5.990943,13.7763405,4.1085545,83.944733,240.337758,33.159499,0.037121,5.880254,14.3678355,9.6597555,2.033449,0,0.870395,0.1708015,17.14587,2.2152215,0.021254,24.091419,48.567419,23.237305,18.447189,10.7174485,0.449723,2.75536,0.493611,4.0240355,18.3526105,0,0,0,8.415204,0.6737475,126.662395
SHCC277A,0.022105,0.135778,0.333734,0.301254,43.747135,100.948358,28.656582,1.816091,0.127882,15.146004,13.385491,21.073888,0,0.055917,0.025405,6.78022,0.27314,1.50816,20.781543,37.304224,50.635365,48.453232,55.96851,0.123432,5.637978,4.592829,4.585914,1.676206,0,0,0,1.765263,0.354983,237.938555
SHCC276A,2.2782935,1.142031,0.2151855,1.91e-4,367.6534165,240.756197,65.402724,0.029005,8.3e-5,13.024797,0,13.9023905,0.330227,257.0264105,0.234277,1.0237985,0.024812,1.17e-4,26.451608,6.418765,0.02488,9.4e-5,2.3172015,0,1.18e-4,0,4.707412,30.3048635,0,0,0,28.67815,0.015519,0.2339335
SHCC26B,0.425756,7.2831135,24.625626,1.659134,59.1617345,136.1427685,16.773276,3.19768,0.688189,22.240792,0.533557,0.1578925,0,20.957531,0.005806,27.9017925,0.146996,0,19.840737,22.665432,48.370589,6.9981645,9.7549575,0.515898,0.203785,0,8.0946005,17.5226355,0,0,0,1.3932965,0.263091,30.526627
SHCC196A,0.137813,17.656088,2.079159,0.108097,28.354928,76.01667,4.587676,0.041325,0.002348,11.244505,1.7791,11.333411,0,5.045483,0.039048,26.342834,0.0953,0.014022,21.370589,44.28069,10.066934,20.363487,64.228137,0.008383,1.174747,3.016252,2.887679,8.032431,0,0,0,1.601951,0.393898,54.367428
SHCC188A,0.746192,7.138275,11.994485,43.504457,36.740184,255.602723,27.108564,0.635336,2.678321,17.887698,26.683439,85.119933,0.091073,5.444275,0.864393,48.58907,1.738984,0.040317,27.862956,37.516923,42.211752,17.389439,39.037227,0.220538,2.191486,0.257877,2.579428,9.719734,0,0.004512,0,3.938126,0.440929,64.274494
SHCC285A,1.3030985,1.491619,8.081888,4.7983235,72.6230725,316.969092,37.204356,0.027437,8.3327645,24.497566,13.373953,6.897594,0.002297,12.20594,0.71353,59.653817,2.008658,0.053756,27.671088,56.836406,77.101077,26.3756385,35.6249465,0.444638,1.691821,3.7549025,8.2707985,12.0601165,0,0,0,4.7826445,0.6056805,16.1294455
SHCC266B,3.294511,0.420833,21.375726,1.561118,68.747399,310.802432,14.210548,2.662881,19.092648,21.548875,3.950395,9.173156,0,4.47966,0.523716,26.649882,1.219885,0.004888,18.369245,58.790022,7.658811,13.020503,11.925149,3.217095,1.405922,0.21723,4.201844,10.183311,0,0,0,16.320827,0.700882,26.690038
SHCC71A,0.17442,1.120649,29.747454,68.628399,37.885219,196.435863,45.181201,15.886867,20.848946,19.824717,5.056133,25.748417,0,21.14522,0,37.530177,0.597744,2.686172,12.200928,38.691749,73.628393,18.748029,28.53132,0.011277,0.99832,0.004288,3.103667,9.355633,0,0,0,2.720948,0.331879,118.013119
SHCC298A,0.3744335,0.1323205,0.8864545,2.146913,70.1933105,185.222604,30.3954805,0.073197,0.939226,11.9873025,18.765733,41.401401,0,0.220053,0.00489,16.3246385,2.366013,0.025624,19.144394,61.5962595,13.809245,12.141805,55.394397,0.565734,1.5098135,77.1985255,2.886554,8.452455,0,0,0,48.0290095,1.559663,93.8877725
SHCC49A,1.6988805,2.753629,1.966752,5.11989,37.242647,201.46244,30.7245265,0.251296,14.640076,13.4138835,8.914459,20.2330245,0,1.234873,0.033446,27.7698265,1.5100995,0.739596,15.484841,65.142199,60.631291,9.842624,35.202977,3.739723,0.851871,0.845522,5.500156,10.44078,0,0,0,5.418913,0.3205355,101.823624
SHCC103A,22.912347,1.568323,10.274605,27.364002,100.384003,404.85019,87.1570675,0.013249,7.776684,17.824023,1.7967685,19.589263,0.027743,8.8163595,0.072405,26.124128,0.796848,0.3686975,13.826263,20.2640665,2.0147515,0.106129,12.6438035,0.034499,0.076852,0,7.2163485,18.6509095,0,0,0,3.2128315,0.78974,155.316482
SHCC284A,0.645339,0,0.214185,14.645389,7.777669,46.683524,14.778172,2.74751,19.458905,3.116821,4.687191,3.34265,0,0.60039,0,2.771474,0.107573,2.529933,42.273212,10.609692,8.524563,3.34104,20.396712,0.052332,0.044238,0,21.641275,3.473211,0,0,0,7.948925,0.147933,545.745472
SHCC212A,1.153005,15.258619,0.022601,5.782579,62.373421,168.906573,21.73558,0.086582,0.185046,20.172477,1.484951,55.295761,0.016073,10.223479,0.632931,14.348513,2.657332,0.391873,26.369746,92.137877,8.77786,10.801054,38.737786,0.692968,0.202055,187.775481,3.836763,13.552626,0,0.057346,0,4.569457,0.263827,24.301558
SHCC81A,4.333117,0.004528,238.589402,12.4875095,198.5846985,300.500503,38.4639815,0.821175,1.9268875,5.666193,1.2887425,21.435067,0,3.3779975,4.299512,6.442428,1.992256,0.033815,13.433959,13.633613,6.563394,0.231728,1.677203,0.0547815,0.001709,4.37e-4,3.590351,10.2382275,7.98e-4,0,0,3.559737,0.328798,73.2652235
SHCC280A,0.483631,0,4.872278,0,57.201104,349.04724,0.007714,0.002119,6.05e-4,0.051948,0,183.276168,3.866714,0.00177,0.463786,0,0,8.278435,0,0.004759,0.030917,0.005812,0.21945,0,0,0,0,54.07418,0,0,0,1.020504,0,33.289125
SHCC31A,0.4865345,4.889256,2.040212,0.20461,50.8296325,208.789314,13.972765,0.024117,0.230406,27.949312,4.463866,7.500697,0.08189,0.005013,5.97e-4,26.412554,4.797835,0.020403,29.7570155,85.199503000000007,24.4558945,8.166964,16.272703,0.467058,7.525315,3.0394475,5.536106,9.278778,0,0,0,4.490188,1.502495,18.357498
SHCC135A,1.378206,20.960638,4.4790465,7.2478155,64.071133,311.4588555,66.5780395,0.148031,0.3845745,15.1548895,13.0283235,7.086885,0.009905,0.551575,0.042305,27.683324,0.859544,0.923348,30.2548285,33.2617685,22.233155,16.061791,20.4014085,0.966101,0.585146,0,5.777763,8.4535915,0,0,0,3.356049,0.42227,13.6421425
SHCC145A,0.860257,2.87804,2.375111,8.631206,13.04234,104.630229,58.155642,2.665722,4.99237,1.14907,1.939716,10.824606,0,5.06086,9.13e-4,4.262541,0.250214,3.119747,58.718288,28.043186,22.015785,0.060357,2.989105,0.056344,0.096831,0.474462,15.410967,10.531576,0,0,0,6.965518,0.40146,545.467474
SHCC163A,0.406046,0.8489915,1.8642435,0.268069,39.0576975,164.596765,9.536358,0.738909,0.385396,6.592886,15.6047355,32.1105215,0.006758,0.518724,0,4.373111,0.677386,1.6675675,3.4233865,59.963289,3.412928,15.0484705,9.589193,0,0.004149,8.220596,3.319551,6.0000815,0,0,0,2.2800415,0.430893,106.52940099999999
SHCC114A,3.4308,1.904075,2.980305,2.368933,28.235127,218.0448335,16.3934905,0.548663,3.177627,17.255362,5.203705,2.761286,0,10.531379,0.0034,19.547361,1.5967035,0.457791,7.366277,92.672586,108.690192,6.6765365,35.998744,0.189014,0.4896735,3.139537,6.46566,6.607192,0,0,0,5.789009,0.157735,75.471233
SHCC2A,0.65081,0,0.061707,12.099929,50.315125,81.088669,11.124142,0.035822,0.39774,0.373507,1.783793,0,0,1.799462,0,2.2529690000000002,0.01018,7.474405,14.13162,4.413777,3.201186,0.455459,1.360764,0.491859,0,0,4.060461,1.49714,0,0,0,3.45967,0.011898,118.150384
SHCC122B,0.065634,18.345956,2.656084,7.4176145,29.383959,212.509037,27.030604,2.265899,6.883689,16.153166,3.234392,37.2163075,0,5.7107575,9.75e-4,25.5265595,1.0420775,0.032898,24.6063805,34.886059,27.817782,12.2816915,26.1186445,0.528837,0.053862,0.3088355,2.375259,19.8466885,0,0,0,4.6654115,0.653162,21.0804705
SHCC47A,4.151094,3.881365,20.692394,17.455694,82.056085,225.155663,58.130876,0.319894,0.088241,20.545083,1.380883,3.598652,0.010758,5.764562,0.011053,19.321658,0.91112,0.025787,4.7032,11.897613,1.965768,30.899897,15.278543,1.255536,1.22e-4,0,15.475,31.786306,0,0,0,20.669099,1.116991,9.108484
SHCC57B,2.778717,11.3912125,19.2424645,0,23.6389335,12.3040235,1.170448,0.081603,0.005503,0.8895675,0.1609985,0.053727,0,3.943352,0.045778,18.7684955,0,0,49.696439,4.722967,15.790127,2.2179595,13.541434,0.012232,6.311931,0,10.8740695,31.7128125,0,0,0,0.060263,0.017433,0.02843
SHCC27A,4.83838,1.493902,8.962274,6.860217,39.616649,269.147389,35.761707,1.292334,0.790728,11.990229,4.1881,30.207378,0,15.427515,0,54.127281,1.929623,0.194876,24.619811,62.320427,54.736144,2.498204,28.544832,2.380692,0.006184,0,11.700969,9.491694,0,0,0,3.288539,0.53842,30.272382
SHCC113A,15.535734,0,1.841867,0.346327,36.765507,202.331069,58.70203,0.050436,3.572895,12.800183,0.02374,40.364308,0,9.153394,0,7.383066,1.151849,2.943145,24.331192,59.896355,3.266397,0.00661,18.112334,0.038464,0.009178,2.360717,9.170299,20.618472,0,0,0,19.575095,0.330906,74.268985
SHCC82A,18.642624,1.018278,57.292158,1.178344,176.871698,112.922409,11.902831,0.038269,0.014119,9.377344,0.183959,19.279267,0.392866,11.530587,0.945614,3.780908,0.037438,0,9.868284,3.666045,0.41138,0.210084,0.22203,0.551797,0,0,26.848916,128.484436,0,0,0,7.351337,0.401257,6.891
SHCC152A,7.585096,0.249679,1.465468,6.515152,27.2082375,173.562279,46.6601855,0.980294,8.022589,9.7482780000000009,1.892098,16.295105,0,8.228502,2.700131,3.786535,0.900855,3.032105,7.308842,11.8841725,1.896401,1.024806,7.399413,0.1763995,0.203039,0,9.010107,6.4448365,0,0,0,56.836421,0.5957855,135.532403
SHCC168A,17.27973,5.966978,10.346846,11.57099,67.4901305,310.9345335,57.478448,0.56724,7.010064,22.923459,0.053576,103.95014,0.448927,5.8503045,1.834264,16.3144885,0.456509,0.1710065,28.5634845,24.414692,6.597842,22.959765,24.6827655,0.519399,0.00213,0,14.0912295,38.8389335,0,0,0,9.866358,1.531035,20.1116945
SHCC278A,0.09597,0,10.15658,10.199292,40.125953,233.163388,19.89624,1.203852,0.798665,12.719438,13.0002235,4.399127,0,6.648454,7.67e-4,46.658267,0.263746,0.4925925,30.2151265,97.530824,100.346397,80.3288565,15.821293,1.961919,0.800728,3.380138,6.083673,16.276084,0,0,0,3.137307,0.546217,132.3600575
SHCC185B,2.1252855,7.8410165,48.7463025,0.2374355,28.0033305,156.158306,20.4538235,0.043275,0.91551,7.954833,1.3837685,31.7651715,0,10.365903,0.096317,11.1194245,0.088857,0.022113,24.4184065,45.9609145,1.846901,0.3226515,25.7800965,0.026282,0.265455,0.030238,10.404302,14.3027845,0,0,0,1.08002,0.414337,113.015889
SHCC68A,2.167988,0.053504,0.975599,17.394321,46.057192,149.267294,41.241981,0.090574,1.157341,11.810235,1.183277,3.05585,0,10.434633,0,15.519444,1.694776,1.5050005,11.874524,59.434535,21.094158,36.584972,28.342881,0.4322395,0.824374,0,5.1394035,3.589823,0,0,0,2.623275,0.402856,285.622052
SHCC102A,0.101064,0.104528,1.924877,10.280827,28.459969,182.601227,23.08961,0.198764,0.726108,11.005859,11.259474,40.361475,0,11.135996,0.008206,12.021531,2.535092,2.610973,4.675328,55.983264,92.190854,13.317263,22.658466,0.064282,0.700353,0.008479,4.296111,10.175826,0.003628,0,0,7.935675,1.557184,57.388587
SHCC191A,6.438857,1.514468,14.838779,2.613998,61.733259,350.673117,43.048567,0.420188,1.275039,19.143601,14.228893,4.494127,0,18.175906,0.004808,21.963477,1.63524,0.037061,9.116022,38.036631,50.653758,9.028289,9.59121,0.101986,0.140577,0.393935,10.640784,12.759446,0,0,0,6.556053,0.985534,45.429623
SHCC72A,4.12402,0,6.867605,0,154.460608,241.428507,27.654692,0.399752,0.500041,2.720224,0,57.209505,0.072884,2.686672,0,1.356457,0.526244,2.93158,0.105192,5.943805,0.005024,0,0.459065,0,0,0,5.503185,24.850901,0,0,0,14.434752,0.133553,312.23352
SHCC271B,0.816561,2.699902,3.25314,9.050963,48.480411,262.081028,54.201303,0.732386,17.082903,22.081474,5.066847,6.120157,0,10.882694,0.023369,30.403991,2.631884,0,44.136477,65.039651,89.27636,37.044709,30.327666,1.098229,3.664141,12.974282,3.13296,5.517836,0,0,0,6.281452,0.200004,27.732052
SHCC170A,0.333767,0.857961,0.9580145,97.539808,61.7479925,173.000332,67.948379,1.316748,1.344373,9.9273385,2.2760915,26.474745,0.023747,7.5032655,0.017226000000000002,8.3948405,0.652433,0.612692,54.792626,47.873698,51.388829,21.260579,32.9688235,0.053233,1.07168,0,9.725784,7.8757575,0,0,0,5.2876475,0.240563,394.9031135
SHCC265A,14.666755,13.1771365,45.125708,0,343.4623845,819.627678,6.684577,0.003839,0.032579,2.49764,2.83e-4,57.0739325,0.004287,0.438859,0.013961,0.95123,0.7603735,9.7937265,0.355178,6.609132,0.168807,2.63e-4,0.052427,0,2.48e-4,0,5.136548,68.1888825,0,0,0,0.176709,7.75e-4,0.1344165
SHCC230A,0.351514,4.62202,1.48932,0.682377,68.617176,306.571814,63.299219,0.024485,10.172546,16.955433,3.116824,30.228672,0,3.610766,1.209058,31.954884,0.47132,0.41596,23.344316,54.817571,16.253364,23.327248,36.533982,1.478839,1.506976,0.018275,4.387056,5.50289,0.003963,0.038227,0,3.870455,0.784059,143.953844
SHCC283A,1.22584,1.032403,1.356349,1.948448,22.476069,208.481356,27.297074,0.183533,38.571671,24.485574,3.974046,41.381161,0,2.044153,0.080482,23.990216,1.198511,0.177865,25.108058,111.842208,19.486426,6.700354,20.126374,2.141849,0.058965,71.771956,0.889211,4.955503,0,0,0,4.810546,0.077941,105.623822
SHCC293A,0.514707,0,0.7517045,15.618969,26.296956,150.871776,34.947596,36.754666,26.514934,10.987965,5.828214,15.1359265,0,0.755864,0.004135,5.664614,1.294416,2.619774,22.889369,43.983197,42.664318,29.324757,27.998071,0.09742,0.022262,1.22916,6.248326,4.233328,0,0,0,17.53773,0.767904,110.692556
SHCC141A,3.080557,2.673617,2.863468,91.216684,67.044095,256.922091,114.642822,0.056889,17.183471,11.830735,17.580931,10.159092,0,4.326723,1.006471,20.740774,1.567351,0.133888,15.63389,61.807547,69.573491,32.71403,45.435308,0.29365,2.164599,0.362945,5.879539,14.010476,0,0,0,5.741566,0.812791,25.861334
SHCC291A,0.002073,0,0.002503,0.141202,7.253191,22.386935,14.990949,0.521996,3.668636,0.787524,0.295376,0,0,0.06929,0,0.726186,0.010009,4.849731,15.22911,3.192703,12.921212,7.1586360000000004,3.190222,0,0.075323,0.219468,0.547319,0.133055,0,0,0,0.020428,0.005852,606.116712
SHCC36A,2.9158675,0.1721225,1.8317575,6.3521945,80.033169,234.8404755,56.803879,0.070834,5.412431,19.2639815,11.988561,1.1195565,0,4.9048075,0.004323,26.787239,0.942041,0.3953625,28.975712,98.608185,19.537994,3.312603,12.186202,2.872897,0.03218,1.7145535,7.097182,12.068154,0,0,0,9.399447,1.1372335,108.3509705
SHCC75A,0.024279,16.2240975,3.508252,0.014728,10.344221,138.998139,14.256496,0.964819,0.56259,18.033195,1.149207,8.154673,0.067743,1.6071575,0.001919,17.531981,2.605483,0.2116705,71.591014,40.050238,7.170401,17.3634295,41.2351775,0.856249,2.2215595,68.891623,3.962404,12.577264,0,0,0,4.3270485,0.08362,9.3212715
SHCC16A,6.797345,0,0.108536,147.664272,47.544089,154.063713,92.517938,7.691719,0.002362,2.758444,0.016464,72.467018,0.008739,9.395724,0,0.541888,0.376524,3.619932,35.289058,19.50184,0.615912,62.542278,25.824483,0.04555,0,0,12.926968,32.011075,0,0,0,19.985037,1.711177,45.224589
SHCC61A,9.175111,0.067009,16.444997,30.205116,57.014981,312.755398,98.586106,0.044095,11.511309,8.593266,6.161281,54.602163,0,18.411953,0,16.062912,2.575432,1.138748,52.431927,12.863164,0.66836,0.95276,24.375998,0.002556,0,0.146796,2.943392,8.337327,0,0,0,5.191158,0.376862,146.570304
SHCC223A,0.714133,3.102726,0.108964,4.840918,20.902208,142.032924,67.088656,7.329875,9.09564,12.003104,9.193816,0.467719,0,6.402017,0,21.75808,0.468382,1.202791,24.465468,28.566766,57.154536,19.499344,19.688591,2.833911,1.830745,1.005476,1.490163,4.080263,0,0,0,3.534553,0.350513,245.10403
