Sample,ARG_Count,gut_locations,Total_Abundance,Abundance_log10
BKDN170793833-1A,162,Feces,441.901441,2.6463070932839243
BKDN170793835-1A,189,Feces,658.820015,2.8194254853108953
BKDN170793836-1A,173,Feces,1046.293932,3.0200685872476285
BKDN170793837-1A,170,Feces,704.1987839999999,2.848311554758105
BKDN170793838-1A,144,Feces,695.521369,2.842934444947236
BKDN170793839-1A,198,Feces,623.870757,2.7957902008224704
BKDN170793840-1A,142,Feces,1048.07208,3.020805328871165
BKDN170793891-1A,123,Feces,613.069582,2.7882175850930726
BKDN170793892-1A,148,Feces,383.87041,2.5853145225061005
BKDN170793893-1A,141,Feces,809.053478,2.908513691018955
BKDN170793894-1A,174,Feces,730.413938,2.8641632321010313
BKDN170793895-1A,160,Feces,528.56959,2.7239230382247257
BKDN170793896-1A,162,Feces,684.130114,2.8357730567860644
BKDN170793898-1A,175,Feces,455.285118,2.659236304240821
BKDN170793899-1A,116,Feces,762.816721,2.8829891614457117
BKDN170793901-1A,114,Feces,782.468445,2.894021509498486
BKDN170793902-1A,89,Feces,540.697454,2.733756794390324
BKDN170793903-1A,188,Feces,663.850855,2.822724231596099
BKDN170793904-1A,134,Feces,496.273193,2.696595047919189
BKDN170793906-1A,147,Feces,651.939262,2.814872784023795
BKDN170793907-1A,185,Feces,613.347037,2.78841376800962
BKDN170793908-1A,134,Feces,652.978518,2.8155634827779563
BKDN170793909-1A,105,Feces,557.803883,2.747259415265362
BKDN170793993-1A,134,Feces,801.222945,2.904295079416233
BKDN170793994-1A,120,Feces,695.4538670000001,2.8428923541111857
BKDN170793995-1A,154,Feces,676.181092,2.8307048233962835
BKDN170793998-1A,201,Feces,417.124082,2.6213051816105004
BKDN170794001-1A,140,Feces,439.782379,2.6442242245550984
BKDN170794002-1A,172,Feces,462.78677,2.6663183557768586
BKDN170794054-1A,168,Feces,813.171448,2.910715868132461
BKDN170794056-1A,66,Feces,356.438875,2.5532017845429986
BKDN170794057-1A,140,Feces,468.443445,2.67158327923502
BKDN170794058-1A,125,Feces,647.787508,2.812102479213431
BKDN170794064-1A,127,Feces,457.124012,2.660983055377485
BKDN170794065-1A,135,Feces,496.55994,2.69684540677661
BKDN170794066-1A,144,Feces,621.770968,2.7943283586628125
BKDN170794067-1A,133,Feces,644.241436,2.8097222490584093
BKDN170794068-1A,107,Feces,458.337286,2.662131700037582
BKDN170794148-1A,112,Feces,704.466853,2.848476612849572
BKDN170794149-1A,125,Feces,558.341294,2.7476768827903073
BKDN170794152-1A,140,Feces,587.675777,2.7698761657057136
BKDN170794156-1A,30,Feces,137.139456,2.1403177414003776
BKDN170794158-1A,192,Feces,612.086754,2.787521933111656
BKDN170794159-1A,184,Feces,376.594836,2.577026046240332
BKDN170794160-1A,160,Feces,490.295779,2.6913430328812438
BKDN170794161-1A,159,Feces,407.445917,2.61113455902404
BKDN170794163-1A,184,Feces,355.795651,2.552419552099229
BKDN170794164-1A,148,Feces,407.467604,2.6111576178771227
BKDN170794165-1A,189,Feces,415.874797,2.6200056397780425
BKDN170794228-1A,141,Feces,477.828791,2.680180255762167
BKDN170794322-1A,122,Feces,528.338913,2.7237338212158853
BKDN170794326-1A,165,Feces,594.111463,2.7745983156986704
BKDN170794327-1A,125,Feces,657.650029,2.8186547152818178
BKDN170794329-1A,149,Feces,380.351791,2.5813257903722757
BKDN170794330-1A,124,Feces,556.53816,2.746274597478527
BKDN170794331-1A,114,Feces,410.713132,2.61459471947303
BKDN170794385-1A,149,Feces,403.15091,2.6065435610079675
BKDN170794387-1A,116,Feces,438.867356,2.6433217327540417
BKDN170794392-1A,152,Feces,556.791482,2.746471877895892
BKDN170794393-1A,88,Feces,392.878408,2.5953621738950137
BKDN170794394-1A,54,Feces,232.32639700000001,2.3679638747685914
BKDN170794480-1A,90,Feces,358.8475,2.556118489821966
BKDN170794548-1A,147,Feces,427.846406,2.6323017747706516
BKDN170794551-1A,107,Feces,354.33621899999997,2.550639476867761
BKDN170794553-1A,144,Feces,363.9879,2.5622784670582948
BKDN170794554-1A,156,Feces,625.473433,2.796902658496741
BKDN170794805-1A,114,Feces,403.908006,2.607356363894242
BKDN170794806-1A,94,Feces,418.107247,2.622325170509099
BKDN170794809-1A,131,Feces,537.080675,2.7308473947754064
BKDN170794811-1A,145,Feces,426.048914,2.6304776217783137
BKDN170794972-1A,134,Feces,517.277471,2.7145623309058347
BKDN170795140-1A,135,Feces,423.017741,2.62738402795409
BKDN170795141-1A,91,Feces,442.254024,2.6466526869532996
BKDN170795142-1A,109,Feces,521.553931,2.7181311191410114
BKDN170795145-1A,112,Feces,502.129173,2.701679499805573
BKDN170795146-1A,125,Feces,539.65294,2.7329185689694113
BKDN170795147-1A,140,Feces,518.379488,2.715484793918008
BKDN170795149-1A,83,Feces,457.486649,2.66132669365915
BKDN170795572-1A,138,Feces,543.45393,2.7359611369967296
BKDN170795573-1A,163,Feces,572.534398,2.758559470037804
BKDN170795574-1A,107,Feces,393.967836,2.596561730521485
BKDN170795575-1A,126,Feces,603.576506,2.7814512663733777
BKDN170795576-1A,123,Feces,698.725465,2.844927679411268
BKDN170795577-1A,137,Feces,457.184279,2.6610401838043165
BKDN170795578-1A,176,Feces,389.944576,2.592115192067213
BKDN170795737-1A,126,Feces,745.550653,2.8730592796726837
BKDN170795738-1A,76,Feces,424.708981,2.629112812398417
BKDN170795739-1A,121,Feces,590.93343,2.7722728678558717
BKDN170795740-1A,145,Feces,634.176221,2.80289423110388
BKDN170795742-1A,144,Feces,491.377265,2.6922979916333727
BKDN170795743-1A,121,Feces,515.335368,2.712931874419979
BKDN170795744-1A,224,Feces,546.616911,2.738476851150377
BKDN170795745-1A,174,Feces,709.724602,2.8517013489698195
BKDN170795836-1A,73,Feces,437.25566100000003,2.6417275346350473
BKDN170795837-1A,103,Feces,405.500408,2.609060985826913
BKDN170795838-1A,63,Feces,411.412728,2.615332060139282
BKDN170795907-1A,66,Feces,424.574195,2.628975286324421
BKDN170795910-1A,95,Feces,414.03072199999997,2.618080245871697
BKDN170795911-1A,120,Feces,461.338255,2.6649598295143253
BKDN170795912-1A,141,Feces,684.24391,2.8358451845031847
BKDN170795916-1A,209,Feces,467.410478,2.670626601359089
BKDN170795999-1A,123,Feces,377.405191,2.577957085465464
BKDN170796000-1A,73,Feces,323.275551,2.510914205946927
BKDN170796004-1A,137,Feces,449.081887,2.653291535635135
BKDN170796006-1A,89,Feces,508.557089,2.707192847908177
BKDN170796077-1A,122,Feces,352.11763099999996,2.547919402227076
BKDN170796080-1A,145,Feces,529.056587,2.724322235846086
BKDN170796085-1A,117,Feces,553.805195,2.744140519000509
BKDN170796086-1A,107,Feces,573.563166,2.7593377808698243
BKDN170796173-1A,70,Feces,378.213017,2.5788832366677235
BKDN170796245-1A,182,Feces,545.78236,2.7378144951455354
BKDN170796247-1A,160,Feces,502.990159,2.702422056418298
BKDN170796249-1A,174,Feces,537.217121,2.730957508807815
BKDN170796250-1A,138,Feces,395.325091,2.598051568013983
BKDN170796251-1A,91,Feces,465.402709,2.66876106426454
BKDN170796252-1A,106,Feces,612.277919,2.7876573282467785
BKDN170796253-1A,140,Feces,657.383316,2.8184788169476183
BKDN170796254-1A,127,Feces,783.808544,2.8947637224451017
BKDN170796413-1A,120,Feces,440.779484,2.6452055436031503
BKDN170796417-1A,122,Feces,463.937364,2.6673944490159025
BKDN170796418-1A,110,Feces,581.060318,2.7649679922395776
BKDN170796419-1A,99,Feces,689.6617590000001,2.8392654103784487
BKDN170796420-1A,175,Feces,1215.7560680000001,3.0852035207609068
BKDN170796421-1A,160,Feces,393.975953,2.5965706556332684
BKDN170796422-1A,117,Feces,484.65777299999996,2.686330344052957
BKDN170796424-1A,145,Feces,448.091787,2.6523351127487644
CCH108A,93,CC,387.886416,2.589822773285602
CCH111-1A,72,CC,382.954372,2.5842796171643787
CCH112-2A,81,CC,411.156908,2.6150625832799013
CCH119-1A,61,CC,326.21509199999997,2.514833326237569
CCH127-1A,82,CC,420.06169,2.6243457292415213
CCH150-1B,149,CC,501.826478,2.7014181388359586
CCH151-2A,118,CC,474.390108,2.6770501406111116
CCH156-3B,125,CC,400.010968,2.6031562511157835
CCH157-2B,151,CC,500.149037,2.699966900161262
CCH162-1A,163,CC,610.057444,2.7860820391125216
CCH180-3A,120,CC,408.730455,2.6124982459811577
CCH186-1A,163,CC,491.51441700000004,2.6924189477918126
CCH209A,152,CC,538.199279,2.731749302802985
CCH210A,117,CC,417.914982,2.622125892668634
CCH212A,147,CC,404.536658,2.608030117850614
CCH221-1A,132,CC,393.260615,2.5957833950227918
CCH227-3A,149,CC,430.039119,2.634516686390169
CCH247A,142,CC,429.90905399999997,2.634385619316795
CCH250-2A,138,CC,393.974955,2.5965695582843353
CCH251-1A,140,CC,399.519089,2.6026232196706998
CCH258A,138,CC,487.60216099999997,2.6889553834485107
CCH259-3A,105,CC,468.240593,2.671395574955309
CCH263-2A,91,CC,437.224154,2.641696311289083
CCH277-1A,85,CC,382.016091,2.5832170196232282
CCH287A,52,CC,252.857184,2.404589458177539
CCH294-1A,82,CC,373.797124,2.5737962496764606
CCH295-1A,85,CC,469.93389,2.672959944871246
CCH306-2A,87,CC,432.276097,2.636764730512926
CCH323-3A,93,CC,394.93066,2.597619133864459
CCH324-4A,87,CC,405.537312,2.6091004113127836
CCH325-1A,78,CC,402.212993,2.6055345182224063
CCH326A,83,CC,475.151255,2.6777449333450374
CCH328A,133,CC,490.48317000000003,2.6915086507515236
CCH340-2A,71,CC,381.018868,2.5820848133460617
CCH346-1A,80,CC,373.285724,2.5732032625772536
CCH57A,131,CC,467.161054,2.6703952822004045
CCH74-3A,69,CC,315.26820299999997,2.500055530974224
CCH93-1A,90,CC,371.539472,2.5711722947047195
CCH95-1A,94,CC,392.022567,2.594417487887369
CCS15B,76,CC,300.958571,2.479947361432911
CCS16B,91,CC,171.570625,2.2369668719925877
CCS17A,58,CC,268.523227,2.4305961978094515
CCS18A,112,CC,263.602928,2.422594645623241
CCS19A,74,CC,396.739103,2.5995982899608623
CCS20A,67,CC,337.586747,2.5296699549028268
CCS24A,70,CC,307.031066,2.4885945188121488
CCS25B,140,CC,374.551395,2.5746693795226627
CCS26A,77,CC,188.749021,2.278179543853976
CCS27A,46,CC,169.407156,2.2314878283770287
CCS28B,54,CC,276.802787,2.443736598394576
CCS29B,89,CC,308.271494,2.490339892298605
CCS30A,96,CC,278.819651,2.446878210588923
CCS34A,78,CC,327.045834,2.515934526829487
CCY10A,76,CC,662.637299,2.8219307870790495
CCY11A,72,CC,580.075451,2.76423252795909
CCY13A,78,CC,541.142387,2.7341133635996506
CCY17A,77,CC,527.541352,2.7230789712893517
CCY20A,89,CC,657.082773,2.8182805221797804
CCY23A,87,CC,743.905688,2.8721012905013468
CCY24A,91,CC,519.66944,2.7165620880869623
CCY25B,76,CC,652.447952,2.8152110011600278
CCY26A,99,CC,717.440457,2.856390780448133
CCY27A,82,CC,517.518947,2.71476463040145
CCY28A,92,CC,472.366993,2.675197972102315
CCY30A,106,CC,484.42006299999997,2.686117722284592
CCY33B,72,CC,507.735153,2.7064917479054906
CCY34B,106,CC,586.904033,2.769306439443441
CCY35B,96,CC,624.9361260000001,2.7965300176496193
CCY36B,77,CC,578.881117,2.7633389667992176
CCY37A,88,CC,494.834416,2.695336667974664
CCY39A,84,CC,709.13283,2.8513395908887946
CCY41B,133,CC,511.061374,2.7093220172104293
CCY42A,72,CC,790.394935,2.8983932664144794
CCY43A,84,CC,561.0792309999999,2.749797538275083
CCY44A,109,CC,451.544119,2.6556609254290042
CCY46B,60,CC,466.879014,2.670133566012027
CCY47A,84,CC,750.312739,2.875820752649822
CCY48A,85,CC,640.9315359999999,2.807488711677981
CCY49A,107,CC,760.996442,2.8819529434874034
CCY50A,91,CC,655.462895,2.8172101836590713
CCY6A,98,CC,573.6499299999999,2.759403358135921
CCY8A,111,CC,658.392054,2.819143709375612
CCY9B,88,CC,553.663688,2.7440297349838945
FDM11A,162,Feces,388.560522,2.59057493910425
FDM12B,65,Feces,125.216431,2.101115895543081
FDM14A,178,Feces,202.98196,2.3095917604705587
FDM15A,151,Feces,293.137439,2.4685503067793353
FDM16A,110,Feces,303.08983,2.483001895814183
FDM17B,117,Feces,216.077244,2.336614299165085
FDM18A,113,Feces,261.609829,2.4193109768965573
FDM19A,157,Feces,339.106984,2.531615550137719
FDM1B,173,Feces,360.819609,2.558492099974665
FDM20B,118,Feces,295.36319299999997,2.4718242651993543
FDM21B,115,Feces,118.335357,2.0767691366712624
FDM23A,176,Feces,231.24505299999998,2.365946471954447
FDM24B,122,Feces,183.322281,2.2655778361983248
FDM25B,153,Feces,314.751936,2.4993460220667645
FDM26A,185,Feces,353.348682,2.5494308217421193
FDM27B,146,Feces,200.065702,2.3033379945027224
FDM28B,101,Feces,314.413355,2.4988800779593214
FDM29B,161,Feces,277.04894,2.4441212437645525
FDM30A,105,Feces,159.199008,2.204659822475685
FDM32B,143,Feces,429.732652,2.6342077950175917
FDM33A,133,Feces,325.6237,2.514047694196691
FDM34B,127,Feces,224.097954,2.352371547552505
FDM3B,174,Feces,423.739502,2.6281226535097373
FDM5B,139,Feces,390.246646,2.5924506275386947
FDM6A,202,Feces,359.75524,2.557212647974978
FDM7A,164,Feces,364.317626,2.5626706267420762
FDM8B,184,Feces,302.246016,2.481795103881293
FH108B,133,Feces,382.240929,2.5834718842521345
FH111B,103,Feces,388.104588,2.5900663516758464
FH127B,138,Feces,251.110305,2.401590597811189
FH151A,121,Feces,320.480516,2.5071546567311502
FH157B,200,Feces,432.018487,2.6365064382256436
FH180A,158,Feces,333.725977,2.5246894178551726
FH206B,159,Feces,383.589075,2.584996943099016
FH221B,151,Feces,457.33571900000004,2.6611837039829958
FH227B,133,Feces,295.311115,2.4717479427140314
FH247A,111,Feces,418.156281,2.622375978387382
FH251B,155,Feces,395.587841,2.598339395024217
FH287B,140,Feces,471.98549199999997,2.6748478197209518
FH295A,174,Feces,347.017144,2.5416006386626835
FH306B,146,Feces,365.215526,2.563736752617752
FH323B,147,Feces,438.119033,2.642582261398931
FH324B,149,Feces,413.9793,2.618026433772361
FH326B,127,Feces,506.69718,2.705604751126015
FH328A,151,Feces,443.481161,2.647853358451049
FH340B,120,Feces,385.96163,2.5876679037646104
FH74B,83,Feces,394.289183,2.596914930134302
FH93B,112,Feces,314.430125,2.498903168055975
FH95B,63,Feces,236.128666,2.374984058124504
FJY10A,199,Feces,762.774783,2.8829653154869734
FJY12A,196,Feces,680.682924,2.8335824151581206
FJY13B,107,Feces,359.239861,2.5565917663806355
FJY14A,147,Feces,573.796394,2.759514034913103
FJY15A,93,Feces,551.150652,2.742057589333707
FJY16B,185,Feces,663.448362,2.8224612351359926
FJY17A,139,Feces,359.968811,2.5574696789257225
FJY18A,103,Feces,504.030682,2.7033177635018686
FJY19A,120,Feces,279.410419,2.447794146349334
FJY1A,253,Feces,804.984625,2.9063267572624767
FJY20A,152,Feces,402.355321,2.60568779046132
FJY21A,101,Feces,525.945648,2.721765822060744
FJY22A,182,Feces,548.291899,2.7398031940595144
FJY23A,218,Feces,575.0828779999999,2.760484967570526
FJY24B,178,Feces,541.555973,2.7344445489926055
FJY25B,218,Feces,722.8471040000001,2.8596468411950133
FJY26A,160,Feces,702.718877,2.847399200973363
FJY27B,113,Feces,304.180745,2.4845571288763906
FJY28A,164,Feces,516.784418,2.7141489768087017
FJY29A,176,Feces,733.8606580000001,2.86620499731724
FJY2A,223,Feces,962.500753,2.9838520584036328
FJY30A,120,Feces,524.6322,2.7206819620577614
FJY32B,167,Feces,378.005593,2.5786456189156044
FJY35A,68,Feces,87.904559,1.9489240320363166
FJY37A,88,Feces,1049.661787,3.021462937076382
FJY3A,213,Feces,603.336246,2.781278642512105
FJY43B,164,Feces,361.158691,2.558898911759716
FJY44A,167,Feces,864.193626,2.93711331127188
FJY45A,130,Feces,156.492945,2.1972611040545424
FJY4A,202,Feces,736.115447,2.8675355123753903
FJY52A,174,Feces,1199.328693,3.079300187722112
FJY53A,170,Feces,1188.3628860000001,3.0753143822405367
FJY59A,66,Feces,109.343041,2.042744948729212
FJY5A,235,Feces,706.053999,2.849452582923052
FJY61B,142,Feces,452.821357,2.6568849300879185
FJY63B,111,Feces,225.089752,2.354280877468241
FJY64B,182,Feces,1253.838232,3.0985877421692267
FJY65A,92,Feces,339.145248,2.53166440802687
FJY69A,194,Feces,944.9788149999999,2.9758814105755556
FJY6B,133,Feces,403.053706,2.6064390944899922
FJY73A,105,Feces,512.710933,2.7107188086502556
FJY74A,167,Feces,872.467025,2.941246514206349
FJY75A,135,Feces,758.7682590000001,2.880681145984832
FJY78B,120,Feces,316.600679,2.5018814222362864
FJY79A,91,Feces,323.718245,2.51150669109047
FJY7A,159,Feces,713.90531,2.854248522825154
FJY80B,99,Feces,629.230912,2.7994997009353817
FJY8A,164,Feces,857.188228,2.933582552902659
FJY9B,195,Feces,1067.472614,3.0287633952496416
FM13B,116,Feces,378.347075,2.5790367397345872
FM14A,107,Feces,360.16741,2.557708554776228
FM15B,137,Feces,378.180302,2.5788457681309414
FM17B,161,Feces,616.812133,2.790856433009148
FM18B,165,Feces,513.246824,2.7111716181625147
FM1B,159,Feces,438.663731,2.6431206410205834
FM21A,170,Feces,369.364324,2.5686291458388637
FM2B,103,Feces,299.02761200000003,2.477161225344357
FM3B,177,Feces,370.583512,2.5700564351217055
FM4B,56,Feces,308.27900700000004,2.490350442300383
FM5B,106,Feces,612.421716,2.7877591465601106
FM6B,93,Feces,315.412045,2.500253007624205
FM7B,72,Feces,362.69407,2.560736219978899
FM8B,92,Feces,290.85301400000003,2.465164182678934
GCH111B,50,GS,85.800603,1.9385227422117794
GCH112A,19,GS,16.164701,1.2346362426478117
GCH119A,2,GS,0.263699,0.10164364182120351
GCH151B,57,GS,5.567438,0.8173959815136882
GCH156B,78,GS,17.056848,1.256641942230137
GCH162B,67,GS,3.651165,0.6675617463742246
GCH186B,173,GS,580.177739,2.764308971051631
GCH206A,14,GS,7.515822,0.9302265751211826
GCH209B,127,GS,206.314628,2.3166299467419504
GCH212B,151,GS,379.413846,2.5802563156574965
GCH221A,103,GS,95.674655,1.985312630893915
GCH227B,93,GS,157.401939,2.1997604934898782
GCH250A,8,GS,1.740561,0.43783947313639343
GCH251A,67,GS,46.094468,1.6729698952780379
GCH263A,5,GS,1.358279,0.37259518370761613
GCH277A,10,GS,111.2024,2.050002146542327
GCH294A,10,GS,25.794704,1.4280489637727378
GCH295A,15,GS,28.461971,1.4692617976929754
GCH323A,1,GS,0.120128,0.049267653489263485
GCH324A,11,GS,7.3585840000000005,0.9221327112819967
GCH325A,32,GS,28.166225,1.4648802217935597
GCH326A,25,GS,14.449523,1.188915075238794
GCH340A,7,GS,1.71067,0.43307664930218565
GCH346A,14,GS,4.774587,0.7615209288178719
GCH74A,5,GS,1.027809,0.3070270462468623
ICH108-1A,2,IC,0.286606,0.10944557237199383
ICH111-1A,0,IC,0,0
ICH112-1A,0,IC,0,0
ICH119-1A,0,IC,0,0
ICH127-1A,1,IC,0.130227,0.05316567794944773
ICH150-1A,7,IC,6.310871,0.863969120864798
ICH151-1A,13,IC,4.934003000000001,0.7733477615431953
ICH180-1A,31,IC,75.047911,1.8810872886896968
ICH206-1A,2,IC,0.9788600000000001,0.2964150699122111
ICH210-1A,9,IC,9.033153,1.0014374350460682
ICH221-1A,2,IC,0.527257,0.18391212434548204
ICH227-1A,32,IC,52.581555,1.7290153131938
ICH247-1A,120,IC,591.204686,2.7724718395542776
ICH250-1A,2,IC,0.722734,0.23621822506823612
ICH258-1A,19,IC,19.709467,1.3161689215908152
ICH259-1A,13,IC,11.329264,1.0909371519988924
ICH263-1A,5,IC,3.363358,0.6398208469648459
ICH277-1A,1,IC,0.047072,0.01997654617510546
ICH287-1A,2,IC,0.920884,0.28350113910374986
ICH294-1A,1,IC,0.296059,0.11262477220679823
ICH295-1A,3,IC,0.61783,0.20893288443275343
ICH306-1A,3,IC,0.555408,0.19184432835121332
ICH323-1A,2,IC,0.790465,0.2529658358447475
ICH324-1A,4,IC,1.347918,0.3706829252973068
ICH325-1A,3,IC,0.423672,0.1534099436560483
ICH326-1A,3,IC,2.228643,0.5090200265280016
ICH328-1A,3,IC,0.580855,0.19889203717585555
ICH340-1A,0,IC,0,0
ICH346-1A,5,IC,1.127376,0.327844255438084
ICH57-1A,9,IC,60.510379,1.7889484029642704
ICH93-1A,0,IC,0,0
ICH95-1A,0,IC,0,0
JCH108-1A,4,JC,2.113303,0.49322139014101113
JCH111-1A,3,JC,1.1250580000000001,0.3273707879092479
JCH112-1A,3,JC,2.784301,0.577985672507803
JCH119-1A,6,JC,2.755424,0.5746589774160525
JCH127-1A,6,JC,3.513814,0.6545436592083073
JCH157-1A,95,JC,484.491594,2.686181714756857
JCH180-1A,9,JC,4.53265,0.7429331972561759
JCH206-1A,5,JC,1.97569,0.47358768550894753
JCH209-1A,63,JC,47.174177,1.6828143039728112
JCH210-1A,4,JC,1.676856,0.42762500918189955
JCH247-1A,17,JC,40.742765999999996,1.6205812233287782
JCH250-1A,2,JC,1.363274,0.3735140770236031
JCH258-1A,5,JC,2.559224,0.5513553212161693
JCH259-1B,14,JC,8.545079,0.9797795271898311
JCH263-1A,3,JC,0.576367,0.197657334676239
JCH277-1A,0,JC,0,0
JCH287-1A,1,JC,0.458388,0.16387308217241103
JCH294-1A,2,JC,0.650348,0.21757553121034576
JCH295-1A,1,JC,0.137939,0.05611898202966456
JCH306-1A,1,JC,0.115203,0.047353929048135464
JCH323-1A,2,JC,0.744256,0.2416102255668527
JCH324-1A,2,JC,0.496787,0.17516000254327466
JCH325-1A,0,JC,0,0
JCH326-1A,5,JC,1.350268,0.3711173874993514
JCH328-1A,1,JC,1.920994,0.46553066489221884
JCH340-1A,2,JC,0.700936,0.2306879730071931
JCH346-1A,2,JC,0.287443,0.10972801026976872
JCH57-1A,10,JC,5.617438,0.8206898810071575
JCH74-1A,5,JC,3.1095859999999997,0.6137980732211711
JCH93-1A,8,JC,2.3715729999999997,0.5278325672913065
JCH95-1A,7,JC,1.63907,0.4214509098148012
MCH108B,108,MS,186.479021,2.2729526770040938
MCH111A,23,MS,23.07982,1.3816532361863303
MCH112B,57,MS,68.103853,1.8395022628588305
MCH119B,51,MS,83.473838,1.926722226446829
MCH127B,53,MS,52.37397,1.7273295071875063
MCH151A,51,MS,1.720704,0.43468129512070747
MCH156B,29,MS,0.596043,0.20304458777358067
MCH221A,89,MS,71.911343,1.8627950978529204
MCH259B,90,MS,49.103022,1.6998639214429583
MCH277B,66,MS,89.10952,1.9547706762738195
MCH287B,67,MS,41.847623999999996,1.6319267442919208
MCH294B,57,MS,25.054739,1.4158867270354027
MCH295B,69,MS,72.083271,1.8638179769051761
MCH306A,16,MS,4.75107,0.759748653709483
MCH323B,55,MS,52.426302,1.72775511472989
MCH324B,63,MS,132.017337,2.123908249032773
MCH325B,75,MS,132.087665,2.1241378055071336
MCH326B,77,MS,319.644197,2.5060233844881443
MCH328B,66,MS,96.499763,1.9890035600275902
MCH340B,50,MS,85.480221,1.9369167907851923
MCH346B,60,MS,62.42658,1.8022712946046027
MCH74B,70,MS,91.154292,1.9645155668856278
MCH95A,27,MS,6.330811,0.8651520228459896
SHCC100A,76,CC,308.878483,2.4911914212254285
SHCC101A,74,CC,298.888783,2.4769602217705025
SHCC102A,91,CC,373.528645,2.5734850393644173
SHCC103A,92,CC,371.233385,2.5708153216992797
SHCC104A,74,CC,351.918728,2.547674705260643
SHCC105A,91,CC,410.862096,2.6147518253249507
SHCC106A,109,CC,434.526261,2.6390143468604155
SHCC107A,58,CC,227.659927,2.359190060506715
SHCC108A,114,CC,357.655554,2.5546775605384604
SHCC109A,50,CC,229.97742,2.3635695260016094
SHCC10A,94,CC,376.16578200000004,2.576532284906563
SHCC110A,95,CC,395.127075,2.5978345271335157
SHCC111A,119,CC,357.537805,2.5545349553657624
SHCC112A,81,CC,418.126844,2.6223454771729644
SHCC113A,68,CC,363.23769599999997,2.561384890161843
SHCC114A,99,CC,366.978932,2.565822954602688
SHCC115A,112,CC,411.786346,2.615725323418264
SHCC116A,106,CC,343.44678700000003,2.5371221380076663
SHCC117A,70,CC,350.064288,2.5453866531242406
SHCC118A,27,CC,33.506338,1.5378988720477904
SHCC119A,86,CC,329.901428,2.5196986413550237
SHCC11A,103,CC,340.139295,2.5329317476066238
SHCC120A,44,CC,104.157188,2.021838964155403
SHCC121A,95,CC,321.32573,2.508294974922832
SHCC122B,83,CC,421.52479700000004,2.6258522017691477
SHCC123A,61,CC,277.405381,2.4446776250334343
SHCC124B,75,CC,428.218526,2.6326784587877006
SHCC125A,86,CC,309.254422,2.491717980135354
SHCC126A,114,CC,381.185339,2.5822740230813084
SHCC127A,43,CC,128.756538,2.11312924972502
SHCC128A,86,CC,364.773909,2.563212723607731
SHCC129A,51,CC,142.379575,2.156487288733597
SHCC12A,84,CC,359.694002,2.557138920472062
SHCC130A,76,CC,294.722076,2.4708837463290094
SHCC131A,91,CC,288.460083,2.4615886823014805
SHCC132A,85,CC,312.945018,2.4968535956209124
SHCC133A,73,CC,240.236804,2.3824435661330283
SHCC134A,71,CC,241.870213,2.385374253697708
SHCC135A,96,CC,397.382603,2.6003003649271923
SHCC136A,91,CC,361.59076,2.5594167326548485
SHCC137A,97,CC,337.891829,2.5300610977161284
SHCC138A,108,CC,461.453436,2.665068010574916
SHCC139A,98,CC,434.495685,2.63898385626682
SHCC13A,89,CC,335.271423,2.5266899616924445
SHCC140A,81,CC,307.847399,2.489743948219596
SHCC141A,121,CC,402.43027,2.6057684808890644
SHCC142B,107,CC,383.103134,2.5844478507042377
SHCC143A,69,CC,358.55345,2.5557634602671246
SHCC144A,84,CC,302.360546,2.4819590973186187
SHCC145A,76,CC,248.035086,2.3962605381910853
SHCC146A,98,CC,372.55075500000004,2.5723496185178876
SHCC147A,115,CC,335.391691,2.526845260022973
SHCC148A,111,CC,396.252473,2.5990666094839754
SHCC149A,100,CC,397.35603000000003,2.600271395559337
SHCC14A,46,CC,121.409672,2.0878157342333736
SHCC150A,115,CC,340.72121200000004,2.53367193802798
SHCC151A,63,CC,353.364503,2.5494502117383684
SHCC152A,104,CC,326.184533,2.5147927650740987
SHCC153A,103,CC,290.811595,2.465102544392497
SHCC154A,85,CC,328.74571,2.5181791540729987
SHCC155A,87,CC,356.377425,2.5531271153000654
SHCC156A,94,CC,358.463457,2.555654746652372
SHCC157B,56,CC,316.766538,2.502108162452599
SHCC158A,106,CC,238.278007,2.3789027827025198
SHCC159A,78,CC,301.980051,2.4814140343576354
SHCC15A,99,CC,441.86870600000003,2.646274993240996
SHCC160B,58,CC,280.689077,2.4497700067635537
SHCC161A,89,CC,376.905607,2.5773833356087192
SHCC162A,112,CC,408.499752,2.6122536430804075
SHCC163A,83,CC,374.002619,2.574034300829789
SHCC164B,84,CC,398.243307,2.6012376442661704
SHCC165A,90,CC,356.491822,2.5532661113094166
SHCC166A,101,CC,481.424956,2.6834297659081154
SHCC167A,102,CC,547.699296,2.7393344029817337
SHCC168A,121,CC,426.438385,2.6308735202734055
SHCC169A,122,CC,297.770571,2.4753378171000335
SHCC16A,55,CC,368.16974300000004,2.567226099215692
SHCC170A,87,CC,295.714637,2.472338970690076
SHCC171A,134,CC,394.684668,2.597349222537954
SHCC172A,64,CC,224.527841,2.353200162383922
SHCC173A,70,CC,226.941528,2.3578234552296866
SHCC174A,75,CC,302.249047,2.4817994447132468
SHCC175A,106,CC,450.886883,2.655029735171881
SHCC176A,83,CC,361.455961,2.5592552466130667
SHCC177A,113,CC,390.611445,2.5928553757452786
SHCC178A,62,CC,373.246978,2.57315830215277
SHCC179A,125,CC,448.483991,2.6527142283402756
SHCC17A,68,CC,349.965018,2.5452638308627273
SHCC180A,98,CC,406.261512,2.6098733692909546
SHCC181A,103,CC,480.502998,2.6825989955328344
SHCC182A,85,CC,320.557216,2.5072582599421667
SHCC183A,79,CC,242.573926,2.3866307962745
SHCC184A,82,CC,406.891977,2.6105451630790566
SHCC185B,113,CC,497.161024,2.6973697454327357
SHCC186A,115,CC,372.028834,2.57174240275535
SHCC187A,113,CC,350.228569,2.5455898342683225
SHCC188A,127,CC,373.05249100000003,2.572932551270128
SHCC189A,81,CC,396.979476,2.5998606758682143
SHCC18A,120,CC,396.459792,2.5992932009277006
SHCC190A,86,CC,403.979477,2.6074330151862997
SHCC191A,109,CC,410.273373,2.6141305929677134
SHCC192A,102,CC,393.940598,2.5965317794218548
SHCC193A,100,CC,347.989276,2.5428120818429023
SHCC194A,104,CC,326.54879,2.515275999441005
SHCC195A,101,CC,350.336477,2.5457232421273917
SHCC196A,99,CC,527.202695,2.7228006127373248
SHCC197A,123,CC,386.698879,2.5884945452816024
SHCC198A,68,CC,286.02608499999997,2.4579213673150835
SHCC199A,98,CC,433.024583,2.637514328496135
SHCC19A,59,CC,184.486312,2.2683118662841903
SHCC1A,83,CC,440.448335,2.644879883140396
SHCC200A,121,CC,346.010727,2.5403429001652276
SHCC201A,107,CC,443.680149,2.648047742509005
SHCC202A,109,CC,404.78785,2.6082990393534367
SHCC203A,83,CC,393.033596,2.595533252118437
SHCC204B,121,CC,462.72425499999997,2.666259812171779
SHCC205A,97,CC,399.812609,2.602941375366643
SHCC206A,86,CC,421.411704,2.625735942935313
SHCC207A,125,CC,378.633537,2.579364571222811
SHCC208A,76,CC,381.905207,2.5830912722134265
SHCC209A,96,CC,382.826366,2.5841348042061627
SHCC20A,82,CC,296.54528600000003,2.4735530741423863
SHCC210A,87,CC,470.753619,2.6737152404865743
SHCC211A,97,CC,295.850594,2.472537922289075
SHCC212A,141,CC,416.548485,2.6207069122636213
SHCC213A,94,CC,361.699778,2.559547289759082
SHCC214A,90,CC,362.211841,2.560159998431467
SHCC215A,69,CC,305.120819,2.485892866576613
SHCC216A,98,CC,345.43487400000004,2.539621603967186
SHCC217A,87,CC,472.454129,2.675277908392714
SHCC218A,98,CC,376.499144,2.576915971179782
SHCC219A,84,CC,387.977142,2.5899240810302278
SHCC21A,51,CC,223.563195,2.351338578647574
SHCC220A,52,CC,214.268653,2.332980793314961
SHCC221A,90,CC,368.721871,2.5678751421437487
SHCC222A,74,CC,328.939416,2.5184342013554484
SHCC223A,85,CC,325.353472,2.513688237416307
SHCC224A,128,CC,424.078616,2.6284692579033924
SHCC225B,94,CC,355.271805,2.5517814540730743
SHCC226A,91,CC,388.509519,2.5905180756123265
SHCC227A,113,CC,438.075974,2.642539673395214
SHCC228A,121,CC,428.82304700000003,2.6332896985369385
SHCC229A,146,CC,377.747382,2.578349639564795
SHCC22A,36,CC,90.856689,1.9631107870981805
SHCC230A,110,CC,381.3966,2.5825140221819836
SHCC231A,127,CC,367.525396,2.5664674215373333
SHCC232A,115,CC,389.938315,2.592108236760267
SHCC233A,51,CC,189.199122,2.279208507809412
SHCC234B,115,CC,325.037971,2.513268181771841
SHCC235A,133,CC,470.718372,2.6736827910280705
SHCC236A,105,CC,382.03192,2.5832349674470105
SHCC237A,78,CC,205.327481,2.314557076018783
SHCC238A,116,CC,347.965998,2.5427831129180154
SHCC239A,51,CC,186.328184,2.2726031229964363
SHCC23A,74,CC,240.582984,2.3830663413102067
SHCC240A,110,CC,407.437148,2.611125234976388
SHCC241A,87,CC,378.949138,2.579725463552722
SHCC242A,121,CC,399.16147,2.60223526977756
SHCC243A,112,CC,446.862851,2.651145040397782
SHCC244A,108,CC,424.628622,2.629030825017026
SHCC245A,57,CC,239.779739,2.3816199393519653
SHCC246A,125,CC,402.663641,2.6060196331750114
SHCC247A,117,CC,384.132768,2.5856104709887764
SHCC248A,102,CC,395.49346099999997,2.5982360292954017
SHCC249A,117,CC,415.638829,2.6197597419310323
SHCC24A,101,CC,341.958746,2.535241882543992
SHCC250A,118,CC,362.899425,2.560981369355061
SHCC251B,120,CC,451.0519,2.6551882989478006
SHCC252A,138,CC,425.38829300000003,2.629805272108346
SHCC253A,94,CC,406.93960699999997,2.6105958731682524
SHCC254B,119,CC,544.76747,2.737007646356744
SHCC255B,103,CC,326.838711,2.515660233496457
SHCC256A,123,CC,388.878654,2.5909294580559354
SHCC257A,78,CC,295.312132,2.471749433298447
SHCC258A,83,CC,334.065519,2.5251297376576387
SHCC259A,90,CC,378.397769,2.5790947727470614
SHCC25A,96,CC,372.075136,2.5717963059751034
SHCC260A,112,CC,307.837871,2.4897305499469646
SHCC261A,96,CC,390.134199,2.5923257903516523
SHCC262A,118,CC,417.788073,2.621994304563526
SHCC263A,106,CC,387.326823,2.589197389718231
SHCC264A,108,CC,422.563336,2.6269183601653396
SHCC265A,91,CC,390.620838,2.592865792394738
SHCC266B,131,CC,424.549376,2.6289499580287035
SHCC267A,117,CC,433.27406,2.6377638889171187
SHCC268A,130,CC,357.397519,2.554364994605213
SHCC269A,137,CC,343.301799,2.536939291928408
SHCC26B,91,CC,548.680714,2.740110499653902
SHCC270A,141,CC,403.887133,2.6073339754449014
SHCC271B,102,CC,453.70766999999995,2.6577322799376395
SHCC272B,112,CC,469.68771,2.6727328587084163
SHCC273B,100,CC,348.800611,2.5438205637295552
SHCC274A,106,CC,459.25719899999996,2.663000590139711
SHCC275A,70,CC,219.38435,2.3431807510238443
SHCC276A,99,CC,569.488268,2.7562467176494976
SHCC277A,85,CC,291.885605,2.4666980271179395
SHCC278A,82,CC,373.062538,2.572944216205307
SHCC279A,100,CC,327.153949,2.5160776349180667
SHCC27A,81,CC,402.378129,2.605712347242859
SHCC280A,67,CC,270.327175,2.433493293066826
SHCC281A,103,CC,429.248382,2.633719245786831
SHCC282A,87,CC,360.92285599999997,2.5586160103567295
SHCC283A,106,CC,359.114929,2.5564411259475865
SHCC284A,65,CC,198.575359,2.300106919161071
SHCC285A,122,CC,480.755771,2.682826925815178
SHCC286A,66,CC,176.67972,2.2496378611496546
SHCC287A,109,CC,467.12366000000003,2.670360591881056
SHCC288A,123,CC,509.42584600000004,2.707932657270678
SHCC289A,118,CC,431.69927,2.636186162508086
SHCC28B,68,CC,342.47974,2.535901125483793
SHCC290A,94,CC,347.593393,2.5423191515323396
SHCC291A,42,CC,119.185476,2.079851987848324
SHCC292A,104,CC,368.20561299999997,2.5672682949443315
SHCC293A,76,CC,330.353336,2.5202913473402697
SHCC294A,21,CC,55.628465,1.7530347895787664
SHCC295A,44,CC,144.302346,2.162272626318871
SHCC296A,109,CC,382.054484,2.5832605505160777
SHCC297B,134,CC,418.989541,2.623238475296605
SHCC298A,98,CC,362.412289,2.560399609143313
SHCC299B,123,CC,446.46411,2.6507582073524234
SHCC29A,93,CC,449.138713,2.65334636490312
SHCC2A,51,CC,213.946694,2.3323307698131157
SHCC300A,111,CC,398.36889,2.60137423122183
SHCC30A,85,CC,310.604947,2.49360434385851
SHCC31A,103,CC,434.071068,2.6385602038955107
SHCC32A,105,CC,369.963869,2.569331612423515
SHCC33A,93,CC,454.617868,2.6586007475002122
SHCC34A,66,CC,182.413378,2.26343100952204
SHCC35A,118,CC,430.60420899999997,2.635085671267039
SHCC36A,87,CC,350.616568,2.546069330626569
SHCC37A,53,CC,195.31019,2.2929428433896697
SHCC38A,105,CC,407.16074100000003,2.610831229711224
SHCC39A,97,CC,438.239384,2.642701273807777
SHCC3A,95,CC,372.789074,2.57262660263174
SHCC40A,52,CC,124.432759,2.0984109750508915
SHCC41A,88,CC,425.304693,2.629720113629504
SHCC42A,84,CC,421.001987,2.6253144958458066
SHCC43A,105,CC,376.92948,2.577410769932286
SHCC44A,119,CC,488.67202399999996,2.6899052925632625
SHCC45A,90,CC,435.010957,2.6394974032705267
SHCC46B,98,CC,452.627542,2.65669941487845
SHCC47A,106,CC,432.94201599999997,2.6374317022922313
SHCC48A,60,CC,246.757621,2.39402702221823
SHCC49A,104,CC,359.977827,2.557480526262196
SHCC4A,106,CC,470.80809,2.6737653833750032
SHCC50A,91,CC,394.937177,2.597626282272328
SHCC51A,81,CC,460.780476,2.664435567072472
SHCC52A,61,CC,312.779044,2.4966239354935325
SHCC53A,89,CC,365.430689,2.5639918391912797
SHCC54A,106,CC,443.248984,2.6476264432444787
SHCC55A,69,CC,326.657102,2.515419585769903
SHCC56A,97,CC,395.881042,2.598660354257559
SHCC57B,107,CC,569.9163149999999,2.7565724539599676
SHCC58A,95,CC,365.03335,2.5635206565996884
SHCC59A,59,CC,369.009931,2.56821338060921
SHCC5A,84,CC,478.720903,2.6809886425012777
SHCC60A,54,CC,317.441245,2.5030293131982644
SHCC61A,72,CC,337.631321,2.529727124795891
SHCC62A,93,CC,244.864626,2.3906960487138553
SHCC63A,99,CC,321.907024,2.509077492063501
SHCC64A,108,CC,293.766921,2.469478745017337
SHCC65A,89,CC,499.552942,2.699450018283865
SHCC66A,103,CC,401.076403,2.6043085860409825
SHCC67A,88,CC,381.068777,2.5821415482074874
SHCC68A,71,CC,314.029699,2.498351498246181
SHCC69B,126,CC,489.842435,2.690942101914949
SHCC6A,98,CC,360.267274,2.5578286220580946
SHCC70A,75,CC,339.918402,2.532650444090024
SHCC71A,85,CC,381.162761,2.582248365921134
SHCC72A,56,CC,250.592101,2.400697001852866
SHCC73A,101,CC,459.232241,2.6629770393607215
SHCC74A,90,CC,427.850184,2.6323056007496093
SHCC75A,101,CC,402.430626,2.6057688641244803
SHCC76A,101,CC,448.488408,2.652718496054676
SHCC77B,107,CC,407.536807,2.611231190261062
SHCC78A,114,CC,418.026087,2.62224106136123
SHCC79A,101,CC,322.199176,2.5094702448652058
SHCC7A,118,CC,486.979678,2.6884017361087897
SHCC80A,105,CC,378.323578,2.5790098384239744
SHCC81A,124,CC,475.322366,2.6779009745460827
SHCC82A,124,CC,570.475657,2.756997735596153
SHCC83A,97,CC,423.817764,2.6282026687275435
SHCC84A,103,CC,308.53068,2.4907037018031564
SHCC85B,93,CC,374.472138,2.5745777156097023
SHCC86A,84,CC,612.133069,2.7875547401965872
SHCC87A,65,CC,336.612205,2.528418138393014
SHCC88B,92,CC,411.308216,2.615221989004395
SHCC89A,102,CC,365.187325,2.563703307803403
SHCC8A,103,CC,459.049677,2.662804730120947
SHCC90A,96,CC,390.450559,2.5926769175832383
SHCC91A,84,CC,363.187125,2.5613245882455806
SHCC92A,96,CC,402.918027,2.6062932363141242
SHCC93A,70,CC,345.359215,2.539526746673053
SHCC94A,75,CC,317.698776,2.5033803955180796
SHCC95A,110,CC,378.404499,2.5791024764716983
SHCC96A,83,CC,289.375421,2.4629598524694
SHCC97A,63,CC,283.706823,2.4543978751404336
SHCC98A,140,CC,397.412846,2.6003333329067133
SHCC99A,109,CC,435.125566,2.6396115460801677
SHCC9A,77,CC,607.023194,2.7839201464340593
SHDC104A,3,DC,0.795729,0.25424079631516683
SHDC107A,3,DC,1.906154,0.4633186242696858
SHDC111A,4,DC,2.29269,0.5175508447031556
SHDC11C,15,DC,21.600823000000002,1.3541242540965512
SHDC12A,6,DC,3.297322,0.6331978967566989
SHDC139A,3,DC,0.772114,0.2484916565907773
SHDC141A,2,DC,0.723492,0.2364092718670191
SHDC14A,9,DC,7.621118,0.9355635894612018
SHDC154A,3,DC,0.722341,0.23611914000789444
SHDC157A,4,DC,1.844385,0.4539883797015988
SHDC170A,4,DC,1.63327,0.4204953913880122
SHDC174A,2,DC,0.687868,0.2273384795448604
SHDC178A,3,DC,0.647193,0.21674448801269905
SHDC191A,2,DC,0.595466,0.20288755364409
SHDC203A,3,DC,0.907928,0.2805619815878369
SHDC207A,3,DC,1.001862,0.30143413572861055
SHDC212A,1,DC,0.39147,0.143473847411056
SHDC213A,3,DC,1.596854,0.41444753346574686
SHDC214A,5,DC,1.806751,0.44820388604996303
SHDC239A,5,DC,1.217901,0.34594215673050954
SHDC23A,6,DC,4.4447659999999996,0.7359792197956498
SHDC245A,4,DC,1.039518,0.3095275425857822
SHDC247A,5,DC,0.8085829999999999,0.25733844431956754
SHDC249A,1,DC,0.046323,0.019665771972600894
SHDC260A,1,DC,0.019769,0.008501805696202703
SHDC262A,2,DC,0.351456,0.13080191073154768
SHDC285A,3,DC,1.219745,0.3463030864084168
SHDC288A,3,DC,0.631549,0.2126001214031181
SHDC294A,4,DC,1.351926,0.3714236531620768
SHDC298A,2,DC,0.131628,0.053703684715539025
SHDC301A,2,DC,0.711669,0.2334197852407624
SHDC302A,2,DC,0.686564,0.22700282599926114
SHDC34A,2,DC,1.648017,0.42292076890304503
SHDC39A,1,DC,0.490182,0.17323931322350006
SHDC46A,3,DC,0.957762,0.29175989463301916
SHDC47A,3,DC,0.627751,0.21158797082547612
SHDC58A,0,DC,0,0
SHDC61A,2,DC,1.174163,0.3372921006274017
SHDC68A,1,DC,0.314925,0.11890098247213425
SHDC78A,4,DC,0.739559,0.24043916314391123
SHDC93A,3,DC,0.793596,0.25372462670726237
SHIC104A,25,IC,52.136134999999996,1.7253899616433603
SHIC107A,28,IC,38.594252,1.5976321428479323
SHIC111A,73,IC,274.703709,2.4404426086425834
SHIC11C,8,IC,2.068963,0.4869916525267412
SHIC12A,8,IC,3.918754,0.6918551028776702
SHIC139A,11,IC,14.914442000000001,1.2017914157770464
SHIC141A,42,IC,15.660048,1.2216762483375816
SHIC14A,10,IC,14.200601,1.1818607593805384
SHIC154A,5,IC,2.051775,0.4845525109799164
SHIC157A,11,IC,10.478594,1.059888695079639
SHIC170A,36,IC,38.783763,1.5997058590509634
SHIC174A,35,IC,179.141432,2.255613610762719
SHIC178A,22,IC,24.565641,1.407656686140317
SHIC191A,3,IC,0.954716,0.29108366782272316
SHIC203A,9,IC,5.835324,0.83475910530869335
SHIC207A,7,IC,3.61397,0.6640747664146339
SHIC212A,10,IC,6.2221530000000005,0.8586666846380097
SHIC213A,10,IC,22.988197,1.3799976067682773
SHIC214A,32,IC,111.372755,2.050661028426704
SHIC239A,14,IC,21.475883,1.351716762674213
SHIC23A,12,IC,4.858561,0.7677909562050641
SHIC243A,33,IC,37.408065,1.584422427941255
SHIC245A,31,IC,55.588815,1.7527305996722176
SHIC247A,16,IC,10.711981999999999,1.0686303962530221
SHIC249A,17,IC,11.759371999999999,1.1058292994912244
SHIC260A,20,IC,21.644441,1.3549616041705823
SHIC262A,18,IC,41.55263,1.6289264071747676
SHIC285A,2,IC,1.4726329999999999,0.3931596610832162
SHIC288A,20,IC,27.730902,1.458349260780441
SHIC294A,6,IC,4.110314,0.7084475859033419
SHIC301A,32,IC,36.577033,1.574922486179699
SHIC34A,1,IC,0.343258,0.128159435762607
SHIC39A,3,IC,1.054403,0.31268564058000453
SHIC46A,14,IC,6.78273,0.8911319640805216
SHIC47A,7,IC,3.855925,0.6862719704194087
SHIC58A,9,IC,9.990400999999999,1.0410135385481598
SHIC61A,10,IC,2.227525,0.5088696149415556
SHIC68A,13,IC,17.001818,1.2553163666310085
SHIC78A,15,IC,4.082098,0.7060430354583225
SHIC93A,17,IC,17.406653,1.2649748251264945
SHMC11B,90,MS,23.710779,1.3928864366229898
SHMC12B,102,MS,22.247502,1.3663762937464232
SHMC139B,90,MS,63.571954,1.8100439287099694
SHMC141B,13,MS,5.0080729999999996,0.77873520084441
SHMC14B,34,MS,9.124910999999999,1.0053912143678154
SHMC154A,22,MS,5.873615,0.837185203090982
SHMC157B,20,MS,3.444621,0.6478347338942654
SHMC191B,42,MS,45.742925,1.669715885454861
SHMC207A,21,MS,13.800038,1.1702628304739524
SHMC212B,75,MS,172.122545,2.2383536278496057
SHMC213B,56,MS,88.14836,1.9501133581731613
SHMC239B,78,MS,81.596456,1.9169614132687642
SHMC243B,41,MS,21.703218,1.3560874193337227
SHMC245A,14,MS,5.617026,0.8206628411018614
SHMC247B,53,MS,14.292225,1.1844706793247277
SHMC249B,66,MS,23.096586,1.3819555161686745
SHMC260A,13,MS,4.861743,0.7680267734800034
SHMC262B,93,MS,91.428051,1.965803795307841
SHMC285A,12,MS,17.266962,1.261666325330408
SHMC288B,53,MS,55.127797,1.749177996619824
SHMC294B,77,MS,241.623549,2.3849329511241777
SHMC298A,7,MS,1.9680410000000002,0.472469895916549
SHMC34A,12,MS,3.751331,0.6768152864634474
SHMC39B,7,MS,1.9947249999999999,0.4763569481056582
SHMC47B,68,MS,103.97396499999999,2.0210816013666126
SHMC58B,37,MS,4.601261,0.748285809808332
SHMC68B,49,MS,8.833796,0.9927211947012187
SHMC78B,56,MS,9.020042,1.0008695419234437
SHMC93B,65,MS,19.503961,1.3118377671178134
SRR21163417,19,CR,49.863245,1.7064040640708669
SRR21163418,54,CR,296.664391,2.4737268839675832
SRR21163419,54,CR,402.364772,2.605697966276164
SRR21163420,7,CR,1.415052,0.38292648625520365
SRR21163421,19,CR,45.728687,1.6695835782281243
SRR21163422,90,CC,651.992718,2.814908338166267
SRR21163423,115,CC,1166.028387,3.0670814200278196
SRR21163424,91,CC,719.233963,2.8574735968960177
SRR21163425,91,CC,686.648824,2.8373667046075255
SRR21163426,107,CC,746.139223,2.873401536416269
SRR21163427,0,DC,0,0
SRR21163428,84,CC,780.887575,2.893144311797455
SRR21163429,80,CC,597.619319,2.777150728541107
SRR21163430,96,CC,529.862421,2.7249819833370714
SRR21163431,79,CC,555.392179,2.745381016645287
SRR21163432,93,CC,614.061087,2.788918251433179
SRR21163433,109,CC,524.698632,2.720736846876473
SRR21163434,85,CC,629.672557,2.7998039335733584
SRR21163435,70,CC,811.23358,2.9096809404695003
SRR21163436,94,CC,796.897115,2.9019468947737415
SRR21163437,78,CC,760.905729,2.88190123917707
SRR21163438,2,DC,3.767163,0.6782600016837657
SRR21163439,72,CC,790.5102860000001,2.898456563069524
SRR21163440,97,CC,812.300668,2.9102511290056623
SRR21163441,86,CC,822.060057,2.915431525943845
SRR21163442,50,CC,490.03060899999997,2.6911085652501785
SRR21163443,58,CC,724.232738,2.8604774005142533
SRR21163444,66,CC,653.653921,2.8160117733953425
SRR21163445,47,CC,506.811248,2.7057023162506444
SRR21163446,60,CC,579.923404,2.764118873503782
SRR21163447,62,CC,714.723832,2.854745478487902
SRR21163448,15,IC,18.086547,1.2807273660841891
SRR21163449,1,DC,0.404015,0.14737174766731181
SRR21163450,43,IC,49.107176,1.6998999269456887
SRR21163451,35,IC,170.272179,2.2336868230469284
SRR21163452,31,IC,121.794812,2.089180018536681
SRR21163453,123,IC,1197.123371,3.0785015397443565
SRR21163454,9,IC,10.44178,1.0584935929922634
SRR21163455,92,IC,169.074528,2.2306392743568155
SRR21163456,48,IC,123.428717,2.09492062308275
SRR21163457,126,IC,617.367162,2.7912464185867556
SRR21163458,134,IC,222.50448,2.349286232701867
SRR21163459,97,IC,952.943274,2.979522550258344
SRR21163460,1,DC,3e-6,1.3028814913777444e-6
SRR21163461,119,IC,296.450345,2.4734144769809685
SRR21163462,2,IC,1.19401,0.3412386026985473
SRR21163463,12,IC,52.0196,1.7244364469269113
SRR21163464,4,IC,19.068485,1.3025145881838232
SRR21163465,34,IC,206.613886,2.3172563974013536
SRR21163466,4,IC,0.852536,0.26776665630018376
SRR21163467,13,IC,46.566537,1.677301534507222
SRR21163468,5,IC,2.150991,0.4984471627246441
SRR21163469,5,IC,1.012754,0.30379069840028433
SRR21163470,18,IC,59.459956999999996,1.7814678339653616
SRR21163471,0,DC,0,0
SRR21163472,3,IC,0.436869,0.15741717511368872
SRR21163473,15,IC,32.855618,1.529630745811487
SRR21163474,6,IC,1.012428,0.30372035126993835
SRR21163475,12,JC,9.022119,1.0009595551353065
SRR21163476,6,JC,3.272138,0.6306452729695895
SRR21163477,8,JC,10.160397,1.0476796436914066
SRR21163478,10,JC,10.045397,1.0431813301495778
SRR21163479,10,JC,5.589957,0.8188825807967947
SRR21163480,11,JC,5.222829,0.7939878669692418
SRR21163481,20,JC,25.796739,1.4280819462498509
SRR21163482,1,DC,0.086143,0.0358870075939557
SRR21163483,16,JC,19.93884,1.320952618338365
SRR21163484,21,JC,21.51705,1.3525114921898733
SRR21163485,5,JC,5.1642529999999995,0.7898804552003491
SRR21163486,16,JC,23.833309,1.3950345924781242
SRR21163487,6,JC,8.246022,0.965954922464299
SRR21163488,0,JC,0,0
SRR21163489,3,JC,2.573079,0.5530426184651834
SRR21163490,2,JC,5.571339,0.8176538720043613
SRR21163491,3,JC,1.331466,0.36762908647717124
SRR21163492,2,JC,0.595348,0.20285543221746472
SRR21163493,1,DC,0.058865,0.024840593259138795
SRR21163494,1,JC,0.302848,0.11489375062289092
SRR21163495,0,JC,0,0
SRR21163496,0,JC,0,0
SRR21163497,3,JC,0.508057,0.1784177568637516
SRR21163498,0,JC,0,0
SRR21163499,1,JC,0.238769,0.09299032866941663
SRR21163500,0,JC,0,0
SRR21163501,10,DC,7.028198,0.9046180749822411
SRR21163502,12,DC,10.927049,1.0765330034733056
SRR21163503,10,DC,14.487473,1.189980562259908
SRR21163504,1,DC,0.23497,0.09165640780402093
SRR21163505,8,DC,7.341186,0.9212278056300283
SRR21163506,9,DC,6.184279999999999,0.8563832501744534
SRR21163507,30,DC,52.632091,1.7294247295019234
SRR21163508,12,DC,9.050877999999999,1.002204001448033
SRR21163509,6,DC,6.488537,0.8743969799307251
SRR21163510,31,DC,98.86443100000001,1.999410831858853
SRR21163511,14,DC,31.159995,1.5073159725555
SRR21163512,31,DC,97.51842099999999,1.9935174425856372
SRR21163513,175,CR,1002.151341,3.001366458048333
SRR21163514,101,CR,414.978387,2.6190707665630937
SRR21163515,44,CR,489.937351,2.6910260749112576
SRR21163516,112,CR,856.339393,2.933152779132633
SRR21163517,137,CR,2089.615376,3.320274140208592
SRR21163518,79,CR,796.6975639999999,2.9018382658095683
SRR21163519,77,CR,378.72880399999997,2.5794735414215966
SRR21163520,93,CR,602.762457,2.7808661043401903
SRR21163521,129,CR,859.281691,2.934640680099034
SRR21163522,0,DC,0,0
SRR21163523,140,CR,866.6284850000001,2.938333801842895
SRR21163524,64,CR,572.765135,2.758734154685256
SRR21163525,62,CR,267.608253,2.429119352254125
SRR21163526,24,CR,65.863785,1.8251909573311411
SRR21163527,83,CR,716.472678,2.8558053673993933
SRR21163528,45,CR,362.802711,2.5608659310329998
SRR21163529,76,CR,378.048381,2.5786946460111646
SRR21163530,24,CR,79.779916,1.9073033972276876
SRR21163531,83,CR,704.799879,2.8486815795699454
SRR21163532,54,CR,377.79170600000003,2.578400461149959
SRR21163533,1,DC,0.372781,0.13760125968567694
SRR21163534,1,DC,0.462809,0.16518762369110454
SRR21163535,0,DC,0,0
SRR27680213,4,IC,19.079933,1.3027622593804105
SRR27680214,34,IC,206.70591100000001,2.317448856083265
SRR27680215,4,IC,0.851383,0.26749627157859085
SRR27680216,13,IC,46.589159,1.677508029974497
SRR27680217,5,IC,2.1505989999999997,0.49839313082567077
SRR27680218,5,IC,1.013067,0.30385822955634395
SRR27680219,18,IC,59.467324,1.7815207491955012
SRR27680220,15,IC,18.086282,1.2807213362435552
SRR27680221,43,IC,49.104509,1.6998768106118298
SRR27680222,35,IC,170.27506400000001,2.233694138473375
SRR27680223,31,IC,121.700183,2.0888452104517876
SRR27680224,3,IC,0.437054,0.157473087870755
SRR27680225,123,IC,1197.534753,3.07865063145879
SRR27680226,9,IC,10.440292,1.0584371094544103
SRR27680227,92,IC,169.115843,2.230744761625931
SRR27680228,48,IC,123.539907,2.09530853707671
SRR27680229,126,IC,617.254178,2.791167059891749
SRR27680230,134,IC,222.497835,2.3492733205234035
SRR27680231,97,IC,953.053286,2.9795726316951745
SRR27680232,119,IC,296.332709,2.4732426877344666
SRR27680233,2,IC,1.194,0.3412366232386923
SRR27680234,12,IC,51.998812,1.7242661347399018
SRR27680235,15,IC,32.866645,1.52977217538227
SRR27680236,6,IC,1.011827,0.30359063236019523
SRR28497695,63,CC,586.714628,2.7691665002781565
SRR28497696,89,CC,1013.614976,3.006301268336363
SRR28497697,73,CC,801.635847,2.904518552116781
SRR28497698,84,CC,713.748783,2.8541534245591142
SRR28497699,82,CC,859.459501,2.9347304343310605
SRR28497700,70,CC,722.830256,2.8596367325981205
SRR28497701,103,CC,976.273341,2.990016051830248
SRR28497702,104,CC,584.28851,2.7673699984135527
SRR28497703,71,CC,561.929095,2.7504536957580963
SRR28497704,85,CC,866.983283,2.9385113609244566
SRR29354198,23,CC,15.968757,1.2296500304253755
SRR29354199,133,CC,976.025439,2.9899058716752664
SRR29354200,144,CC,883.958531,2.9469229202121414
SRR29354202,141,CC,924.60094,2.9664237869944774
SRR29354203,155,CC,940.200409,2.9736821072273205
SRR29354204,55,CC,388.041082,2.5899954644204333
SRR29354205,58,CC,289.876371,2.4637084432783065
SRR29354206,70,CC,332.222432,2.522734229727246
SRR29354207,139,CC,955.436188,2.980655999847946
SRR29354208,124,CC,966.806309,2.9857884488895254
SRR29354209,17,CC,9.382956,1.0163210136018002
SRR29354210,58,CC,126.35053,2.105000756724812
SRR29354211,8,CC,6.763209,0.8900412783345996
SRR29354212,8,CC,2.90312,0.5914119037118627
SRR29354213,8,CC,9.482851,1.0204794129130559
SRR29354214,19,CC,9.965366,1.0400231320580118
SRR29354215,104,CC,688.48642,2.8385257168104268
SRR29354216,61,CC,297.727073,2.475274583574021
SRR29354217,62,CC,424.362306,2.6287590017361593
SRR29409633,137,CC,1151.163916,3.0615142696689497
SRR29409634,125,CC,869.274616,2.93965631629045
SRR29409635,113,CC,1996.3008379999999,3.300443484221369
SRR29409636,112,CC,1247.679964,3.0964511431949497
SRR29409637,114,CC,1158.086743,3.0641159386353576
SRR29409638,119,CC,1496.746462,3.1754383023664308
SRR29409639,117,CC,1720.585665,3.2359286377936156
SRR29409640,63,CC,556.785764,2.7464674258584263
SRR29409641,70,CC,485.62177,2.687191534063322
SRR29409642,58,CC,421.110632,2.625426291175446
SRR29409643,63,CC,495.372587,2.695807788855355
SRR29409644,63,CC,551.219274,2.742111560662107
SRR29409645,43,CC,304.266404,2.4846790107832204
SRR29409646,48,CC,484.43010599999997,2.6861267074392967
SRR29409647,123,CC,369.79245199999997,2.569130884889628
SRR29409648,60,CC,458.708124,2.6624821787061403
SRR29409649,64,CC,410.397653,2.6142618097406776
SRR29409650,102,CC,1036.114335,3.015826637124255
SRR29409651,73,CC,398.51788799999997,2.601536229171344
SRR29409652,52,CC,456.381701,2.6602787852954397
SRR29409653,105,CC,364.791879,2.563234059410934
SRR29409654,72,CC,372.718499,2.5725445958822206
SRR29409655,64,CC,398.61782900000003,2.6016448560894476
SRR29409656,131,CC,1022.836187,3.0102304754161016
SRR29409657,140,CC,1207.255554,3.082158800141155
SRR29409658,143,CC,1483.169313,3.171483447780766
SRR29409659,137,CC,1525.532679,3.1837061058226683
SRR29409660,146,CC,1415.716241,3.151282872612566
SRR29409661,102,CC,1010.293751,3.0048773236505997
SRR29409662,108,CC,1404.440425,3.1478124410910104
SRR29429232,126,CC,828.745548,2.918944930879713
SRR29429233,62,CC,170.333447,2.2338421523969543
SRR29429234,61,CC,204.320787,2.3124329202541363
SRR29429235,56,CC,107.467618,2.0353001029500644
SRR29429236,41,CC,34.972001,1.5559645968145477
SRR29429237,62,CC,48.773665,1.6969996204642173
SRR29429238,36,CC,45.687677,1.6692022656382441
SRR29429239,111,CC,1024.047736,3.0107440907563126
SRR29429240,153,CC,948.320727,2.9774129631482236
SRR29429241,95,CC,1055.031353,3.023676812357601
SRR29429242,144,CC,907.884352,2.95850862636445
SRR29429243,86,CC,714.456081,2.8545829793050608
SRR29429244,132,CC,884.910701,2.9473899476009646
SRR29429245,135,CC,1439.171756,3.1584142894805733
SRR29429246,133,CC,1267.724024,3.103367163553684
SRR29429269,78,CC,898.252933,2.953881862986115
SRR29429270,135,CC,575.546651,2.7608344537854066
SRR29429271,125,CC,658.473094,2.8191970813597167
SRR29429272,149,CC,590.519996,2.771969430292228
SRR29429273,129,CC,597.407548,2.7769970628545257
SRR29429274,118,CC,409.397129,2.61320431393656
SRR29429275,111,CC,411.337826,2.6152531768327716
SRR29429276,106,CC,540.160499,2.7333260885678334
SRR29429277,79,CC,1183.556627,3.073555826735268
SRR29429278,102,CC,1190.225447,3.0759939622572485
SRR29429279,73,CC,919.522508,2.9640344120477367
SRR29429280,95,CC,874.765287,2.9423877269224166
SRR29429281,84,CC,828.240404,2.9186804545491185
SRR29429282,114,CC,1097.192176,3.0406783452810884
SRR29429283,66,CC,47.777502,1.6882195553997186
SRR29449358,69,CC,550.340688,2.741420043852087
SRR29449359,84,CC,487.213655,2.688609922168873
SRR29449360,81,CC,702.508209,2.8472691694361543
SRR29449361,123,CC,640.406062,2.8071330601772493
SRR29449362,77,CC,611.5269949999999,2.7871252334793337
SRR29449363,52,CC,325.254885,2.513557023067138
SRR29449364,62,CC,439.97686799999997,2.644415808598357
SRR29449365,62,CC,530.123931,2.725195869988334
SRR29449366,16,CC,40.125597,1.6141122154425003
SRR29449367,59,CC,794.741311,2.9007719050934107
SRR29449368,12,CC,18.77504,1.2961173706405968
SRR29449369,120,CC,735.419795,2.8671254538457283
SRR29449370,79,CC,707.956375,2.8506195120805606
SRR29449371,25,CC,349.230302,2.5443537186237024
SRR29449372,16,CC,47.370718000000004,1.6845825339694702
SRR29449373,73,CC,853.665209,2.9317960254206477
SRR29449374,41,CC,416.627007,2.6207885757504816
SRR29449375,42,CC,438.580767,2.643038682458237
SRR29449376,32,CC,70.355199,1.8534256216658482
SRR29449377,58,CC,447.721661,2.651977034600407
SRR29449378,82,CC,715.055436,2.854946646074514
SRR29449379,125,CC,645.432759,2.8105233568823054
SRR29449380,67,CC,456.405387,2.6603012751168102
SRR29449381,73,CC,509.449496,2.707952779344503
SRR29449905,84,CC,951.403538,2.97882100005815
SRR29449906,80,CC,935.653504,2.9715789621459154
SRR29449907,64,CC,613.640613,2.7886212533155046
SRR29449908,70,CC,730.895086,2.864448831281358
SRR29449909,54,CC,574.4002780000001,2.7599700673802317
SRR29449910,63,CC,561.487524,2.7501128942179878
SRR29449911,100,CC,716.8335599999999,2.8560237585139463
SRR29449912,85,CC,795.930095,2.901420227685639
SRR29449914,99,CC,494.019035,2.694621899209365
SRR29449915,92,CC,428.751531,2.633217432546216
SRR29449916,118,CC,452.67204699999996,2.6567420210389
SRR29449917,89,CC,547.156018,2.738904186427513
SRR29449918,97,CC,519.582335,2.716489427042165
SRR29449919,108,CC,501.61713100000003,2.7012372868271477
SRR29449920,97,CC,469.710368,2.672753764305321
SRR29449921,76,CC,698.307607,2.8446682524789852
SRR29449922,81,CC,654.398241,2.8165052714604264
SRR29472726,82,CC,599.814886,2.7787406843615723
SRR29472727,85,CC,802.21775,2.9048332972136395
SRR29472728,81,CC,808.138615,2.908022927759185
SRR29472729,72,CC,813.346473,2.9108092197511417
SRR29472730,63,CC,207.551089,2.319212461961548
SRR29472731,67,CC,274.897611,2.4407479399354766
SRR29472732,81,CC,203.976383,2.311703825330694
SRR29472733,61,CC,281.405361,2.4508729368224658
SRR29472734,91,CC,740.356288,2.8700269754890027
SRR29472735,86,CC,712.475444,2.853379030402567
SRR29472736,89,CC,753.13063,2.877446580583776
SRR29472737,85,CC,704.704988,2.8486231870858556
SRR29472738,87,CC,674.909758,2.8298887163280377
SRR29472739,87,CC,648.945994,2.8128772712856
SRR29472740,88,CC,734.724768,2.866715376709437
SRR29472741,84,CC,709.587267,2.851617421108301
SRR29472742,78,CC,858.336292,2.934163153561952
SRR29472743,149,CC,685.055842,2.836359466851697
SRR29472744,58,CC,263.93246800000003,2.4231351852099166
SRR29472745,53,CC,260.930945,2.4181868097992028
SRR29536163,99,CC,949.5413510000001,2.9779710145423297
SRR29536164,118,CC,1076.033977,3.0322294041251463
SRR29536165,86,CC,1033.821349,3.014865379898828
SRR29536166,91,CC,918.4504019999999,2.9635283070176266
SRR29536167,91,CC,973.318156,2.9887007955161984
SRR29536168,86,CC,793.500346,2.9000940906760078
SRR29536169,83,CC,901.323757,2.955362391921779
SRR29536170,21,CC,522.9483230000001,2.719288454650363
SRR29536171,17,CC,236.185833,2.375088745258545
SRR29536172,22,CC,126.831118,2.1066365872390356
SRR29536174,98,CC,1444.648885,3.1600628255841334
SRR29536175,17,CC,495.92561400000005,2.6962913830046618
SRR29536176,88,CC,762.9713889999999,2.883077094397561
SRR29536177,50,CC,615.221236,2.7897366607428524
SRR29536178,27,CC,244.271367,2.3896468515911695
SRR29536179,101,CC,941.478234,2.974271329209028
SRR29536180,50,CC,504.410693,2.7036444260717647
SRR29536181,64,CC,1039.090224,3.0170710143812434
SRR29536182,67,CC,1089.092254,3.0374632536357864
SRR29536183,66,CC,1087.638727,3.0368837797543793
SRR29536185,54,CC,409.499933,2.613313090571823
SRR29536186,55,CC,460.662436,2.664324538831837
SRR29536187,51,CC,613.301707,2.7883817221234874
SRR29536188,99,CC,1065.182089,3.0278313824528706
SRR29536189,89,CC,981.10317,2.9921571128461864
SRR29536190,93,CC,874.744689,2.9423775121958533
SRR29536191,93,CC,893.928598,2.9517883864537753
