chr	pos	ARG	Group
8	33020845	mdtH	Add
8	33030448	mdtH	Add
8	33032135	mdtH	Add
8	33032879	mdtH	Add
8	33043045	mdtH	Add
8	33044012	mdtH	Add
13	13017453	mdtH	Add
13	13017454	mdtH	Add
13	13017562	mdtH	Add
24	5629386	Hpyl_rpoB_RIF	Add
24	5632707	Hpyl_rpoB_RIF	Add
24	5636458	Hpyl_rpoB_RIF	Add
25	5566692	AcrE	Add
25	5567148	AcrE	Add
25	5568101	AcrE	Add
25	5568117	AcrE	Add
25	5568164	AcrE	Add
25	5568448	AcrE	Add
25	5568534	AcrE	Add
25	5568600	AcrE	Add
25	5569690	AcrE	Add
27	3952967	AcrE	Add
27	3954698	AcrE	Add
27	4550628	AcrE	Add
27	4620656	AcrE	Add
27	4668407	AcrE	Add
27	4668452	AcrE	Add
27	4668460	AcrE	Add
27	4669124	AcrE	Add
27	4690267	AcrE	Add
27	4694793	AcrE	Add
27	4695814	AcrE	Add
27	4697587	AcrE	Add
27	4699975	AcrE	Add
27	4700076	AcrE	Add
27	4700087	AcrE	Add
27	4700097	AcrE	Add
27	4701128	AcrE	Add
27	4701144	AcrE	Add
27	4701159	AcrE	Add
27	4701175	AcrE	Add
27	4701200	AcrE	Add
27	4701505	AcrE	Add
27	4702390	AcrE	Add
27	4703524	AcrE	Add
1	131818325	tet(Q)	Dom
1	131822712	tet(Q)	Dom
1	131823368	tet(Q)	Dom
1	131826194	tet(Q)	Dom
1	131828093	tet(Q)	Dom
1	131828429	tet(Q)	Dom
1	131828702	tet(Q)	Dom
1	131828704	tet(Q)	Dom
1	131829013	tet(Q)	Dom
1	131829512	tet(Q)	Dom
1	131829538	tet(Q)	Dom
1	131829596	tet(Q)	Dom
1	131829614	tet(Q)	Dom
1	131829649	tet(Q)	Dom
1	131829671	tet(Q)	Dom
1	131829713	tet(Q)	Dom
1	131829876	tet(Q)	Dom
1	131829894	tet(Q)	Dom
1	131829914	tet(Q)	Dom
1	131829924	tet(Q)	Dom
1	131829951	tet(Q)	Dom
1	131829969	tet(Q)	Dom
1	131829983	tet(Q)	Dom
1	131830130	tet(Q)	Dom
1	153676827	cpxA	Dom
1	153676888	cpxA	Dom
1	153676889	cpxA	Dom
1	153676897	cpxA	Dom
1	153676918	cpxA	Dom
1	153677009	cpxA	Dom
1	153677015	cpxA	Dom
1	153677029	cpxA	Dom
9	21240398	Cjej_gyrA_FLO	Dom
9	21241539	Cjej_gyrA_FLO	Dom
9	21241547	Cjej_gyrA_FLO	Dom
9	21241590	Cjej_gyrA_FLO	Dom
9	21241670	Cjej_gyrA_FLO	Dom
9	21242140	Cjej_gyrA_FLO	Dom
9	21242316	Cjej_gyrA_FLO	Dom
9	21242593	Cjej_gyrA_FLO	Dom
9	21315149	Cjej_gyrA_FLO	Dom
9	21602318	Cjej_gyrA_FLO	Dom
9	21608848	Cjej_gyrA_FLO	Dom
9	21613711	Cjej_gyrA_FLO	Dom
9	21614070	Cjej_gyrA_FLO	Dom
9	21620669	Cjej_gyrA_FLO	Dom
9	21624760	Cjej_gyrA_FLO	Dom
9	21625410	Cjej_gyrA_FLO	Dom
9	21625768	Cjej_gyrA_FLO	Dom
9	21626010	Cjej_gyrA_FLO	Dom
9	21626085	Cjej_gyrA_FLO	Dom
9	21626327	Cjej_gyrA_FLO	Dom
9	21626366	Cjej_gyrA_FLO	Dom
9	21626382	Cjej_gyrA_FLO	Dom
9	21626390	Cjej_gyrA_FLO	Dom
9	21626442	Cjej_gyrA_FLO	Dom
9	21626567	Cjej_gyrA_FLO	Dom
9	21627118	Cjej_gyrA_FLO	Dom
9	21627307	Cjej_gyrA_FLO	Dom
9	21627347	Cjej_gyrA_FLO	Dom
9	21627565	Cjej_gyrA_FLO	Dom
9	21627658	Cjej_gyrA_FLO	Dom
9	21628016	Cjej_gyrA_FLO	Dom
9	21628187	Cjej_gyrA_FLO	Dom
9	21628216	Cjej_gyrA_FLO	Dom
9	21628359	Cjej_gyrA_FLO	Dom
9	21628373	Cjej_gyrA_FLO	Dom
9	21628748	Cjej_gyrA_FLO	Dom
9	21629539	Cjej_gyrA_FLO	Dom
9	21629659	Cjej_gyrA_FLO	Dom
9	21629924	Cjej_gyrA_FLO	Dom
9	21630003	Cjej_gyrA_FLO	Dom
9	21631823	Cjej_gyrA_FLO	Dom
9	21632574	Cjej_gyrA_FLO	Dom
9	21632633	Cjej_gyrA_FLO	Dom
9	21632714	Cjej_gyrA_FLO	Dom
9	21632818	Cjej_gyrA_FLO	Dom
9	21632874	Cjej_gyrA_FLO	Dom
9	21632885	Cjej_gyrA_FLO	Dom
9	21632887	Cjej_gyrA_FLO	Dom
9	21632929	Cjej_gyrA_FLO	Dom
9	21632933	Cjej_gyrA_FLO	Dom
9	21633043	Cjej_gyrA_FLO	Dom
9	21634766	Cjej_gyrA_FLO	Dom
9	21635007	Cjej_gyrA_FLO	Dom
9	21635204	Cjej_gyrA_FLO	Dom
9	21635367	Cjej_gyrA_FLO	Dom
9	21635461	Cjej_gyrA_FLO	Dom
9	21636252	Cjej_gyrA_FLO	Dom
9	21636564	Cjej_gyrA_FLO	Dom
9	21636717	Cjej_gyrA_FLO	Dom
9	21636824	Cjej_gyrA_FLO	Dom
9	21636852	Cjej_gyrA_FLO	Dom
9	21636861	Cjej_gyrA_FLO	Dom
9	21636881	Cjej_gyrA_FLO	Dom
9	21638141	Cjej_gyrA_FLO	Dom
9	21638484	Cjej_gyrA_FLO	Dom
9	21639577	Cjej_gyrA_FLO	Dom
9	21639580	Cjej_gyrA_FLO	Dom
9	21639581	Cjej_gyrA_FLO	Dom
9	21639648	Cjej_gyrA_FLO	Dom
9	22398540	Cjej_gyrA_FLO	Dom
9	22398798	Cjej_gyrA_FLO	Dom
9	22399018	Cjej_gyrA_FLO	Dom
9	22402884	Cjej_gyrA_FLO	Dom
10	8025009	vanUG	Dom
10	8025019	vanUG	Dom
10	8025031	vanUG	Dom
10	8025032	vanUG	Dom
10	8025088	vanUG	Dom
10	8025146	vanUG	Dom
10	8025173	vanUG	Dom
10	8025201	vanUG	Dom
10	8025240	vanUG	Dom
10	8025359	vanUG	Dom
10	8025452	vanUG	Dom
10	8025635	vanUG	Dom
10	8026046	vanUG	Dom
10	8026359	vanUG	Dom
10	8026377	vanUG	Dom
10	8026474	vanUG	Dom
10	8027981	vanUG	Dom
10	8028551	vanUG	Dom
10	8028638	vanUG	Dom
10	8028734	vanUG	Dom
11	4370711	tet(O)	Dom
11	4374318	tet(O)	Dom
11	4374370	tet(O)	Dom
11	4378155	tet(O)	Dom
11	4382765	tet(O)	Dom
11	4382782	tet(O)	Dom
11	4382796	tet(O)	Dom
11	4386700	tet(O)	Dom
11	4387056	tet(O)	Dom
11	4387392	tet(O)	Dom
11	4387517	tet(O)	Dom
11	4390676	tet(O)	Dom
11	4395274	tet(O)	Dom
11	4399226	tet(O)	Dom
11	4400037	tet(O)	Dom
11	4400943	tet(O)	Dom
11	4401403	tet(O)	Dom
11	4403597	tet(O)	Dom
11	4409386	tet(O)	Dom
11	4412918	tet(O)	Dom
11	4414563	tet(O)	Dom
11	4422169	tet(O)	Dom
11	4422551	tet(O)	Dom
11	4422934	tet(O)	Dom
11	4423074	tet(O)	Dom
11	4426324	tet(O)	Dom
11	4427666	tet(O)	Dom
11	4428962	tet(O)	Dom
11	4434422	tet(O)	Dom
11	4442276	tet(O)	Dom
11	4467776	tet(O)	Dom
11	4475877	tet(O)	Dom
11	4489670	tet(O)	Dom
11	4496144	tet(O)	Dom
11	4522838	tet(O)	Dom
11	4533458	tet(O)	Dom
11	4542721	tet(O)	Dom
11	4551084	tet(O)	Dom
11	4551341	tet(O)	Dom
11	4555838	tet(O)	Dom
11	4562344	tet(O)	Dom
11	4569446	tet(O)	Dom
11	4569448	tet(O)	Dom
11	4579003	tet(O)	Dom
11	4580355	tet(O)	Dom
11	4582913	tet(O)	Dom
11	4583030	tet(O)	Dom
11	4583847	tet(O)	Dom
11	4586180	tet(O)	Dom
11	4589790	tet(O)	Dom
11	4591934	tet(O)	Dom
11	4592276	tet(O)	Dom
11	4592726	tet(O)	Dom
11	4598473	tet(O)	Dom
11	4600070	tet(O)	Dom
11	4600087	tet(O)	Dom
11	4600225	tet(O)	Dom
11	4600279	tet(O)	Dom
11	4603602	tet(O)	Dom
11	4604799	tet(O)	Dom
11	4606078	tet(O)	Dom
11	4607728	tet(O)	Dom
11	4611485	tet(O)	Dom
11	18293983	vanUG	Dom
11	18294448	vanUG	Dom
11	18294478	vanUG	Dom
11	18294511	vanUG	Dom
11	18294628	vanUG	Dom
11	18294978	vanUG	Dom
11	18295031	vanUG	Dom
11	18295123	vanUG	Dom
15	16226486	cpxA	Dom
15	16226983	cpxA	Dom
15	16226985	cpxA	Dom
15	16246045	H-NS	Dom
15	16249642	H-NS	Dom
15	16249687	H-NS	Dom
15	16249712	H-NS	Dom
15	16249720	H-NS	Dom
15	16249721	H-NS	Dom
15	16249784	H-NS	Dom
16	7824830	fexB	Dom
16	7824951	fexB	Dom
16	7824964	fexB	Dom
16	7825514	fexB	Dom
16	7827449	fexB	Dom
16	7827991	fexB	Dom
16	7829876	fexB	Dom
16	7830240	fexB	Dom
16	7830667	fexB	Dom
16	7830710	fexB	Dom
16	7830737	fexB	Dom
16	7830751	fexB	Dom
16	7830755	fexB	Dom
16	7830808	fexB	Dom
16	7830836	fexB	Dom
16	7830838	fexB	Dom
16	7830841	fexB	Dom
16	7830924	fexB	Dom
16	7832110	fexB	Dom
22	6197291	Cjej_gyrA_FLO	Dom
22	6205729	Cjej_gyrA_FLO	Dom
22	6205783	Cjej_gyrA_FLO	Dom
22	6205798	Cjej_gyrA_FLO	Dom
22	6205875	Cjej_gyrA_FLO	Dom
22	6205880	Cjej_gyrA_FLO	Dom
22	6205887	Cjej_gyrA_FLO	Dom
22	6208683	Cjej_gyrA_FLO	Dom
