"#NOTE:Due to the limited number of rows in the Excel table, only the genome-level significant areas are shown here."				
chr	pos	P_value	ARG	Group
1	131829538	7.31617513667215	tet(Q)	Dom
1	152293007	7.56571922557734	mdtH	Add
1	152293010	7.59052731557361	mdtH	Add
1	153676918	7.58710640901479	cpxA	Dom
8	33043045	7.73635097848227	mdtH	Add
9	21626010	9.34643894783862	Cjej_gyrA_FLO	Dom
9	21626327	7.73038745552578	Cjej_gyrA_FLO	Dom
9	21626366	8.83016825877647	Cjej_gyrA_FLO	Dom
9	21626382	8.59285246026913	Cjej_gyrA_FLO	Dom
9	21626390	8.66768926246054	Cjej_gyrA_FLO	Dom
9	21626442	8.09870372282253	Cjej_gyrA_FLO	Dom
9	21627118	7.50355405306111	Cjej_gyrA_FLO	Dom
9	21627307	8.1031939876604	Cjej_gyrA_FLO	Dom
9	21627347	7.52667006415312	Cjej_gyrA_FLO	Dom
9	21627565	7.49119323306827	Cjej_gyrA_FLO	Dom
9	21628016	7.47444209576332	Cjej_gyrA_FLO	Dom
9	21628216	7.39241804502301	Cjej_gyrA_FLO	Dom
9	21628359	7.67104291631254	Cjej_gyrA_FLO	Dom
9	21628373	7.47338523957206	Cjej_gyrA_FLO	Dom
9	21628748	7.49736127706536	Cjej_gyrA_FLO	Dom
9	21629539	8.34956002523428	Cjej_gyrA_FLO	Dom
9	21629659	7.35493910972385	Cjej_gyrA_FLO	Dom
9	21631823	7.30096653583675	Cjej_gyrA_FLO	Dom
9	21632574	7.52874871824656	Cjej_gyrA_FLO	Dom
9	21632633	7.33554569917853	Cjej_gyrA_FLO	Dom
9	21632714	7.52879048609984	Cjej_gyrA_FLO	Dom
9	21632818	7.52879048609984	Cjej_gyrA_FLO	Dom
9	21632929	7.83675133586772	Cjej_gyrA_FLO	Dom
9	21632933	7.83718030928082	Cjej_gyrA_FLO	Dom
9	21635007	7.74545242327575	Cjej_gyrA_FLO	Dom
9	21635367	8.20346612967597	Cjej_gyrA_FLO	Dom
9	21635461	7.40426741924426	Cjej_gyrA_FLO	Dom
9	21636824	7.47080878138281	Cjej_gyrA_FLO	Dom
9	21636852	7.35877274889454	Cjej_gyrA_FLO	Dom
9	21636861	7.5513578430847	Cjej_gyrA_FLO	Dom
9	21638141	7.56110718230601	Cjej_gyrA_FLO	Dom
9	21638484	7.86670720246529	Cjej_gyrA_FLO	Dom
10	8025019	8.17556669226488	vanUG	Dom
10	8025031	8.43769306635309	vanUG	Dom
10	8025032	8.45927347385702	vanUG	Dom
10	8025088	8.49650428369306	vanUG	Dom
10	8025146	7.73268729595742	vanUG	Dom
10	8025173	7.72922331496079	vanUG	Dom
10	8025201	7.4938136320582	vanUG	Dom
10	8025240	7.40540361158508	vanUG	Dom
10	8025359	7.34412529616477	vanUG	Dom
10	8026046	7.90418531800806	vanUG	Dom
10	8026359	7.75151738886386	vanUG	Dom
10	8026377	7.75683938656791	vanUG	Dom
10	8026474	8.90328057080037	vanUG	Dom
10	8027981	8.42919918105961	vanUG	Dom
10	8028551	7.49745495851839	vanUG	Dom
10	8028734	8.03915397871134	vanUG	Dom
11	4562344	7.50132904383024	tet(O)	Dom
11	4579003	7.31692826751057	tet(O)	Dom
11	4586180	7.4038363668068	tet(O)	Dom
11	18294628	7.45579222650168	vanUG	Dom
13	13017453	8.60287276247381	mdtH	Add
13	13017454	8.36994619041372	mdtH	Add
15	16226983	7.32204698747512	cpxA	Dom
15	16226985	7.32204698747512	cpxA	Dom
15	16249712	7.70653394574447	H-NS	Dom
15	16249720	7.39050684051174	H-NS	Dom
15	16249721	7.39050684051174	H-NS	Dom
16	7829876	7.30881516559913	fexB	Dom
21	17169233	7.67870940688942	AcrE	Add
22	6208683	7.5814293529001	Cjej_gyrA_FLO	Dom
24	5632707	8.52901097636762	Hpyl_rpoB_RIF	Add
25	5568600	8.02307184714074	AcrE	Add
25	5569690	7.92660867773451	AcrE	Add
27	4668460	9.00132236702032	AcrE	Add
27	4669124	7.73962855339905	AcrE	Add
27	4701144	7.5555267258018	AcrE	Add
27	4701175	7.33354598308603	AcrE	Add
27	4701505	7.51412862041104	AcrE	Add
