Sample,total_abundance,gut_locations
SRR21163517,2089.615376,CR
SRR29409635,1996.300838,CC
SRR29409639,1720.585665,CC
SRR29409659,1525.532679,CC
SRR29409638,1496.746462,CC
SRR29409658,1483.169313,CC
SRR29536174,1444.648885,CC
SRR29429245,1439.171756,CC
SRR29409660,1415.716241,CC
SRR29409662,1404.440425,CC
SRR29429246,1267.724024,CC
FJY64B,1253.838232,Feces
SRR29409636,1247.679964,CC
BKDN170796420-1A,1215.756068,Feces
SRR29409657,1207.255554,CC
FJY52A,1199.328693,Feces
SRR27680225,1197.534753,IC
SRR21163453,1197.123371,IC
SRR29429278,1190.225447,CC
FJY53A,1188.362886,Feces
SRR29429277,1183.556627,CC
SRR21163423,1166.028387,CC
SRR29409637,1158.086743,CC
SRR29409633,1151.163916,CC
SRR29429282,1097.192176,CC
SRR29536182,1089.092254,CC
SRR29536183,1087.638727,CC
SRR29536164,1076.033977,CC
FJY9B,1067.472614,Feces
SRR29536188,1065.182089,CC
SRR29429241,1055.031353,CC
FJY37A,1049.661787,Feces
BKDN170793840-1A,1048.07208,Feces
BKDN170793836-1A,1046.293932,Feces
SRR29536181,1039.090224,CC
SRR29409650,1036.114335,CC
SRR29536165,1033.821349,CC
SRR29429239,1024.047736,CC
SRR29409656,1022.836187,CC
SRR28497696,1013.614976,CC
SRR29409661,1010.293751,CC
SRR21163513,1002.151341,CR
SRR29536189,981.10317,CC
SRR28497701,976.273341,CC
SRR29354199,976.025439,CC
SRR29536167,973.318156,CC
SRR29354208,966.806309,CC
FJY2A,962.500753,Feces
SRR29354207,955.436188,CC
SRR27680231,953.053286,IC
SRR21163459,952.943274,IC
SRR29449905,951.403538,CC
SRR29536163,949.541351,CC
SRR29429240,948.320727,CC
FJY69A,944.978815,Feces
SRR29536179,941.478234,CC
SRR29354203,940.200409,CC
SRR29449906,935.653504,CC
SRR29354202,924.60094,CC
SRR29429279,919.522508,CC
SRR29536166,918.450402,CC
SRR29429242,907.884352,CC
SRR29536169,901.323757,CC
SRR29429269,898.252933,CC
SRR29536191,893.928598,CC
SRR29429244,884.910701,CC
SRR29354200,883.958531,CC
SRR29429280,874.765287,CC
SRR29536190,874.744689,CC
FJY74A,872.467025,Feces
SRR29409634,869.274616,CC
SRR28497704,866.983283,CC
SRR21163523,866.628485,CR
FJY44A,864.193626,Feces
SRR28497699,859.459501,CC
SRR21163521,859.281691,CR
SRR29472742,858.336292,CC
FJY8A,857.188228,Feces
SRR21163516,856.339393,CR
SRR29449373,853.665209,CC
SRR29429232,828.745548,CC
SRR29429281,828.240404,CC
SRR21163441,822.060057,CC
SRR29472729,813.346473,CC
BKDN170794054-1A,813.171448,Feces
SRR21163440,812.300668,CC
SRR21163435,811.23358,CC
BKDN170793893-1A,809.053478,Feces
SRR29472728,808.138615,CC
FJY1A,804.984625,Feces
SRR29472727,802.21775,CC
SRR28497697,801.635847,CC
BKDN170793993-1A,801.222945,Feces
SRR21163436,796.897115,CC
SRR21163518,796.697564,CR
SRR29449912,795.930095,CC
SRR29449367,794.741311,CC
SRR29536168,793.500346,CC
SRR21163439,790.510286,CC
CCY42A,790.394935,CC
BKDN170796254-1A,783.808544,Feces
BKDN170793901-1A,782.468445,Feces
SRR21163428,780.887575,CC
SRR29536176,762.971389,CC
BKDN170793899-1A,762.816721,Feces
FJY10A,762.774783,Feces
CCY49A,760.996442,CC
SRR21163437,760.905729,CC
FJY75A,758.768259,Feces
SRR29472736,753.13063,CC
CCY47A,750.312739,CC
SRR21163426,746.139223,CC
BKDN170795737-1A,745.550653,Feces
CCY23A,743.905688,CC
SRR29472734,740.356288,CC
FJY4A,736.115447,Feces
SRR29449369,735.419795,CC
SRR29472740,734.724768,CC
FJY29A,733.860658,Feces
SRR29449908,730.895086,CC
BKDN170793894-1A,730.413938,Feces
SRR21163443,724.232738,CC
FJY25B,722.847104,Feces
SRR28497700,722.830256,CC
SRR21163424,719.233963,CC
CCY26A,717.440457,CC
SRR29449911,716.83356,CC
SRR21163527,716.472678,CR
SRR29449378,715.055436,CC
SRR21163447,714.723832,CC
SRR29429243,714.456081,CC
FJY7A,713.90531,Feces
SRR28497698,713.748783,CC
SRR29472735,712.475444,CC
BKDN170795745-1A,709.724602,Feces
SRR29472741,709.587267,CC
CCY39A,709.13283,CC
SRR29449370,707.956375,CC
FJY5A,706.053999,Feces
SRR21163531,704.799879,CR
SRR29472737,704.704988,CC
BKDN170794148-1A,704.466853,Feces
BKDN170793837-1A,704.198784,Feces
FJY26A,702.718877,Feces
SRR29449360,702.508209,CC
BKDN170795576-1A,698.725465,Feces
SRR29449921,698.307607,CC
BKDN170793838-1A,695.521369,Feces
BKDN170793994-1A,695.453867,Feces
BKDN170796419-1A,689.661759,Feces
SRR29354215,688.48642,CC
SRR21163425,686.648824,CC
SRR29472743,685.055842,CC
BKDN170795912-1A,684.24391,Feces
BKDN170793896-1A,684.130114,Feces
FJY12A,680.682924,Feces
BKDN170793995-1A,676.181092,Feces
SRR29472738,674.909758,CC
BKDN170793903-1A,663.850855,Feces
FJY16B,663.448362,Feces
CCY10A,662.637299,CC
BKDN170793835-1A,658.820015,Feces
SRR29429271,658.473094,CC
CCY8A,658.392054,CC
BKDN170794327-1A,657.650029,Feces
BKDN170796253-1A,657.383316,Feces
CCY20A,657.082773,CC
CCY50A,655.462895,CC
SRR29449922,654.398241,CC
SRR21163444,653.653921,CC
BKDN170793908-1A,652.978518,Feces
CCY25B,652.447952,CC
SRR21163422,651.992718,CC
BKDN170793906-1A,651.939262,Feces
SRR29472739,648.945994,CC
BKDN170794058-1A,647.787508,Feces
SRR29449379,645.432759,CC
BKDN170794067-1A,644.241436,Feces
CCY48A,640.931536,CC
SRR29449361,640.406062,CC
BKDN170795740-1A,634.176221,Feces
SRR21163434,629.672557,CC
FJY80B,629.230912,Feces
BKDN170794554-1A,625.473433,Feces
CCY35B,624.936126,CC
BKDN170793839-1A,623.870757,Feces
BKDN170794066-1A,621.770968,Feces
SRR21163457,617.367162,IC
SRR27680229,617.254178,IC
FM17B,616.812133,Feces
SRR29536177,615.221236,CC
SRR21163432,614.061087,CC
SRR29449907,613.640613,CC
BKDN170793907-1A,613.347037,Feces
SRR29536187,613.301707,CC
BKDN170793891-1A,613.069582,Feces
FM5B,612.421716,Feces
BKDN170796252-1A,612.277919,Feces
SHCC86A,612.133069,CC
BKDN170794158-1A,612.086754,Feces
SRR29449362,611.526995,CC
CCH162-1A,610.057444,CC
SHCC9A,607.023194,CC
BKDN170795575-1A,603.576506,Feces
FJY3A,603.336246,Feces
SRR21163520,602.762457,CR
SRR29472726,599.814886,CC
SRR21163429,597.619319,CC
SRR29429273,597.407548,CC
BKDN170794326-1A,594.111463,Feces
ICH247-1A,591.204686,IC
BKDN170795739-1A,590.93343,Feces
SRR29429272,590.519996,CC
BKDN170794152-1A,587.675777,Feces
CCY34B,586.904033,CC
SRR28497695,586.714628,CC
SRR28497702,584.28851,CC
BKDN170796418-1A,581.060318,Feces
GCH186B,580.177739,GS
CCY11A,580.075451,CC
SRR21163446,579.923404,CC
CCY36B,578.881117,CC
SRR29429270,575.546651,CC
FJY23A,575.082878,Feces
SRR29449909,574.400278,CC
FJY14A,573.796394,Feces
CCY6A,573.64993,CC
BKDN170796086-1A,573.563166,Feces
SRR21163524,572.765135,CR
BKDN170795573-1A,572.534398,Feces
SHCC82A,570.475657,CC
SHCC57B,569.916315,CC
SHCC276A,569.488268,CC
SRR28497703,561.929095,CC
SRR29449910,561.487524,CC
CCY43A,561.079231,CC
BKDN170794149-1A,558.341294,Feces
BKDN170793909-1A,557.803883,Feces
BKDN170794392-1A,556.791482,Feces
SRR29409640,556.785764,CC
BKDN170794330-1A,556.53816,Feces
SRR21163431,555.392179,CC
BKDN170796085-1A,553.805195,Feces
CCY9B,553.663688,CC
SRR29409644,551.219274,CC
FJY15A,551.150652,Feces
SRR29449358,550.340688,CC
SHCC26B,548.680714,CC
FJY22A,548.291899,Feces
SHCC167A,547.699296,CC
SRR29449917,547.156018,CC
BKDN170795744-1A,546.616911,Feces
BKDN170796245-1A,545.78236,Feces
SHCC254B,544.76747,CC
BKDN170795572-1A,543.45393,Feces
FJY24B,541.555973,Feces
CCY13A,541.142387,CC
BKDN170793902-1A,540.697454,Feces
SRR29429276,540.160499,CC
BKDN170795146-1A,539.65294,Feces
CCH209A,538.199279,CC
BKDN170796249-1A,537.217121,Feces
BKDN170794809-1A,537.080675,Feces
SRR29449365,530.123931,CC
SRR21163430,529.862421,CC
BKDN170796080-1A,529.056587,Feces
BKDN170793895-1A,528.56959,Feces
BKDN170794322-1A,528.338913,Feces
CCY17A,527.541352,CC
SHCC196A,527.202695,CC
FJY21A,525.945648,Feces
SRR21163433,524.698632,CC
FJY30A,524.6322,Feces
SRR29536170,522.948323,CC
BKDN170795142-1A,521.553931,Feces
CCY24A,519.66944,CC
SRR29449918,519.582335,CC
BKDN170795147-1A,518.379488,Feces
CCY27A,517.518947,CC
BKDN170794972-1A,517.277471,Feces
FJY28A,516.784418,Feces
BKDN170795743-1A,515.335368,Feces
FM18B,513.246824,Feces
FJY73A,512.710933,Feces
CCY41B,511.061374,CC
SRR29449381,509.449496,CC
SHCC288A,509.425846,CC
BKDN170796006-1A,508.557089,Feces
CCY33B,507.735153,CC
SRR21163445,506.811248,CC
FH326B,506.69718,Feces
SRR29536180,504.410693,CC
FJY18A,504.030682,Feces
BKDN170796247-1A,502.990159,Feces
BKDN170795145-1A,502.129173,Feces
CCH150-1B,501.826478,CC
SRR29449919,501.617131,CC
CCH157-2B,500.149037,CC
SHCC65A,499.552942,CC
SHCC185B,497.161024,CC
BKDN170794065-1A,496.55994,Feces
BKDN170793904-1A,496.273193,Feces
SRR29536175,495.925614,CC
SRR29409643,495.372587,CC
CCY37A,494.834416,CC
SRR29449914,494.019035,CC
CCH186-1A,491.514417,CC
BKDN170795742-1A,491.377265,Feces
CCH328A,490.48317,CC
BKDN170794160-1A,490.295779,Feces
SRR21163442,490.030609,CC
SRR21163515,489.937351,CR
SHCC69B,489.842435,CC
SHCC44A,488.672024,CC
CCH258A,487.602161,CC
SRR29449359,487.213655,CC
SHCC7A,486.979678,CC
SRR29409641,485.62177,CC
BKDN170796422-1A,484.657773,Feces
JCH157-1A,484.491594,JC
SRR29409646,484.430106,CC
CCY30A,484.420063,CC
SHCC166A,481.424956,CC
SHCC285A,480.755771,CC
SHCC181A,480.502998,CC
SHCC5A,478.720903,CC
BKDN170794228-1A,477.828791,Feces
SHCC81A,475.322366,CC
CCH326A,475.151255,CC
CCH151-2A,474.390108,CC
SHCC217A,472.454129,CC
CCY28A,472.366993,CC
FH287B,471.985492,Feces
SHCC4A,470.80809,CC
SHCC210A,470.753619,CC
SHCC235A,470.718372,CC
CCH295-1A,469.93389,CC
SRR29449920,469.710368,CC
SHCC272B,469.68771,CC
BKDN170794057-1A,468.443445,Feces
CCH259-3A,468.240593,CC
BKDN170795916-1A,467.410478,Feces
CCH57A,467.161054,CC
SHCC287A,467.12366,CC
CCY46B,466.879014,CC
BKDN170796251-1A,465.402709,Feces
BKDN170796417-1A,463.937364,Feces
BKDN170794002-1A,462.78677,Feces
SHCC204B,462.724255,CC
SHCC138A,461.453436,CC
BKDN170795911-1A,461.338255,Feces
SHCC51A,460.780476,CC
SRR29536186,460.662436,CC
SHCC274A,459.257199,CC
SHCC73A,459.232241,CC
SHCC8A,459.049677,CC
SRR29409648,458.708124,CC
BKDN170794068-1A,458.337286,Feces
BKDN170795149-1A,457.486649,Feces
FH221B,457.335719,Feces
BKDN170795577-1A,457.184279,Feces
BKDN170794064-1A,457.124012,Feces
SRR29449380,456.405387,CC
SRR29409652,456.381701,CC
BKDN170793898-1A,455.285118,Feces
SHCC33A,454.617868,CC
SHCC271B,453.70767,CC
FJY61B,452.821357,Feces
SRR29449916,452.672047,CC
SHCC46B,452.627542,CC
CCY44A,451.544119,CC
SHCC251B,451.0519,CC
SHCC175A,450.886883,CC
SHCC29A,449.138713,CC
BKDN170796004-1A,449.081887,Feces
SHCC76A,448.488408,CC
SHCC179A,448.483991,CC
BKDN170796424-1A,448.091787,Feces
SRR29449377,447.721661,CC
SHCC243A,446.862851,CC
SHCC299B,446.46411,CC
SHCC201A,443.680149,CC
FH328A,443.481161,Feces
SHCC54A,443.248984,CC
BKDN170795141-1A,442.254024,Feces
BKDN170793833-1A,441.901441,Feces
SHCC15A,441.868706,CC
BKDN170796413-1A,440.779484,Feces
SHCC1A,440.448335,CC
SRR29449364,439.976868,CC
BKDN170794001-1A,439.782379,Feces
BKDN170794387-1A,438.867356,Feces
FM1B,438.663731,Feces
SRR29449375,438.580767,CC
SHCC39A,438.239384,CC
FH323B,438.119033,Feces
SHCC227A,438.075974,CC
BKDN170795836-1A,437.255661,Feces
CCH263-2A,437.224154,CC
SHCC99A,435.125566,CC
SHCC45A,435.010957,CC
SHCC106A,434.526261,CC
SHCC139A,434.495685,CC
SHCC31A,434.071068,CC
SHCC267A,433.27406,CC
SHCC199A,433.024583,CC
SHCC47A,432.942016,CC
CCH306-2A,432.276097,CC
FH157B,432.018487,Feces
SHCC289A,431.69927,CC
SHCC35A,430.604209,CC
CCH227-3A,430.039119,CC
CCH247A,429.909054,CC
FDM32B,429.732652,Feces
SHCC281A,429.248382,CC
SHCC228A,428.823047,CC
SRR29449915,428.751531,CC
SHCC124B,428.218526,CC
SHCC74A,427.850184,CC
BKDN170794548-1A,427.846406,Feces
SHCC168A,426.438385,CC
BKDN170794811-1A,426.048914,Feces
SHCC252A,425.388293,CC
SHCC41A,425.304693,CC
BKDN170795738-1A,424.708981,Feces
SHCC244A,424.628622,CC
BKDN170795907-1A,424.574195,Feces
SHCC266B,424.549376,CC
SRR29354217,424.362306,CC
SHCC224A,424.078616,CC
SHCC83A,423.817764,CC
FDM3B,423.739502,Feces
BKDN170795140-1A,423.017741,Feces
SHCC264A,422.563336,CC
SHCC122B,421.524797,CC
SHCC206A,421.411704,CC
SRR29409642,421.110632,CC
SHCC42A,421.001987,CC
CCH127-1A,420.06169,CC
SHCC297B,418.989541,CC
FH247A,418.156281,Feces
SHCC112A,418.126844,CC
BKDN170794806-1A,418.107247,Feces
SHCC78A,418.026087,CC
CCH210A,417.914982,CC
SHCC262A,417.788073,CC
BKDN170793998-1A,417.124082,Feces
SRR29449374,416.627007,CC
SHCC212A,416.548485,CC
BKDN170794165-1A,415.874797,Feces
SHCC249A,415.638829,CC
SRR21163514,414.978387,CR
BKDN170795910-1A,414.030722,Feces
FH324B,413.9793,Feces
SHCC115A,411.786346,CC
BKDN170795838-1A,411.412728,Feces
SRR29429275,411.337826,CC
SHCC88B,411.308216,CC
CCH112-2A,411.156908,CC
SHCC105A,410.862096,CC
BKDN170794331-1A,410.713132,Feces
SRR29409649,410.397653,CC
SHCC191A,410.273373,CC
SRR29536185,409.499933,CC
SRR29429274,409.397129,CC
CCH180-3A,408.730455,CC
SHCC162A,408.499752,CC
SHCC77B,407.536807,CC
BKDN170794164-1A,407.467604,Feces
BKDN170794161-1A,407.445917,Feces
SHCC240A,407.437148,CC
SHCC38A,407.160741,CC
SHCC253A,406.939607,CC
SHCC184A,406.891977,CC
SHCC180A,406.261512,CC
CCH324-4A,405.537312,CC
BKDN170795837-1A,405.500408,Feces
SHCC202A,404.78785,CC
CCH212A,404.536658,CC
SHCC190A,403.979477,CC
BKDN170794805-1A,403.908006,Feces
SHCC270A,403.887133,CC
BKDN170794385-1A,403.15091,Feces
FJY6B,403.053706,Feces
SHCC92A,402.918027,CC
SHCC246A,402.663641,CC
SHCC75A,402.430626,CC
SHCC141A,402.43027,CC
SHCC27A,402.378129,CC
SRR21163419,402.364772,CR
FJY20A,402.355321,Feces
CCH325-1A,402.212993,CC
SHCC66A,401.076403,CC
CCH156-3B,400.010968,CC
SHCC205A,399.812609,CC
CCH251-1A,399.519089,CC
SHCC242A,399.16147,CC
SRR29409655,398.617829,CC
SRR29409651,398.517888,CC
SHCC300A,398.36889,CC
SHCC164B,398.243307,CC
SHCC98A,397.412846,CC
SHCC135A,397.382603,CC
SHCC149A,397.35603,CC
SHCC189A,396.979476,CC
CCS19A,396.739103,CC
SHCC18A,396.459792,CC
SHCC148A,396.252473,CC
SHCC56A,395.881042,CC
FH251B,395.587841,Feces
SHCC248A,395.493461,CC
BKDN170796250-1A,395.325091,Feces
SHCC110A,395.127075,CC
SHCC50A,394.937177,CC
CCH323-3A,394.93066,CC
SHCC171A,394.684668,CC
FH74B,394.289183,Feces
BKDN170796421-1A,393.975953,Feces
CCH250-2A,393.974955,CC
BKDN170795574-1A,393.967836,Feces
SHCC192A,393.940598,CC
CCH221-1A,393.260615,CC
SHCC203A,393.033596,CC
BKDN170794393-1A,392.878408,Feces
CCH95-1A,392.022567,CC
SHCC265A,390.620838,CC
SHCC177A,390.611445,CC
SHCC90A,390.450559,CC
FDM5B,390.246646,Feces
SHCC261A,390.134199,CC
BKDN170795578-1A,389.944576,Feces
SHCC232A,389.938315,CC
SHCC256A,388.878654,CC
FDM11A,388.560522,Feces
SHCC226A,388.509519,CC
FH111B,388.104588,Feces
SRR29354204,388.041082,CC
SHCC219A,387.977142,CC
CCH108A,387.886416,CC
SHCC263A,387.326823,CC
SHCC197A,386.698879,CC
FH340B,385.96163,Feces
SHCC247A,384.132768,CC
BKDN170793892-1A,383.87041,Feces
FH206B,383.589075,Feces
SHCC142B,383.103134,CC
CCH111-1A,382.954372,CC
SHCC209A,382.826366,CC
FH108B,382.240929,Feces
SHCC296A,382.054484,CC
SHCC236A,382.03192,CC
CCH277-1A,382.016091,CC
SHCC208A,381.905207,CC
SHCC230A,381.3966,CC
SHCC126A,381.185339,CC
SHCC71A,381.162761,CC
SHCC67A,381.068777,CC
CCH340-2A,381.018868,CC
BKDN170794329-1A,380.351791,Feces
GCH212B,379.413846,GS
SHCC241A,378.949138,CC
SRR21163519,378.728804,CR
SHCC207A,378.633537,CC
SHCC95A,378.404499,CC
SHCC259A,378.397769,CC
FM13B,378.347075,Feces
SHCC80A,378.323578,CC
BKDN170796173-1A,378.213017,Feces
FM15B,378.180302,Feces
SRR21163529,378.048381,CR
FJY32B,378.005593,Feces
SRR21163532,377.791706,CR
SHCC229A,377.747382,CC
BKDN170795999-1A,377.405191,Feces
SHCC43A,376.92948,CC
SHCC161A,376.905607,CC
BKDN170794159-1A,376.594836,Feces
SHCC218A,376.499144,CC
SHCC10A,376.165782,CC
CCS25B,374.551395,CC
SHCC85B,374.472138,CC
SHCC163A,374.002619,CC
CCH294-1A,373.797124,CC
SHCC102A,373.528645,CC
CCH346-1A,373.285724,CC
SHCC178A,373.246978,CC
SHCC278A,373.062538,CC
SHCC188A,373.052491,CC
SHCC3A,372.789074,CC
SRR29409654,372.718499,CC
SHCC146A,372.550755,CC
SHCC25A,372.075136,CC
SHCC186A,372.028834,CC
CCH93-1A,371.539472,CC
SHCC103A,371.233385,CC
FM3B,370.583512,Feces
SHCC32A,369.963869,CC
SRR29409647,369.792452,CC
FM21A,369.364324,Feces
SHCC59A,369.009931,CC
SHCC221A,368.721871,CC
SHCC292A,368.205613,CC
SHCC16A,368.169743,CC
SHCC231A,367.525396,CC
SHCC114A,366.978932,CC
SHCC53A,365.430689,CC
FH306B,365.215526,Feces
SHCC89A,365.187325,CC
SHCC58A,365.03335,CC
SRR29409653,364.791879,CC
SHCC128A,364.773909,CC
FDM7A,364.317626,Feces
BKDN170794553-1A,363.9879,Feces
SHCC113A,363.237696,CC
SHCC91A,363.187125,CC
SHCC250A,362.899425,CC
SRR21163528,362.802711,CR
FM7B,362.69407,Feces
SHCC298A,362.412289,CC
SHCC214A,362.211841,CC
SHCC213A,361.699778,CC
SHCC136A,361.59076,CC
SHCC176A,361.455961,CC
FJY43B,361.158691,Feces
SHCC282A,360.922856,CC
FDM1B,360.819609,Feces
SHCC6A,360.267274,CC
FM14A,360.16741,Feces
SHCC49A,359.977827,CC
FJY17A,359.968811,Feces
FDM6A,359.75524,Feces
SHCC12A,359.694002,CC
FJY13B,359.239861,Feces
SHCC283A,359.114929,CC
BKDN170794480-1A,358.8475,Feces
SHCC143A,358.55345,CC
SHCC156A,358.463457,CC
SHCC108A,357.655554,CC
SHCC111A,357.537805,CC
SHCC268A,357.397519,CC
SHCC165A,356.491822,CC
BKDN170794056-1A,356.438875,Feces
SHCC155A,356.377425,CC
BKDN170794163-1A,355.795651,Feces
SHCC225B,355.271805,CC
BKDN170794551-1A,354.336219,Feces
SHCC151A,353.364503,CC
FDM26A,353.348682,Feces
BKDN170796077-1A,352.117631,Feces
SHCC104A,351.918728,CC
SHCC36A,350.616568,CC
SHCC195A,350.336477,CC
SHCC187A,350.228569,CC
SHCC117A,350.064288,CC
SHCC17A,349.965018,CC
SRR29449371,349.230302,CC
SHCC273B,348.800611,CC
SHCC193A,347.989276,CC
SHCC238A,347.965998,CC
SHCC290A,347.593393,CC
FH295A,347.017144,Feces
SHCC200A,346.010727,CC
SHCC216A,345.434874,CC
SHCC93A,345.359215,CC
SHCC116A,343.446787,CC
SHCC269A,343.301799,CC
SHCC28B,342.47974,CC
SHCC24A,341.958746,CC
SHCC150A,340.721212,CC
SHCC11A,340.139295,CC
SHCC70A,339.918402,CC
FJY65A,339.145248,Feces
FDM19A,339.106984,Feces
SHCC137A,337.891829,CC
SHCC61A,337.631321,CC
CCS20A,337.586747,CC
SHCC87A,336.612205,CC
SHCC147A,335.391691,CC
SHCC13A,335.271423,CC
SHCC258A,334.065519,CC
FH180A,333.725977,Feces
SRR29354206,332.222432,CC
SHCC293A,330.353336,CC
SHCC119A,329.901428,CC
SHCC222A,328.939416,CC
SHCC154A,328.74571,CC
SHCC279A,327.153949,CC
CCS34A,327.045834,CC
SHCC255B,326.838711,CC
SHCC55A,326.657102,CC
SHCC194A,326.54879,CC
CCH119-1A,326.215092,CC
SHCC152A,326.184533,CC
FDM33A,325.6237,Feces
SHCC223A,325.353472,CC
SRR29449363,325.254885,CC
SHCC234B,325.037971,CC
FJY79A,323.718245,Feces
BKDN170796000-1A,323.275551,Feces
SHCC79A,322.199176,CC
SHCC63A,321.907024,CC
SHCC121A,321.32573,CC
SHCC182A,320.557216,CC
FH151A,320.480516,Feces
MCH326B,319.644197,MS
SHCC94A,317.698776,CC
SHCC60A,317.441245,CC
SHCC157B,316.766538,CC
FJY78B,316.600679,Feces
FM6B,315.412045,Feces
CCH74-3A,315.268203,CC
FDM25B,314.751936,Feces
FH93B,314.430125,Feces
FDM28B,314.413355,Feces
SHCC68A,314.029699,CC
SHCC132A,312.945018,CC
SHCC52A,312.779044,CC
SHCC30A,310.604947,CC
SHCC125A,309.254422,CC
SHCC100A,308.878483,CC
SHCC84A,308.53068,CC
FM4B,308.279007,Feces
CCS29B,308.271494,CC
SHCC140A,307.847399,CC
SHCC260A,307.837871,CC
CCS24A,307.031066,CC
SHCC215A,305.120819,CC
SRR29409645,304.266404,CC
FJY27B,304.180745,Feces
FDM16A,303.08983,Feces
SHCC144A,302.360546,CC
SHCC174A,302.249047,CC
FDM8B,302.246016,Feces
SHCC159A,301.980051,CC
CCS15B,300.958571,CC
FM2B,299.027612,Feces
SHCC101A,298.888783,CC
SHCC169A,297.770571,CC
SRR29354216,297.727073,CC
SRR21163418,296.664391,CR
SHCC20A,296.545286,CC
SRR21163461,296.450345,IC
SRR27680232,296.332709,IC
SHCC211A,295.850594,CC
SHCC170A,295.714637,CC
FDM20B,295.363193,Feces
SHCC257A,295.312132,CC
FH227B,295.311115,Feces
SHCC130A,294.722076,CC
SHCC64A,293.766921,CC
FDM15A,293.137439,Feces
SHCC277A,291.885605,CC
FM8B,290.853014,Feces
SHCC153A,290.811595,CC
SRR29354205,289.876371,CC
SHCC96A,289.375421,CC
SHCC131A,288.460083,CC
SHCC198A,286.026085,CC
SHCC97A,283.706823,CC
SRR29472733,281.405361,CC
SHCC160B,280.689077,CC
FJY19A,279.410419,Feces
CCS30A,278.819651,CC
SHCC123A,277.405381,CC
FDM29B,277.04894,Feces
CCS28B,276.802787,CC
SRR29472731,274.897611,CC
SHIC111A,274.703709,IC
SHCC280A,270.327175,CC
CCS17A,268.523227,CC
SRR21163525,267.608253,CR
SRR29472744,263.932468,CC
CCS18A,263.602928,CC
FDM18A,261.609829,Feces
SRR29472745,260.930945,CC
CCH287A,252.857184,CC
FH127B,251.110305,Feces
SHCC72A,250.592101,CC
SHCC145A,248.035086,CC
SHCC48A,246.757621,CC
SHCC62A,244.864626,CC
SRR29536178,244.271367,CC
SHCC183A,242.573926,CC
SHCC134A,241.870213,CC
SHMC294B,241.623549,MS
SHCC23A,240.582984,CC
SHCC133A,240.236804,CC
SHCC245A,239.779739,CC
SHCC158A,238.278007,CC
SRR29536171,236.185833,CC
FH95B,236.128666,Feces
BKDN170794394-1A,232.326397,Feces
FDM23A,231.245053,Feces
SHCC109A,229.97742,CC
SHCC107A,227.659927,CC
SHCC173A,226.941528,CC
FJY63B,225.089752,Feces
SHCC172A,224.527841,CC
FDM34B,224.097954,Feces
SHCC21A,223.563195,CC
SRR21163458,222.50448,IC
SRR27680230,222.497835,IC
SHCC275A,219.38435,CC
FDM17B,216.077244,Feces
SHCC220A,214.268653,CC
SHCC2A,213.946694,CC
SRR29472730,207.551089,CC
SRR27680214,206.705911,IC
SRR21163465,206.613886,IC
GCH209B,206.314628,GS
SHCC237A,205.327481,CC
SRR29429234,204.320787,CC
SRR29472732,203.976383,CC
FDM14A,202.98196,Feces
FDM27B,200.065702,Feces
SHCC284A,198.575359,CC
SHCC37A,195.31019,CC
SHCC233A,189.199122,CC
CCS26A,188.749021,CC
MCH108B,186.479021,MS
SHCC239A,186.328184,CC
SHCC19A,184.486312,CC
FDM24B,183.322281,Feces
SHCC34A,182.413378,CC
SHIC174A,179.141432,IC
SHCC286A,176.67972,CC
SHMC212B,172.122545,MS
CCS16B,171.570625,CC
SRR29429233,170.333447,CC
SRR27680222,170.275064,IC
SRR21163451,170.272179,IC
CCS27A,169.407156,CC
SRR27680227,169.115843,IC
SRR21163455,169.074528,IC
FDM30A,159.199008,Feces
GCH227B,157.401939,GS
FJY45A,156.492945,Feces
SHCC295A,144.302346,CC
SHCC129A,142.379575,CC
BKDN170794156-1A,137.139456,Feces
MCH325B,132.087665,MS
MCH324B,132.017337,MS
SHCC127A,128.756538,CC
SRR29536172,126.831118,CC
SRR29354210,126.35053,CC
FDM12B,125.216431,Feces
SHCC40A,124.432759,CC
SRR27680228,123.539907,IC
SRR21163456,123.428717,IC
SRR21163452,121.794812,IC
SRR27680223,121.700183,IC
SHCC14A,121.409672,CC
SHCC291A,119.185476,CC
FDM21B,118.335357,Feces
SHIC214A,111.372755,IC
GCH277A,111.2024,GS
FJY59A,109.343041,Feces
SRR29429235,107.467618,CC
SHCC120A,104.157188,CC
SHMC47B,103.973965,MS
SRR21163510,98.864431,DC
SRR21163512,97.518421,DC
MCH328B,96.499763,MS
GCH221A,95.674655,GS
SHMC262B,91.428051,MS
MCH74B,91.154292,MS
SHCC22A,90.856689,CC
MCH277B,89.10952,MS
SHMC213B,88.14836,MS
FJY35A,87.904559,Feces
GCH111B,85.800603,GS
MCH340B,85.480221,MS
MCH119B,83.473838,MS
SHMC239B,81.596456,MS
SRR21163530,79.779916,CR
ICH180-1A,75.047911,IC
MCH295B,72.083271,MS
MCH221A,71.911343,MS
SRR29449376,70.355199,CC
MCH112B,68.103853,MS
SRR21163526,65.863785,CR
SHMC139B,63.571954,MS
MCH346B,62.42658,MS
ICH57-1A,60.510379,IC
SRR27680219,59.467324,IC
SRR21163470,59.459957,IC
SHCC294A,55.628465,CC
SHIC245A,55.588815,IC
SHMC288B,55.127797,MS
SRR21163507,52.632091,DC
ICH227-1A,52.581555,IC
MCH323B,52.426302,MS
MCH127B,52.37397,MS
SHIC104A,52.136135,IC
SRR21163463,52.0196,IC
SRR27680234,51.998812,IC
SRR21163417,49.863245,CR
SRR21163450,49.107176,IC
SRR27680221,49.104509,IC
MCH259B,49.103022,MS
SRR29429237,48.773665,CC
SRR29429283,47.777502,CC
SRR29449372,47.370718,CC
JCH209-1A,47.174177,JC
SRR27680216,46.589159,IC
SRR21163467,46.566537,IC
GCH251A,46.094468,GS
SHMC191B,45.742925,MS
SRR21163421,45.728687,CR
SRR29429238,45.687677,CC
MCH287B,41.847624,MS
SHIC262A,41.55263,IC
JCH247-1A,40.742766,JC
SRR29449366,40.125597,CC
SHIC170A,38.783763,IC
SHIC107A,38.594252,IC
SHIC243A,37.408065,IC
SHIC301A,36.577033,IC
SRR29429236,34.972001,CC
SHCC118A,33.506338,CC
SRR27680235,32.866645,IC
SRR21163473,32.855618,IC
SRR21163511,31.159995,DC
GCH295A,28.461971,GS
GCH325A,28.166225,GS
SHIC288A,27.730902,IC
SRR21163481,25.796739,JC
GCH294A,25.794704,GS
MCH294B,25.054739,MS
SHIC178A,24.565641,IC
SRR21163486,23.833309,JC
SHMC11B,23.710779,MS
SHMC249B,23.096586,MS
MCH111A,23.07982,MS
SHIC213A,22.988197,IC
SHMC12B,22.247502,MS
SHMC243B,21.703218,MS
SHIC260A,21.644441,IC
SHDC11C,21.600823,DC
SRR21163484,21.51705,JC
SHIC239A,21.475883,IC
SRR21163483,19.93884,JC
ICH258-1A,19.709467,IC
SHMC93B,19.503961,MS
SRR27680213,19.079933,IC
SRR21163464,19.068485,IC
SRR29449368,18.77504,CC
SRR21163448,18.086547,IC
SRR27680220,18.086282,IC
SHIC93A,17.406653,IC
SHMC285A,17.266962,MS
GCH156B,17.056848,GS
SHIC68A,17.001818,IC
GCH112A,16.164701,GS
SRR29354198,15.968757,CC
SHIC141A,15.660048,IC
SHIC139A,14.914442,IC
SRR21163503,14.487473,DC
GCH326A,14.449523,GS
SHMC247B,14.292225,MS
SHIC14A,14.200601,IC
SHMC207A,13.800038,MS
SHIC249A,11.759372,IC
ICH259-1A,11.329264,IC
SRR21163502,10.927049,DC
SHIC247A,10.711982,IC
SHIC157A,10.478594,IC
SRR21163454,10.44178,IC
SRR27680226,10.440292,IC
SRR21163477,10.160397,JC
SRR21163478,10.045397,JC
SHIC58A,9.990401,IC
SRR29354214,9.965366,CC
SRR29354213,9.482851,CC
SRR29354209,9.382956,CC
SHMC14B,9.124911,MS
SRR21163508,9.050878,DC
ICH210-1A,9.033153,IC
SRR21163475,9.022119,JC
SHMC78B,9.020042,MS
SHMC68B,8.833796,MS
JCH259-1B,8.545079,JC
SRR21163487,8.246022,JC
SHDC14A,7.621118,DC
GCH206A,7.515822,GS
GCH324A,7.358584,GS
SRR21163505,7.341186,DC
SRR21163501,7.028198,DC
SHIC46A,6.78273,IC
SRR29354211,6.763209,CC
SRR21163509,6.488537,DC
MCH95A,6.330811,MS
ICH150-1A,6.310871,IC
SHIC212A,6.222153,IC
SRR21163506,6.18428,DC
SHMC154A,5.873615,MS
SHIC203A,5.835324,IC
JCH57-1A,5.617438,JC
SHMC245A,5.617026,MS
SRR21163479,5.589957,JC
SRR21163490,5.571339,JC
GCH151B,5.567438,GS
SRR21163480,5.222829,JC
SRR21163485,5.164253,JC
SHMC141B,5.008073,MS
ICH151-1A,4.934003,IC
SHMC260A,4.861743,MS
SHIC23A,4.858561,IC
GCH346A,4.774587,GS
MCH306A,4.75107,MS
SHMC58B,4.601261,MS
JCH180-1A,4.53265,JC
SHDC23A,4.444766,DC
SHIC294A,4.110314,IC
SHIC78A,4.082098,IC
SHIC12A,3.918754,IC
SHIC47A,3.855925,IC
SRR21163438,3.767163,DC
SHMC34A,3.751331,MS
GCH162B,3.651165,GS
SHIC207A,3.61397,IC
JCH127-1A,3.513814,JC
SHMC157B,3.444621,MS
ICH263-1A,3.363358,IC
SHDC12A,3.297322,DC
SRR21163476,3.272138,JC
JCH74-1A,3.109586,JC
SRR29354212,2.90312,CC
JCH112-1A,2.784301,JC
JCH119-1A,2.755424,JC
SRR21163489,2.573079,JC
JCH258-1A,2.559224,JC
JCH93-1A,2.371573,JC
SHDC111A,2.29269,DC
ICH326-1A,2.228643,IC
SHIC61A,2.227525,IC
SRR21163468,2.150991,IC
SRR27680217,2.150599,IC
JCH108-1A,2.113303,JC
SHIC11C,2.068963,IC
SHIC154A,2.051775,IC
SHMC39B,1.994725,MS
JCH206-1A,1.97569,JC
SHMC298A,1.968041,MS
JCH328-1A,1.920994,JC
SHDC107A,1.906154,DC
SHDC157A,1.844385,DC
SHDC214A,1.806751,DC
GCH250A,1.740561,GS
MCH151A,1.720704,MS
GCH340A,1.71067,GS
JCH210-1A,1.676856,JC
SHDC34A,1.648017,DC
JCH95-1A,1.63907,JC
SHDC170A,1.63327,DC
SHDC213A,1.596854,DC
SHIC285A,1.472633,IC
SRR21163420,1.415052,CR
JCH250-1A,1.363274,JC
GCH263A,1.358279,GS
SHDC294A,1.351926,DC
JCH326-1A,1.350268,JC
ICH324-1A,1.347918,IC
SRR21163491,1.331466,JC
SHDC285A,1.219745,DC
SHDC239A,1.217901,DC
SRR21163462,1.19401,IC
SRR27680233,1.194,IC
SHDC61A,1.174163,DC
ICH346-1A,1.127376,IC
JCH111-1A,1.125058,JC
SHIC39A,1.054403,IC
SHDC245A,1.039518,DC
GCH74A,1.027809,GS
SRR27680218,1.013067,IC
SRR21163469,1.012754,IC
SRR21163474,1.012428,IC
SRR27680236,1.011827,IC
SHDC207A,1.001862,DC
ICH206-1A,0.97886,IC
SHDC46A,0.957762,DC
SHIC191A,0.954716,IC
ICH287-1A,0.920884,IC
SHDC203A,0.907928,DC
SRR21163466,0.852536,IC
SRR27680215,0.851383,IC
SHDC247A,0.808583,DC
SHDC104A,0.795729,DC
SHDC93A,0.793596,DC
ICH323-1A,0.790465,IC
SHDC139A,0.772114,DC
JCH323-1A,0.744256,JC
SHDC78A,0.739559,DC
SHDC141A,0.723492,DC
ICH250-1A,0.722734,IC
SHDC154A,0.722341,DC
SHDC301A,0.711669,DC
JCH340-1A,0.700936,JC
SHDC174A,0.687868,DC
SHDC302A,0.686564,DC
JCH294-1A,0.650348,JC
SHDC178A,0.647193,DC
SHDC288A,0.631549,DC
SHDC47A,0.627751,DC
ICH295-1A,0.61783,IC
MCH156B,0.596043,MS
SHDC191A,0.595466,DC
SRR21163492,0.595348,JC
ICH328-1A,0.580855,IC
JCH263-1A,0.576367,JC
ICH306-1A,0.555408,IC
ICH221-1A,0.527257,IC
SRR21163497,0.508057,JC
JCH324-1A,0.496787,JC
SHDC39A,0.490182,DC
SRR21163534,0.462809,DC
JCH287-1A,0.458388,JC
SRR27680224,0.437054,IC
SRR21163472,0.436869,IC
ICH325-1A,0.423672,IC
SRR21163449,0.404015,DC
SHDC212A,0.39147,DC
SRR21163533,0.372781,DC
SHDC262A,0.351456,DC
SHIC34A,0.343258,IC
SHDC68A,0.314925,DC
SRR21163494,0.302848,JC
ICH294-1A,0.296059,IC
JCH346-1A,0.287443,JC
ICH108-1A,0.286606,IC
GCH119A,0.263699,GS
SRR21163499,0.238769,JC
SRR21163504,0.23497,DC
JCH295-1A,0.137939,JC
SHDC298A,0.131628,DC
ICH127-1A,0.130227,IC
GCH323A,0.120128,GS
JCH306-1A,0.115203,JC
SRR21163482,0.086143,DC
SRR21163493,0.058865,DC
ICH277-1A,0.047072,IC
SHDC249A,0.046323,DC
SHDC260A,0.019769,DC
SRR21163460,3.00E-06,DC
ICH111-1A,0,IC
ICH112-1A,0,IC
ICH119-1A,0,IC
ICH340-1A,0,IC
ICH93-1A,0,IC
ICH95-1A,0,IC
JCH277-1A,0,JC
JCH325-1A,0,JC
SHDC58A,0,DC
SRR21163427,0,DC
SRR21163471,0,DC
SRR21163488,0,JC
SRR21163495,0,JC
SRR21163496,0,JC
SRR21163498,0,JC
SRR21163500,0,JC
SRR21163522,0,DC
SRR21163535,0,DC
