ARG,CHP,JRD,JYP,LCW,LSD,MWD,PTB,SPD,SXD,TWD,YXP,ZSP
ANT(2'')-Ia,0.016432166666666668,0.0545135,0.126358125,0.012624199999999999,0.22915785714285714,0.005073230769230769,0.17438625,0.2861004705882353,1.0261156,0.058017,0.44032866666666665,0.21387406666666667
APH(2'')-If,0.14228158333333332,0.043253,0.048163125,0.2102742,0.10448514285714286,0.053229307692307694,0.029984,0.030508823529411765,0.2646989,0.30158999999999997,0.10341433333333333,0.028193333333333334
APH(3'')-Ib,1.1122070833333333,0.3485,0.225173875,0.4978979,0.4125851428571429,0.18561853846153847,0.1762455,0.404561,1.7540518,0.2479882,0.7349533333333333,0.6529626666666667
APH(3')-IIIa,6.16612625,7.7297781875,2.19145775,5.0894663,8.868205,6.0346111538461535,3.1421595,3.0875127058823533,10.619856200000001,6.0402374,4.867984666666667,8.480658266666667
APH(3')-Ia,0.05100158333333333,0.095747,0.096315,0.0313256,0.2553677142857143,0.06252423076923078,0.27312000000000003,0.47328017647058823,1.5252129,0.17132,0.6513968888888889,0.5898868666666667
APH(6)-Id,0.060719333333333333,0.005514437499999999,0.00343025,0.013943800000000001,0.05067214285714285,0.04260384615384615,0,0.019549294117647057,0.28387249999999997,0.0522922,0.002951888888888889,0.012087266666666667
ErmA,3.9697856666666667,10.373604625,3.91642425,4.368166,12.985871714285715,14.154746692307691,6.7072735,4.407428588235294,2.7472787,21.0097642,31.119443333333333,11.995615266666666
ErmB,4.440965666666667,11.9338415,5.9418331250000005,5.9249295,4.368916571428572,22.629120384615383,1.702228,2.7808679411764707,4.9616426,16.0748272,20.550677888888888,5.1533026
ErmF,1.2231213333333333,0.3732661875,0.1013975,0.6425149,0.4824614285714286,0.23180753846153845,0.311685,0.5144864117647059,0.978962,0.30503179999999996,0.38126055555555555,0.25294666666666665
ErmT,0.034930916666666666,0.056605,0.00690575,0.10341600000000001,0.003955,0.080441,0,0.17669335294117647,0.036940100000000003,0.1110162,0.6973036666666667,0.014490266666666668
ErmX,0.034777416666666665,0.0912779375,0.082432875,0.0403777,0.21065271428571428,0.10109307692307692,0.19064425000000002,0.40518964705882354,0.748941,0.169619,0.32598744444444444,0.23734426666666666
OXA-10,0.104891,0.5477381875,0.0378765,0.4925326,0.4386062857142857,0.8317929230769231,0.02121325,0.15832423529411765,0.0362932,0.036896,0.5199945555555556,0.8248545333333334
SAT-4,1.438196,3.538832375,0.76961325,2.2071904,2.8757198571428573,4.860057153846154,2.90239975,1.9168252941176471,2.8566708,1.7568964,3.380177777777778,5.6656488
TEM-1,0.10318108333333333,0.99092925,0.012305125,0.5464933,0.6838548571428571,0.8637528461538462,0,0.6323562352941177,0.0699715,0.035801,0.5021592222222222,1.4981970666666666
aad(6),0.7132125833333334,2.5287228125,0.6139147500000001,1.3437397,1.3036201428571428,4.029109384615385,0.70406125,0.8190310588235294,1.1377673,1.016202,2.7724046666666666,1.7709713333333335
aadA2,0.0024940833333333334,0.0321515625,0.09064425,0.0292422,0.30006114285714286,0.003976769230769231,0.31190850000000003,0.49605605882352943,1.1704444999999999,0.0737432,0.24070122222222223,0.3524296
aadA5,0.044220916666666665,0.33232612499999997,0.12666225,0.1420512,1.2853744285714286,0.26903015384615386,0.9196377499999999,2.8098059411764704,8.9546834,0.5545778,1.7499900000000002,1.8070893333333333
dfrA14,0.13936075,0.920801625,0.040168875,0.8826407,1.018095,1.6469173076923078,0,0.437024,0.0805439,0.0208734,0.7606793333333334,1.4806813333333333
dfrA17,0.019524083333333334,0.5701455,0.085099375,0.2159359,1.2290841428571428,0.4922242307692308,0.91485125,2.506950705882353,8.5314894,0.23051539999999998,1.9239523333333333,1.6597446
poxtA,2.523185,6.7238197500000005,3.259272625,1.7547584,1.605927857142857,2.7426316153846155,0.6236820000000001,1.8936783529411765,0.9388599,0.4720706,4.601166222222222,3.3234956666666666
sul1,0.0404705,0.1971139375,0.237232,0.0761535,1.5477964285714285,0.07613415384615385,1.8315165,3.191628294117647,8.7560617,0.6103568,2.193796,2.2045231333333333
sul2,0.5559568333333333,0.977773625,0.241943375,0.4786837,0.43217142857142854,0.6496351538461539,0.09798775,0.46962176470588235,1.416287,0.2026828,0.767327,1.5397494
tet(32),2.3434630833333334,1.9642765625,2.485888375,6.2326343,3.0087255714285717,3.2330488461538462,2.48732075,7.7628394705882355,7.8037827,6.5203254,3.050616,2.2213197333333334
tet(40),1.8965569166666667,2.14237325,1.549866375,7.9979825,3.1588442857142858,3.860975846153846,2.52258675,13.673725411764705,6.1344927,4.6662064,1.7358403333333334,2.215461133333333
tet(A),2.8867908333333334,2.707957125,0.152738375,2.3323696,1.5611131428571428,3.1664111538461537,0.0984485,0.647365,0.420813,0.2573122,1.9572848888888887,3.767853533333333
tet(K),0,0.0433913125,0.3396435,0.0135205,0.12625942857142858,0.013143307692307692,0.07632825,0.03413723529411765,0.4905275,0,0.09401522222222222,0.036969133333333334
tet(M),24.925727583333334,45.596222625,21.604666875,18.6954416,20.002678142857143,40.06170392307692,10.924949,18.682084,10.6104879,25.4998538,69.86508933333333,32.5488616
tet(O),7.712449,37.222846875,12.707784125,24.460227,77.75091971428571,45.791541076923075,76.59604675,206.58012423529414,12.1108546,26.274878,18.147095222222223,84.911995
tet(Q),44.75815625,30.194165125,10.280793375,79.1851588,47.56641271428571,33.32246107692308,51.690176,35.491274294117645,56.9788665,26.323145,15.583042111111112,32.117324866666664
tet(S),0.6432829166666667,0.773309875,1.537462375,0.0449333,0.3071081428571429,0.10612207692307693,0.1814525,0.442863,0.5333475,2.120499,4.781349,0.47054393333333333
tet(W),130.85806733333334,34.48902575,192.934488625,68.4417525,35.500786857142856,34.84127023076923,27.465134250000002,25.452065470588234,78.5736187,53.5308452,31.360487666666668,23.760613
tet(X),0.7703663333333334,0.1742143125,0.03649325,0,0,0.011574923076923076,0.019358,0.183294,0.9853992,0.087371,0.4909401111111111,0.09170673333333333
