KEGG_info,Sample,group,abundance
K02563|murG,SHCC286A,G/A,338.894016
K02563|murG,SHCC8A,G/G,281.282839
K02563|murG,SHCC195A,G/A,257.573072
K02563|murG,SHCC173A,G/A,235.142006
K02563|murG,SHCC159A,A/A,224.954485
K02563|murG,SHCC265A,G/G,223.664323
K02563|murG,SHCC284A,G/G,218.930009
K02563|murG,SHCC280A,G/G,202.854667
K02563|murG,SHCC217A,G/G,199.332856
K02563|murG,SHCC269A,A/A,197.668033
K02563|murG,SHCC80A,A/A,197.064144
K02563|murG,SHCC200A,G/A,193.791156
K02563|murG,SHCC120A,G/A,193.00031
K02563|murG,SHCC211A,G/G,191.72537
K02563|murG,SHCC189A,A/A,190.104403
K02563|murG,SHCC81A,G/A,181.137537
K02563|murG,SHCC117A,G/A,179.786571
K02563|murG,SHCC215A,A/A,178.364473
K02563|murG,SHCC96A,A/A,178.349164
K02563|murG,SHCC104A,A/A,178.290707
K02563|murG,SHCC214A,G/G,177.275497
K02563|murG,SHCC226A,G/A,176.767061
K02563|murG,SHCC64A,G/G,176.001335
K02563|murG,SHCC85B,G/G,175.286992
K02563|murG,SHCC127A,G/A,172.56539
K02563|murG,SHCC231A,A/A,169.836578
K02563|murG,SHCC69B,G/G,169.655023
K02563|murG,SHCC62A,A/A,169.371856
K02563|murG,SHCC281A,G/G,169.058472
K02563|murG,SHCC185B,G/A,167.259933
K02563|murG,SHCC235A,G/G,167.129922
K02563|murG,SHCC14A,G/A,167.051782
K02563|murG,SHCC34A,G/A,166.664387
K02563|murG,SHCC168A,A/A,166.322512
K02563|murG,SHCC20A,A/A,165.901087
K02563|murG,SHCC274A,A/A,165.813444
K02563|murG,SHCC56A,G/A,164.444101
K02563|murG,SHCC155A,G/A,164.273476
K02563|murG,SHCC203A,G/A,163.853411
K02563|murG,SHCC30A,G/A,162.327281
K02563|murG,SHCC170A,G/G,162.232207
K02563|murG,SHCC19A,G/A,161.741161
K02563|murG,SHCC209A,G/A,161.591387
K02563|murG,SHCC72A,G/A,161.481585
K02563|murG,SHCC153A,G/G,161.355641
K02563|murG,SHCC134A,G/A,161.270844
K02563|murG,SHCC84A,G/A,160.543189
K02563|murG,SHCC174A,A/A,159.892832
K02563|murG,SHCC140A,G/A,158.932864
K02563|murG,SHCC7A,A/A,158.637681
K02563|murG,SHCC275A,G/A,158.158467
K02563|murG,SHCC184A,A/A,157.082392
K02563|murG,SHCC183A,G/G,156.444982
K02563|murG,SHCC165A,A/A,156.252606
K02563|murG,SHCC21A,G/A,156.1476
K02563|murG,SHCC138A,G/A,156.003482
K02563|murG,SHCC260A,G/A,155.91747
K02563|murG,SHCC101A,A/A,155.599523
K02563|murG,SHCC257A,A/A,155.535839
K02563|murG,SHCC70A,G/G,155.082721
K02563|murG,SHCC198A,G/A,154.704528
K02563|murG,SHCC12A,G/A,154.5187
K02563|murG,SHCC169A,G/A,154.382584
K02563|murG,SHCC186A,G/A,154.123439
K02563|murG,SHCC113A,G/A,153.937352
K02563|murG,SHCC61A,G/G,153.619147
K02563|murG,SHCC227A,G/G,153.243183
K02563|murG,SHCC103A,A/A,152.684183
K02563|murG,SHCC43A,A/A,152.324526
K02563|murG,SHCC290A,A/A,152.320434
K02563|murG,SHCC289A,G/G,151.819659
K02563|murG,SHCC156A,G/A,151.611443
K02563|murG,SHCC272B,G/G,151.118565
K02563|murG,SHCC270A,G/G,150.480165
K02563|murG,SHCC40A,G/A,150.419999
K02563|murG,SHCC190A,G/G,150.062647
K02563|murG,SHCC94A,G/A,149.668047
K02563|murG,SHCC266B,A/A,149.539342
K02563|murG,SHCC5A,G/A,149.417294
K02563|murG,SHCC171A,G/A,148.99127
K02563|murG,SHCC78A,G/G,148.919241
K02563|murG,SHCC161A,G/G,148.748711
K02563|murG,SHCC199A,G/G,148.257727
K02563|murG,SHCC225B,G/G,148.142888
K02563|murG,SHCC4A,G/A,147.932612
K02563|murG,SHCC216A,G/G,147.339172
K02563|murG,SHCC145A,G/A,146.923211
K02563|murG,SHCC224A,A/A,146.652568
K02563|murG,SHCC116A,G/A,146.550764
K02563|murG,SHCC263A,A/A,146.361294
K02563|murG,SHCC6A,G/A,145.883781
K02563|murG,SHCC126A,A/A,145.882065
K02563|murG,SHCC288A,A/A,145.822786
K02563|murG,SHCC55A,G/A,145.628825
K02563|murG,SHCC111A,G/A,145.534474
K02563|murG,SHCC32A,A/A,145.518643
K02563|murG,SHCC160B,G/G,145.452769
K02563|murG,SHCC240A,G/G,145.357242
K02563|murG,SHCC17A,G/A,145.280177
K02563|murG,SHCC121A,G/A,145.221934
K02563|murG,SHCC97A,G/G,145.020218
K02563|murG,SHCC201A,A/A,144.967745
K02563|murG,SHCC175A,A/A,144.925264
K02563|murG,SHCC188A,A/A,144.816004
K02563|murG,SHCC291A,G/A,144.775446
K02563|murG,SHCC247A,G/A,144.664284
K02563|murG,SHCC196A,G/A,144.651442
K02563|murG,SHCC99A,G/G,144.592203
K02563|murG,SHCC268A,A/A,144.576395
K02563|murG,SHCC124B,G/A,144.26198
K02563|murG,SHCC250A,G/A,144.231785
K02563|murG,SHCC46B,G/G,144.213247
K02563|murG,SHCC112A,A/A,144.172071
K02563|murG,SHCC178A,G/A,143.931454
K02563|murG,SHCC213A,G/A,143.741214
K02563|murG,SHCC179A,G/G,143.638176
K02563|murG,SHCC237A,G/A,143.525788
K02563|murG,SHCC249A,G/G,143.346485
K02563|murG,SHCC208A,G/G,143.28162
K02563|murG,SHCC143A,G/A,143.166007
K02563|murG,SHCC24A,G/A,142.991248
K02563|murG,SHCC28B,G/A,142.97403
K02563|murG,SHCC52A,G/A,142.95734
K02563|murG,SHCC276A,A/A,142.708733
K02563|murG,SHCC114A,G/G,142.671641
K02563|murG,SHCC77B,G/A,142.646555
K02563|murG,SHCC102A,A/A,142.521896
K02563|murG,SHCC222A,G/G,142.25483
K02563|murG,SHCC68A,G/A,142.019461
K02563|murG,SHCC13A,A/A,141.707474
K02563|murG,SHCC47A,G/G,141.502299
K02563|murG,SHCC79A,A/A,141.359548
K02563|murG,SHCC258A,G/G,141.256543
K02563|murG,SHCC256A,A/A,141.246063
K02563|murG,SHCC182A,G/A,141.147799
K02563|murG,SHCC219A,G/A,141.057723
K02563|murG,SHCC295A,G/A,141.033654
K02563|murG,SHCC83A,G/G,140.890602
K02563|murG,SHCC65A,G/G,140.835425
K02563|murG,SHCC300A,G/A,140.618172
K02563|murG,SHCC149A,G/A,140.610748
K02563|murG,SHCC277A,G/A,140.515365
K02563|murG,SHCC49A,G/A,140.263774
K02563|murG,SHCC228A,A/A,140.106038
K02563|murG,SHCC39A,G/A,140.065668
K02563|murG,SHCC194A,G/A,139.938654
K02563|murG,SHCC51A,G/A,139.721653
K02563|murG,SHCC192A,A/A,139.660637
K02563|murG,SHCC41A,A/A,139.63459
K02563|murG,SHCC105A,G/G,139.620538
K02563|murG,SHCC221A,G/G,139.463495
K02563|murG,SHCC18A,A/A,139.428217
K02563|murG,SHCC11A,G/A,139.390545
K02563|murG,SHCC9A,G/A,139.289039
K02563|murG,SHCC202A,G/G,139.205311
K02563|murG,SHCC54A,G/A,138.349187
K02563|murG,SHCC191A,G/A,137.778408
K02563|murG,SHCC261A,G/G,137.652259
K02563|murG,SHCC115A,G/G,137.515052
K02563|murG,SHCC218A,G/A,137.392707
K02563|murG,SHCC210A,A/A,137.378449
K02563|murG,SHCC298A,A/A,137.360211
K02563|murG,SHCC76A,G/A,137.163296
K02563|murG,SHCC246A,G/A,137.12512
K02563|murG,SHCC187A,A/A,137.104596
K02563|murG,SHCC177A,G/A,136.719816
K02563|murG,SHCC296A,G/A,136.101275
K02563|murG,SHCC212A,A/A,136.062651
K02563|murG,SHCC239A,G/G,134.944089
K02563|murG,SHCC248A,G/A,134.453124
K02563|murG,SHCC35A,G/A,134.433243
K02563|murG,SHCC167A,G/A,134.334146
K02563|murG,SHCC25A,G/A,134.318803
K02563|murG,SHCC125A,A/A,134.221643
K02563|murG,SHCC27A,G/G,133.34109
K02563|murG,SHCC230A,G/G,132.405151
K02563|murG,SHCC278A,G/G,132.315205
K02563|murG,SHCC141A,G/A,132.193002
K02563|murG,SHCC131A,G/A,131.607773
K02563|murG,SHCC53A,G/G,131.465804
K02563|murG,SHCC1A,G/G,131.38886
K02563|murG,SHCC164B,G/A,131.284086
K02563|murG,SHCC67A,G/A,131.192894
K02563|murG,SHCC297B,A/A,131.15067
K02563|murG,SHCC58A,G/G,130.939414
K02563|murG,SHCC262A,G/G,130.778476
K02563|murG,SHCC229A,A/A,130.736822
K02563|murG,SHCC252A,A/A,130.451205
K02563|murG,SHCC285A,G/A,130.325297
K02563|murG,SHCC3A,G/A,129.678179
K02563|murG,SHCC91A,G/A,129.624831
K02563|murG,SHCC223A,G/A,129.409256
K02563|murG,SHCC50A,G/G,129.284345
K02563|murG,SHCC253A,G/G,129.138845
K02563|murG,SHCC122B,A/A,128.916309
K02563|murG,SHCC176A,G/A,128.887049
K02563|murG,SHCC136A,G/A,128.795919
K02563|murG,SHCC36A,G/A,128.058817
K02563|murG,SHCC172A,A/A,128.001543
K02563|murG,SHCC132A,G/G,127.66353
K02563|murG,SHCC283A,G/A,127.518663
K02563|murG,SHCC74A,A/A,127.37245
K02563|murG,SHCC241A,G/G,127.362203
K02563|murG,SHCC180A,G/A,127.125777
K02563|murG,SHCC110A,G/G,126.719173
K02563|murG,SHCC88B,G/G,126.552578
K02563|murG,SHCC150A,G/A,126.3825
K02563|murG,SHCC204B,G/A,126.3716
K02563|murG,SHCC154A,G/A,126.371503
K02563|murG,SHCC31A,G/G,126.308833
K02563|murG,SHCC251B,G/A,126.214493
K02563|murG,SHCC93A,G/A,126.103755
K02563|murG,SHCC162A,G/A,125.827002
K02563|murG,SHCC234B,A/A,125.703314
K02563|murG,SHCC44A,G/A,125.606607
K02563|murG,SHCC119A,G/A,125.340696
K02563|murG,SHCC146A,G/A,125.262806
K02563|murG,SHCC157B,G/A,125.23902
K02563|murG,SHCC244A,G/A,124.813212
K02563|murG,SHCC205A,G/A,124.787097
K02563|murG,SHCC139A,G/G,124.563997
K02563|murG,SHCC267A,G/A,124.44025
K02563|murG,SHCC38A,A/A,124.422489
K02563|murG,SHCC33A,A/A,124.401631
K02563|murG,SHCC242A,G/A,124.138732
K02563|murG,SHCC73A,G/A,124.088465
K02563|murG,SHCC92A,G/G,123.358936
K02563|murG,SHCC271B,G/A,123.231903
K02563|murG,SHCC147A,G/G,123.223677
K02563|murG,SHCC158A,G/A,123.200786
K02563|murG,SHCC128A,A/A,123.179665
K02563|murG,SHCC299B,A/A,123.032706
K02563|murG,SHCC197A,A/A,122.991889
K02563|murG,SHCC108A,G/A,122.991657
K02563|murG,SHCC264A,G/A,122.946285
K02563|murG,SHCC135A,G/A,122.877077
K02563|murG,SHCC243A,A/A,122.751952
K02563|murG,SHCC193A,G/G,122.309032
K02563|murG,SHCC82A,A/A,122.207154
K02563|murG,SHCC98A,A/A,122.10666
K02563|murG,SHCC245A,G/A,122.077473
K02563|murG,SHCC207A,G/A,121.704591
K02563|murG,SHCC42A,G/G,121.320895
K02563|murG,SHCC63A,G/A,121.263557
K02563|murG,SHCC29A,G/A,121.162372
K02563|murG,SHCC130A,G/A,120.947862
K02563|murG,SHCC45A,G/G,120.195811
K02563|murG,SHCC107A,G/A,119.923087
K02563|murG,SHCC2A,G/A,119.848364
K02563|murG,SHCC166A,A/A,119.714952
K02563|murG,SHCC236A,G/A,119.630223
K02563|murG,SHCC106A,G/A,119.119901
K02563|murG,SHCC287A,G/A,118.586499
K02563|murG,SHCC163A,G/A,118.082906
K02563|murG,SHCC206A,G/G,117.544363
K02563|murG,SHCC71A,A/A,116.764154
K02563|murG,SHCC238A,G/A,116.29383
K02563|murG,SHCC232A,G/G,115.051546
K02563|murG,SHCC233A,G/A,115.032875
K02563|murG,SHCC292A,G/A,114.758702
K02563|murG,SHCC95A,G/A,114.635154
K02563|murG,SHCC48A,G/A,113.688647
K02563|murG,SHCC144A,G/A,113.308833
K02563|murG,SHCC255B,G/A,112.506015
K02563|murG,SHCC259A,G/A,112.108332
K02563|murG,SHCC57B,G/A,111.947021
K02563|murG,SHCC66A,G/G,111.935616
K02563|murG,SHCC137A,G/A,111.907012
K02563|murG,SHCC151A,G/A,111.044742
K02563|murG,SHCC10A,G/A,109.439614
K02563|murG,SHCC87A,G/A,109.369074
K02563|murG,SHCC75A,G/A,109.31313
K02563|murG,SHCC282A,A/A,108.641139
K02563|murG,SHCC23A,G/A,108.219885
K02563|murG,SHCC152A,G/A,107.983896
K02563|murG,SHCC279A,G/A,107.882873
K02563|murG,SHCC148A,G/G,107.493836
K02563|murG,SHCC16A,G/A,107.412255
K02563|murG,SHCC273B,G/A,106.282993
K02563|murG,SHCC100A,G/A,104.963061
K02563|murG,SHCC26B,A/A,104.856443
K02563|murG,SHCC89A,G/G,103.591626
K02563|murG,SHCC254B,A/A,101.567838
K02563|murG,SHCC15A,G/A,100.229885
K02563|murG,SHCC133A,G/G,99.892734
K02563|murG,SHCC293A,G/A,99.812662
K02563|murG,SHCC129A,G/A,99.802252
K02563|murG,SHCC59A,G/G,99.576302
K02563|murG,SHCC123A,G/A,98.016996
K02563|murG,SHCC86A,G/A,94.680919
K02563|murG,SHCC142B,A/A,94.593726
K02563|murG,SHCC60A,G/A,89.250359
K02563|murG,SHCC37A,G/A,81.897682
K02563|murG,SHCC109A,G/A,79.895247
K02563|murG,SHCC118A,G/G,43.841668
K02563|murG,SHCC22A,G/A,39.746301
K06153|bacA,SHCC9A,G/A,408.639007
K06153|bacA,SHCC57B,G/A,319.390598
K06153|bacA,SHCC81A,G/A,318.569458
K06153|bacA,SHCC69B,G/G,313.478934
K06153|bacA,SHCC217A,G/G,310.061826
K06153|bacA,SHCC84A,G/A,307.384752
K06153|bacA,SHCC8A,G/G,300.8968
K06153|bacA,SHCC86A,G/A,295.855074
K06153|bacA,SHCC167A,G/A,291.992135
K06153|bacA,SHCC185B,G/A,281.79775
K06153|bacA,SHCC211A,G/G,277.182148
K06153|bacA,SHCC184A,A/A,277.027418
K06153|bacA,SHCC254B,A/A,276.020083
K06153|bacA,SHCC265A,G/G,273.627259
K06153|bacA,SHCC82A,A/A,267.697916
K06153|bacA,SHCC46B,G/G,266.87088
K06153|bacA,SHCC72A,G/A,266.209535
K06153|bacA,SHCC269A,A/A,265.93637
K06153|bacA,SHCC173A,G/A,265.294088
K06153|bacA,SHCC56A,G/A,265.156199
K06153|bacA,SHCC231A,A/A,264.894885
K06153|bacA,SHCC47A,G/G,260.701653
K06153|bacA,SHCC226A,G/A,258.274974
K06153|bacA,SHCC18A,A/A,256.171739
K06153|bacA,SHCC187A,A/A,254.897828
K06153|bacA,SHCC104A,A/A,254.472416
K06153|bacA,SHCC64A,G/G,253.603057
K06153|bacA,SHCC164B,G/A,253.539244
K06153|bacA,SHCC287A,G/A,252.203508
K06153|bacA,SHCC80A,A/A,251.190304
K06153|bacA,SHCC214A,G/G,251.063035
K06153|bacA,SHCC209A,G/A,250.037176
K06153|bacA,SHCC41A,A/A,249.207086
K06153|bacA,SHCC78A,G/G,248.990356
K06153|bacA,SHCC227A,G/G,248.910439
K06153|bacA,SHCC27A,G/G,248.619963
K06153|bacA,SHCC241A,G/G,248.506085
K06153|bacA,SHCC263A,A/A,248.402586
K06153|bacA,SHCC149A,G/A,248.131066
K06153|bacA,SHCC165A,A/A,244.536255
K06153|bacA,SHCC7A,A/A,243.702287
K06153|bacA,SHCC249A,G/G,243.290167
K06153|bacA,SHCC45A,G/G,242.983783
K06153|bacA,SHCC166A,A/A,242.751507
K06153|bacA,SHCC168A,A/A,242.144855
K06153|bacA,SHCC225B,G/G,241.867381
K06153|bacA,SHCC124B,G/A,240.416808
K06153|bacA,SHCC175A,A/A,240.305562
K06153|bacA,SHCC5A,G/A,240.242449
K06153|bacA,SHCC79A,A/A,239.973067
K06153|bacA,SHCC85B,G/G,239.379372
K06153|bacA,SHCC218A,G/A,239.322444
K06153|bacA,SHCC43A,A/A,239.216651
K06153|bacA,SHCC103A,A/A,239.18935
K06153|bacA,SHCC274A,A/A,238.975291
K06153|bacA,SHCC65A,G/G,238.578485
K06153|bacA,SHCC213A,G/A,238.265223
K06153|bacA,SHCC267A,G/A,237.97873
K06153|bacA,SHCC266B,A/A,237.866545
K06153|bacA,SHCC189A,A/A,237.547589
K06153|bacA,SHCC29A,G/A,237.407129
K06153|bacA,SHCC156A,G/A,237.291637
K06153|bacA,SHCC275A,G/A,236.951551
K06153|bacA,SHCC30A,G/A,236.847104
K06153|bacA,SHCC182A,G/A,236.526788
K06153|bacA,SHCC208A,G/G,236.152008
K06153|bacA,SHCC26B,A/A,235.249361
K06153|bacA,SHCC54A,G/A,235.103043
K06153|bacA,SHCC98A,A/A,234.588456
K06153|bacA,SHCC273B,G/A,234.177964
K06153|bacA,SHCC153A,G/G,233.741191
K06153|bacA,SHCC4A,G/A,233.134152
K06153|bacA,SHCC24A,G/A,233.012216
K06153|bacA,SHCC61A,G/G,232.799739
K06153|bacA,SHCC286A,G/A,232.762453
K06153|bacA,SHCC140A,G/A,231.613305
K06153|bacA,SHCC228A,A/A,230.777449
K06153|bacA,SHCC281A,G/G,230.578715
K06153|bacA,SHCC139A,G/G,230.355645
K06153|bacA,SHCC28B,G/A,230.338233
K06153|bacA,SHCC198A,G/A,230.054071
K06153|bacA,SHCC258A,G/G,230.006981
K06153|bacA,SHCC200A,G/A,229.093833
K06153|bacA,SHCC97A,G/G,228.93068
K06153|bacA,SHCC33A,A/A,228.89773
K06153|bacA,SHCC195A,G/A,228.766858
K06153|bacA,SHCC105A,G/G,228.684902
K06153|bacA,SHCC199A,G/G,228.676284
K06153|bacA,SHCC96A,A/A,228.564961
K06153|bacA,SHCC191A,G/A,228.482243
K06153|bacA,SHCC190A,G/G,228.155149
K06153|bacA,SHCC143A,G/A,227.693457
K06153|bacA,SHCC161A,G/G,227.62982
K06153|bacA,SHCC260A,G/A,227.045146
K06153|bacA,SHCC224A,A/A,226.681383
K06153|bacA,SHCC117A,G/A,226.666205
K06153|bacA,SHCC39A,G/A,226.409421
K06153|bacA,SHCC174A,A/A,225.911596
K06153|bacA,SHCC270A,G/G,225.640837
K06153|bacA,SHCC192A,A/A,224.676966
K06153|bacA,SHCC239A,G/G,224.303129
K06153|bacA,SHCC112A,A/A,224.142417
K06153|bacA,SHCC3A,G/A,223.992787
K06153|bacA,SHCC32A,A/A,223.783023
K06153|bacA,SHCC126A,A/A,223.52048
K06153|bacA,SHCC83A,G/G,223.518884
K06153|bacA,SHCC74A,A/A,223.034974
K06153|bacA,SHCC250A,G/A,222.38867
K06153|bacA,SHCC44A,G/A,221.841357
K06153|bacA,SHCC35A,G/A,221.536939
K06153|bacA,SHCC201A,A/A,221.391516
K06153|bacA,SHCC179A,G/G,220.956844
K06153|bacA,SHCC73A,G/A,220.808333
K06153|bacA,SHCC31A,G/G,220.76738
K06153|bacA,SHCC205A,G/A,220.432676
K06153|bacA,SHCC169A,G/A,220.142378
K06153|bacA,SHCC288A,A/A,220.066966
K06153|bacA,SHCC106A,G/A,219.984766
K06153|bacA,SHCC183A,G/G,219.770563
K06153|bacA,SHCC188A,A/A,218.701572
K06153|bacA,SHCC215A,A/A,218.517946
K06153|bacA,SHCC116A,G/A,218.159494
K06153|bacA,SHCC230A,G/G,218.096911
K06153|bacA,SHCC170A,G/G,217.961609
K06153|bacA,SHCC71A,A/A,217.884616
K06153|bacA,SHCC67A,G/A,217.80842
K06153|bacA,SHCC216A,G/G,217.686429
K06153|bacA,SHCC289A,G/G,217.681487
K06153|bacA,SHCC1A,G/G,217.268176
K06153|bacA,SHCC138A,G/A,217.228161
K06153|bacA,SHCC203A,G/A,217.138596
K06153|bacA,SHCC204B,G/A,215.914152
K06153|bacA,SHCC297B,A/A,215.774007
K06153|bacA,SHCC108A,G/A,215.543401
K06153|bacA,SHCC25A,G/A,215.413715
K06153|bacA,SHCC134A,G/A,215.341594
K06153|bacA,SHCC154A,G/A,215.303264
K06153|bacA,SHCC219A,G/A,215.165468
K06153|bacA,SHCC177A,G/A,214.768028
K06153|bacA,SHCC125A,A/A,214.703601
K06153|bacA,SHCC210A,A/A,214.59819
K06153|bacA,SHCC115A,G/G,213.880372
K06153|bacA,SHCC88B,G/G,213.559427
K06153|bacA,SHCC300A,G/A,213.509187
K06153|bacA,SHCC135A,G/A,212.74324
K06153|bacA,SHCC196A,G/A,212.581026
K06153|bacA,SHCC235A,G/G,212.555028
K06153|bacA,SHCC256A,A/A,212.31168
K06153|bacA,SHCC6A,G/A,210.557641
K06153|bacA,SHCC197A,A/A,210.551586
K06153|bacA,SHCC162A,G/A,210.416525
K06153|bacA,SHCC146A,G/A,209.812453
K06153|bacA,SHCC91A,G/A,209.696036
K06153|bacA,SHCC159A,A/A,209.623028
K06153|bacA,SHCC36A,G/A,209.509234
K06153|bacA,SHCC251B,G/A,208.877027
K06153|bacA,SHCC141A,G/A,208.70452
K06153|bacA,SHCC242A,G/A,208.558549
K06153|bacA,SHCC114A,G/G,208.543825
K06153|bacA,SHCC240A,G/G,208.056296
K06153|bacA,SHCC77B,G/A,207.696674
K06153|bacA,SHCC113A,G/A,207.620159
K06153|bacA,SHCC111A,G/A,207.065682
K06153|bacA,SHCC14A,G/A,206.923111
K06153|bacA,SHCC12A,G/A,206.289485
K06153|bacA,SHCC264A,G/A,206.267331
K06153|bacA,SHCC51A,G/A,205.267727
K06153|bacA,SHCC221A,G/G,205.178651
K06153|bacA,SHCC262A,G/G,204.965647
K06153|bacA,SHCC119A,G/A,204.679976
K06153|bacA,SHCC171A,G/A,204.677488
K06153|bacA,SHCC278A,G/G,204.410486
K06153|bacA,SHCC76A,G/A,204.367865
K06153|bacA,SHCC206A,G/G,204.090527
K06153|bacA,SHCC163A,G/A,204.034755
K06153|bacA,SHCC202A,G/G,203.94991
K06153|bacA,SHCC121A,G/A,203.94365
K06153|bacA,SHCC248A,G/A,203.576251
K06153|bacA,SHCC142B,A/A,203.092235
K06153|bacA,SHCC10A,G/A,202.830373
K06153|bacA,SHCC299B,A/A,202.731099
K06153|bacA,SHCC49A,G/A,202.554013
K06153|bacA,SHCC284A,G/G,202.193931
K06153|bacA,SHCC94A,G/A,201.760528
K06153|bacA,SHCC62A,A/A,201.145306
K06153|bacA,SHCC147A,G/G,201.063545
K06153|bacA,SHCC272B,G/G,200.90284
K06153|bacA,SHCC150A,G/A,200.667183
K06153|bacA,SHCC122B,A/A,200.487205
K06153|bacA,SHCC243A,A/A,200.161796
K06153|bacA,SHCC145A,G/A,199.963528
K06153|bacA,SHCC11A,G/A,199.721947
K06153|bacA,SHCC50A,G/G,199.654565
K06153|bacA,SHCC268A,A/A,199.334559
K06153|bacA,SHCC70A,G/G,198.913327
K06153|bacA,SHCC21A,G/A,198.677936
K06153|bacA,SHCC93A,G/A,198.609707
K06153|bacA,SHCC38A,A/A,198.427192
K06153|bacA,SHCC160B,G/G,197.725002
K06153|bacA,SHCC101A,A/A,197.717776
K06153|bacA,SHCC193A,G/G,197.708299
K06153|bacA,SHCC229A,A/A,197.307617
K06153|bacA,SHCC99A,G/G,197.06322
K06153|bacA,SHCC178A,G/A,196.965397
K06153|bacA,SHCC252A,A/A,196.857042
K06153|bacA,SHCC95A,G/A,196.829148
K06153|bacA,SHCC17A,G/A,196.64674
K06153|bacA,SHCC253A,G/G,196.520783
K06153|bacA,SHCC280A,G/G,195.802595
K06153|bacA,SHCC55A,G/A,194.815315
K06153|bacA,SHCC296A,G/A,194.530016
K06153|bacA,SHCC247A,G/A,194.42406
K06153|bacA,SHCC207A,G/A,194.224616
K06153|bacA,SHCC223A,G/A,194.183424
K06153|bacA,SHCC298A,A/A,194.177936
K06153|bacA,SHCC68A,G/A,193.777889
K06153|bacA,SHCC246A,G/A,193.022328
K06153|bacA,SHCC148A,G/G,192.866257
K06153|bacA,SHCC53A,G/G,192.627918
K06153|bacA,SHCC155A,G/A,192.596209
K06153|bacA,SHCC102A,A/A,192.504024
K06153|bacA,SHCC176A,G/A,191.8291
K06153|bacA,SHCC42A,G/G,191.828902
K06153|bacA,SHCC285A,G/A,191.75147
K06153|bacA,SHCC75A,G/A,191.433444
K06153|bacA,SHCC58A,G/G,191.110768
K06153|bacA,SHCC13A,A/A,190.643787
K06153|bacA,SHCC212A,A/A,190.530075
K06153|bacA,SHCC222A,G/G,190.256011
K06153|bacA,SHCC136A,G/A,189.512118
K06153|bacA,SHCC271B,G/A,189.418887
K06153|bacA,SHCC180A,G/A,189.146511
K06153|bacA,SHCC255B,G/A,188.863033
K06153|bacA,SHCC131A,G/A,188.209809
K06153|bacA,SHCC276A,A/A,188.191271
K06153|bacA,SHCC232A,G/G,187.816113
K06153|bacA,SHCC172A,A/A,187.525418
K06153|bacA,SHCC63A,G/A,187.49403
K06153|bacA,SHCC238A,G/A,186.933818
K06153|bacA,SHCC236A,G/A,186.906067
K06153|bacA,SHCC186A,G/A,186.821753
K06153|bacA,SHCC20A,A/A,186.533526
K06153|bacA,SHCC295A,G/A,186.522877
K06153|bacA,SHCC34A,G/A,185.928283
K06153|bacA,SHCC233A,G/A,185.839148
K06153|bacA,SHCC157B,G/A,184.785042
K06153|bacA,SHCC132A,G/G,184.573837
K06153|bacA,SHCC257A,A/A,184.559912
K06153|bacA,SHCC244A,G/A,184.453551
K06153|bacA,SHCC194A,G/A,184.33918
K06153|bacA,SHCC110A,G/G,183.694505
K06153|bacA,SHCC87A,G/A,183.055075
K06153|bacA,SHCC237A,G/A,182.251045
K06153|bacA,SHCC52A,G/A,181.995515
K06153|bacA,SHCC130A,G/A,181.805726
K06153|bacA,SHCC261A,G/G,181.55642
K06153|bacA,SHCC59A,G/G,181.497613
K06153|bacA,SHCC259A,G/A,178.771406
K06153|bacA,SHCC158A,G/A,177.908004
K06153|bacA,SHCC283A,G/A,176.056391
K06153|bacA,SHCC120A,G/A,175.855075
K06153|bacA,SHCC19A,G/A,175.79825399999999
K06153|bacA,SHCC89A,G/G,175.740488
K06153|bacA,SHCC66A,G/G,175.120269
K06153|bacA,SHCC277A,G/A,175.107717
K06153|bacA,SHCC144A,G/A,172.813329
K06153|bacA,SHCC152A,G/A,172.03904
K06153|bacA,SHCC151A,G/A,171.704879
K06153|bacA,SHCC291A,G/A,170.868468
K06153|bacA,SHCC279A,G/A,169.028337
K06153|bacA,SHCC23A,G/A,168.463106
K06153|bacA,SHCC128A,A/A,167.869375
K06153|bacA,SHCC15A,G/A,167.220639
K06153|bacA,SHCC127A,G/A,167.146931
K06153|bacA,SHCC60A,G/A,165.907431
K06153|bacA,SHCC92A,G/G,165.303314
K06153|bacA,SHCC290A,A/A,164.946708
K06153|bacA,SHCC245A,G/A,164.663482
K06153|bacA,SHCC137A,G/A,163.566625
K06153|bacA,SHCC107A,G/A,162.000161
K06153|bacA,SHCC234B,A/A,160.648839
K06153|bacA,SHCC16A,G/A,156.644892
K06153|bacA,SHCC292A,G/A,155.405601
K06153|bacA,SHCC100A,G/A,153.921042
K06153|bacA,SHCC282A,A/A,151.992023
K06153|bacA,SHCC123A,G/A,151.575608
K06153|bacA,SHCC48A,G/A,150.789103
K06153|bacA,SHCC293A,G/A,147.294656
K06153|bacA,SHCC133A,G/G,144.582407
K06153|bacA,SHCC2A,G/A,141.02478
K06153|bacA,SHCC40A,G/A,136.982071
K06153|bacA,SHCC129A,G/A,136.2311
K06153|bacA,SHCC37A,G/A,124.697316
K06153|bacA,SHCC109A,G/A,106.802945
K06153|bacA,SHCC22A,G/A,52.234279
K06153|bacA,SHCC118A,G/G,31.307051
K03814|mtgA,SHCC265A,G/G,80.40038
K03814|mtgA,SHCC231A,A/A,72.867808
K03814|mtgA,SHCC8A,G/G,66.616949
K03814|mtgA,SHCC235A,G/G,47.938533
K03814|mtgA,SHCC253A,G/G,41.347433
K03814|mtgA,SHCC262A,G/G,40.22682
K03814|mtgA,SHCC168A,A/A,39.954289
K03814|mtgA,SHCC226A,G/A,39.104205
K03814|mtgA,SHCC281A,G/G,38.734399
K03814|mtgA,SHCC65A,G/G,38.159089
K03814|mtgA,SHCC217A,G/G,38.145895
K03814|mtgA,SHCC119A,G/A,37.985406
K03814|mtgA,SHCC138A,G/A,36.833122
K03814|mtgA,SHCC288A,A/A,35.871718
K03814|mtgA,SHCC69B,G/G,35.869742
K03814|mtgA,SHCC175A,A/A,35.853978
K03814|mtgA,SHCC227A,G/G,35.81806
K03814|mtgA,SHCC149A,G/A,35.575329
K03814|mtgA,SHCC32A,A/A,35.127424
K03814|mtgA,SHCC39A,G/A,34.652171
K03814|mtgA,SHCC147A,G/G,33.942458
K03814|mtgA,SHCC18A,A/A,33.462792
K03814|mtgA,SHCC300A,G/A,33.338256
K03814|mtgA,SHCC274A,A/A,33.094746
K03814|mtgA,SHCC241A,G/G,32.964177
K03814|mtgA,SHCC112A,A/A,32.816522
K03814|mtgA,SHCC285A,G/A,32.807615
K03814|mtgA,SHCC67A,G/A,32.731384
K03814|mtgA,SHCC190A,G/G,32.399122
K03814|mtgA,SHCC103A,A/A,32.372286
K03814|mtgA,SHCC199A,G/G,32.209298
K03814|mtgA,SHCC201A,A/A,31.996819
K03814|mtgA,SHCC81A,G/A,31.889706
K03814|mtgA,SHCC99A,G/G,31.201351
K03814|mtgA,SHCC83A,G/G,31.081097
K03814|mtgA,SHCC276A,A/A,30.98913
K03814|mtgA,SHCC249A,G/G,30.749229
K03814|mtgA,SHCC195A,G/A,30.53434
K03814|mtgA,SHCC214A,G/G,30.016026
K03814|mtgA,SHCC290A,A/A,29.976721
K03814|mtgA,SHCC5A,G/A,29.785777
K03814|mtgA,SHCC297B,A/A,29.742694
K03814|mtgA,SHCC124B,G/A,29.533558
K03814|mtgA,SHCC43A,A/A,29.524656
K03814|mtgA,SHCC38A,A/A,28.868774
K03814|mtgA,SHCC88B,G/G,28.585661
K03814|mtgA,SHCC98A,A/A,28.538217
K03814|mtgA,SHCC258A,G/G,28.343961
K03814|mtgA,SHCC4A,G/A,28.125593
K03814|mtgA,SHCC153A,G/G,27.948613
K03814|mtgA,SHCC96A,A/A,27.85738
K03814|mtgA,SHCC70A,G/G,27.815135
K03814|mtgA,SHCC151A,G/A,27.65977
K03814|mtgA,SHCC126A,A/A,27.648122
K03814|mtgA,SHCC104A,A/A,27.635751
K03814|mtgA,SHCC47A,G/G,27.616461
K03814|mtgA,SHCC74A,A/A,27.531843
K03814|mtgA,SHCC252A,A/A,27.526221
K03814|mtgA,SHCC7A,A/A,27.432115
K03814|mtgA,SHCC105A,G/G,27.349922
K03814|mtgA,SHCC216A,G/G,27.230674
K03814|mtgA,SHCC248A,G/A,27.183077
K03814|mtgA,SHCC266B,A/A,27.18051
K03814|mtgA,SHCC33A,A/A,27.102268
K03814|mtgA,SHCC259A,G/A,26.899757
K03814|mtgA,SHCC30A,G/A,26.785411
K03814|mtgA,SHCC1A,G/G,26.509315
K03814|mtgA,SHCC141A,G/A,26.43966
K03814|mtgA,SHCC228A,A/A,26.435395
K03814|mtgA,SHCC78A,G/G,26.409263
K03814|mtgA,SHCC72A,G/A,26.318839
K03814|mtgA,SHCC162A,G/A,26.223936
K03814|mtgA,SHCC117A,G/A,26.095129
K03814|mtgA,SHCC55A,G/A,25.85579
K03814|mtgA,SHCC135A,G/A,25.424492
K03814|mtgA,SHCC211A,G/G,25.420471
K03814|mtgA,SHCC229A,A/A,25.41393
K03814|mtgA,SHCC144A,G/A,25.294178
K03814|mtgA,SHCC46B,G/G,25.262983
K03814|mtgA,SHCC192A,A/A,25.249335
K03814|mtgA,SHCC197A,A/A,25.231282
K03814|mtgA,SHCC177A,G/A,24.93693
K03814|mtgA,SHCC260A,G/A,24.878792
K03814|mtgA,SHCC270A,G/G,24.692674
K03814|mtgA,SHCC194A,G/A,24.681849
K03814|mtgA,SHCC35A,G/A,24.641202
K03814|mtgA,SHCC11A,G/A,24.611865
K03814|mtgA,SHCC272B,G/G,24.591365
K03814|mtgA,SHCC256A,A/A,24.50277
K03814|mtgA,SHCC111A,G/A,24.423941
K03814|mtgA,SHCC296A,G/A,24.37672
K03814|mtgA,SHCC246A,G/A,24.30213
K03814|mtgA,SHCC207A,G/A,24.126334
K03814|mtgA,SHCC41A,A/A,24.108546
K03814|mtgA,SHCC36A,G/A,24.09803
K03814|mtgA,SHCC191A,G/A,24.088051
K03814|mtgA,SHCC27A,G/G,23.947235
K03814|mtgA,SHCC232A,G/G,23.830749
K03814|mtgA,SHCC242A,G/A,23.713403
K03814|mtgA,SHCC91A,G/A,23.659775
K03814|mtgA,SHCC167A,G/A,23.558222
K03814|mtgA,SHCC3A,G/A,23.452894
K03814|mtgA,SHCC251B,G/A,23.439506
K03814|mtgA,SHCC102A,A/A,23.368767
K03814|mtgA,SHCC271B,G/A,23.306125
K03814|mtgA,SHCC113A,G/A,23.286742
K03814|mtgA,SHCC53A,G/G,23.209988
K03814|mtgA,SHCC77B,G/A,23.201703
K03814|mtgA,SHCC268A,A/A,23.062351
K03814|mtgA,SHCC155A,G/A,23.020688
K03814|mtgA,SHCC54A,G/A,23.005205
K03814|mtgA,SHCC6A,G/A,22.990082
K03814|mtgA,SHCC58A,G/G,22.928719
K03814|mtgA,SHCC31A,G/G,22.892589
K03814|mtgA,SHCC204B,G/A,22.849149
K03814|mtgA,SHCC298A,A/A,22.792144
K03814|mtgA,SHCC187A,A/A,22.719544
K03814|mtgA,SHCC209A,G/A,22.701899
K03814|mtgA,SHCC188A,A/A,22.503506
K03814|mtgA,SHCC279A,G/A,22.462936
K03814|mtgA,SHCC225B,G/G,22.450745
K03814|mtgA,SHCC250A,G/A,22.38363
K03814|mtgA,SHCC243A,A/A,22.339762
K03814|mtgA,SHCC184A,A/A,22.224559
K03814|mtgA,SHCC17A,G/A,22.183507
K03814|mtgA,SHCC49A,G/A,21.828912
K03814|mtgA,SHCC186A,G/A,21.789836
K03814|mtgA,SHCC236A,G/A,21.756922
K03814|mtgA,SHCC132A,G/G,21.702101
K03814|mtgA,SHCC152A,G/A,21.665203
K03814|mtgA,SHCC154A,G/A,21.403302
K03814|mtgA,SHCC157B,G/A,21.379491
K03814|mtgA,SHCC148A,G/G,21.368728
K03814|mtgA,SHCC230A,G/G,21.341702
K03814|mtgA,SHCC87A,G/A,21.304581
K03814|mtgA,SHCC289A,G/G,21.291115
K03814|mtgA,SHCC80A,A/A,21.288452
K03814|mtgA,SHCC202A,G/G,21.224274
K03814|mtgA,SHCC221A,G/G,21.133273
K03814|mtgA,SHCC205A,G/A,20.952986
K03814|mtgA,SHCC208A,G/G,20.694349
K03814|mtgA,SHCC93A,G/A,20.683577
K03814|mtgA,SHCC264A,G/A,20.632734
K03814|mtgA,SHCC189A,A/A,20.554727
K03814|mtgA,SHCC182A,G/A,20.533402
K03814|mtgA,SHCC224A,A/A,20.453937
K03814|mtgA,SHCC178A,G/A,20.350377
K03814|mtgA,SHCC139A,G/G,20.344236
K03814|mtgA,SHCC267A,G/A,20.183562
K03814|mtgA,SHCC210A,A/A,20.102676
K03814|mtgA,SHCC261A,G/G,20.069608
K03814|mtgA,SHCC12A,G/A,19.965422
K03814|mtgA,SHCC24A,G/A,19.821424
K03814|mtgA,SHCC292A,G/A,19.796053
K03814|mtgA,SHCC222A,G/G,19.776854
K03814|mtgA,SHCC50A,G/G,19.750507
K03814|mtgA,SHCC61A,G/G,19.718105
K03814|mtgA,SHCC56A,G/A,19.660609
K03814|mtgA,SHCC76A,G/A,19.650556
K03814|mtgA,SHCC146A,G/A,19.586557
K03814|mtgA,SHCC170A,G/G,19.567634
K03814|mtgA,SHCC140A,G/A,19.518586
K03814|mtgA,SHCC212A,A/A,19.501795
K03814|mtgA,SHCC234B,A/A,19.454055
K03814|mtgA,SHCC116A,G/A,19.429868
K03814|mtgA,SHCC25A,G/A,19.347494
K03814|mtgA,SHCC79A,A/A,19.265201
K03814|mtgA,SHCC156A,G/A,19.262922
K03814|mtgA,SHCC193A,G/G,19.08263
K03814|mtgA,SHCC150A,G/A,19.062293
K03814|mtgA,SHCC128A,A/A,18.958849
K03814|mtgA,SHCC161A,G/G,18.945312
K03814|mtgA,SHCC108A,G/A,18.861098
K03814|mtgA,SHCC59A,G/G,18.846927
K03814|mtgA,SHCC159A,A/A,18.633985
K03814|mtgA,SHCC66A,G/G,18.390532
K03814|mtgA,SHCC60A,G/A,18.310726
K03814|mtgA,SHCC171A,G/A,18.12913
K03814|mtgA,SHCC219A,G/A,18.126664
K03814|mtgA,SHCC269A,A/A,18.069546
K03814|mtgA,SHCC247A,G/A,17.999825
K03814|mtgA,SHCC114A,G/G,17.990764
K03814|mtgA,SHCC85B,G/G,17.905587
K03814|mtgA,SHCC121A,G/A,17.757347
K03814|mtgA,SHCC200A,G/A,17.456331
K03814|mtgA,SHCC95A,G/A,17.394593
K03814|mtgA,SHCC122B,A/A,17.145781
K03814|mtgA,SHCC82A,A/A,17.113493
K03814|mtgA,SHCC163A,G/A,17.082422
K03814|mtgA,SHCC180A,G/A,17.065227
K03814|mtgA,SHCC101A,A/A,17.057414
K03814|mtgA,SHCC164B,G/A,17.010587
K03814|mtgA,SHCC106A,G/A,17.005546
K03814|mtgA,SHCC125A,A/A,16.976975
K03814|mtgA,SHCC143A,G/A,16.83452
K03814|mtgA,SHCC51A,G/A,16.747322
K03814|mtgA,SHCC283A,G/A,16.743814
K03814|mtgA,SHCC92A,G/G,16.576253
K03814|mtgA,SHCC71A,A/A,16.513864
K03814|mtgA,SHCC176A,G/A,16.507993
K03814|mtgA,SHCC2A,G/A,16.499171
K03814|mtgA,SHCC240A,G/G,16.213521
K03814|mtgA,SHCC278A,G/G,16.185767
K03814|mtgA,SHCC44A,G/A,16.18521
K03814|mtgA,SHCC23A,G/A,16.181058
K03814|mtgA,SHCC273B,G/A,16.119674
K03814|mtgA,SHCC16A,G/A,16.074991
K03814|mtgA,SHCC183A,G/G,16.060492
K03814|mtgA,SHCC238A,G/A,16.039528
K03814|mtgA,SHCC277A,G/A,15.919617
K03814|mtgA,SHCC287A,G/A,15.916649
K03814|mtgA,SHCC100A,G/A,15.914135
K03814|mtgA,SHCC73A,G/A,15.880042
K03814|mtgA,SHCC10A,G/A,15.770325
K03814|mtgA,SHCC299B,A/A,15.761428
K03814|mtgA,SHCC213A,G/A,15.631821
K03814|mtgA,SHCC94A,G/A,15.55513
K03814|mtgA,SHCC134A,G/A,15.516415
K03814|mtgA,SHCC244A,G/A,15.305323
K03814|mtgA,SHCC20A,A/A,15.292405
K03814|mtgA,SHCC110A,G/G,15.25138
K03814|mtgA,SHCC280A,G/G,15.095304
K03814|mtgA,SHCC63A,G/A,15.004159
K03814|mtgA,SHCC203A,G/A,14.99958
K03814|mtgA,SHCC48A,G/A,14.946259
K03814|mtgA,SHCC293A,G/A,14.908834
K03814|mtgA,SHCC206A,G/G,14.844436
K03814|mtgA,SHCC165A,A/A,14.595717
K03814|mtgA,SHCC145A,G/A,14.557745
K03814|mtgA,SHCC185B,G/A,14.512888
K03814|mtgA,SHCC223A,G/A,14.452019
K03814|mtgA,SHCC169A,G/A,14.4344
K03814|mtgA,SHCC68A,G/A,14.251163
K03814|mtgA,SHCC89A,G/G,14.239139
K03814|mtgA,SHCC136A,G/A,14.23555
K03814|mtgA,SHCC62A,A/A,14.210279
K03814|mtgA,SHCC45A,G/G,14.169181
K03814|mtgA,SHCC133A,G/G,14.130271
K03814|mtgA,SHCC109A,G/A,14.122771
K03814|mtgA,SHCC42A,G/G,14.045774
K03814|mtgA,SHCC75A,G/A,13.943017
K03814|mtgA,SHCC218A,G/A,13.910711
K03814|mtgA,SHCC97A,G/G,13.634515
K03814|mtgA,SHCC196A,G/A,13.629109
K03814|mtgA,SHCC179A,G/G,13.57022
K03814|mtgA,SHCC84A,G/A,13.533124
K03814|mtgA,SHCC115A,G/G,13.505684
K03814|mtgA,SHCC131A,G/A,13.235946
K03814|mtgA,SHCC142B,A/A,13.20177
K03814|mtgA,SHCC29A,G/A,13.176328
K03814|mtgA,SHCC257A,A/A,13.142609
K03814|mtgA,SHCC282A,A/A,13.028612
K03814|mtgA,SHCC130A,G/A,12.874698
K03814|mtgA,SHCC275A,G/A,12.828399
K03814|mtgA,SHCC215A,A/A,12.820908
K03814|mtgA,SHCC263A,A/A,12.788093
K03814|mtgA,SHCC198A,G/A,12.764666
K03814|mtgA,SHCC254B,A/A,12.511069
K03814|mtgA,SHCC26B,A/A,12.465418
K03814|mtgA,SHCC174A,A/A,12.225769
K03814|mtgA,SHCC13A,A/A,12.060114
K03814|mtgA,SHCC137A,G/A,11.737406
K03814|mtgA,SHCC107A,G/A,11.724405
K03814|mtgA,SHCC15A,G/A,11.670807
K03814|mtgA,SHCC158A,G/A,11.44001
K03814|mtgA,SHCC166A,A/A,11.355541
K03814|mtgA,SHCC237A,G/A,11.335119
K03814|mtgA,SHCC28B,G/A,10.984584
K03814|mtgA,SHCC64A,G/G,10.155502
K03814|mtgA,SHCC286A,G/A,10.152358
K03814|mtgA,SHCC160B,G/G,9.736617
K03814|mtgA,SHCC255B,G/A,9.526292
K03814|mtgA,SHCC19A,G/A,9.378485
K03814|mtgA,SHCC120A,G/A,9.289088
K03814|mtgA,SHCC37A,G/A,8.958601
K03814|mtgA,SHCC245A,G/A,8.794809
K03814|mtgA,SHCC22A,G/A,8.73762
K03814|mtgA,SHCC52A,G/A,8.432945
K03814|mtgA,SHCC129A,G/A,8.186337
K03814|mtgA,SHCC233A,G/A,8.125195
K03814|mtgA,SHCC172A,A/A,7.971584
K03814|mtgA,SHCC86A,G/A,7.482567
K03814|mtgA,SHCC123A,G/A,7.186358
K03814|mtgA,SHCC173A,G/A,6.576707
K03814|mtgA,SHCC9A,G/A,6.115178
K03814|mtgA,SHCC239A,G/G,6.102402
K03814|mtgA,SHCC291A,G/A,5.811703
K03814|mtgA,SHCC34A,G/A,5.747473
K03814|mtgA,SHCC57B,G/A,5.399192
K03814|mtgA,SHCC127A,G/A,5.383123
K03814|mtgA,SHCC284A,G/G,5.074031
K03814|mtgA,SHCC40A,G/A,4.859352
K03814|mtgA,SHCC14A,G/A,4.565833
K03814|mtgA,SHCC295A,G/A,4.42638
K03814|mtgA,SHCC21A,G/A,2.786926
K03814|mtgA,SHCC118A,G/G,0.781582
K07259|dacB,SHCC8A,G/G,139.841687
K07259|dacB,SHCC195A,G/A,105.56701
K07259|dacB,SHCC280A,G/G,91.135084
K07259|dacB,SHCC265A,G/G,89.369269
K07259|dacB,SHCC231A,A/A,74.148965
K07259|dacB,SHCC235A,G/G,71.106748
K07259|dacB,SHCC226A,G/A,58.654687
K07259|dacB,SHCC217A,G/G,57.567079
K07259|dacB,SHCC69B,G/G,57.551799
K07259|dacB,SHCC281A,G/G,56.987601
K07259|dacB,SHCC138A,G/A,54.174438
K07259|dacB,SHCC227A,G/G,53.884681
K07259|dacB,SHCC32A,A/A,53.69463
K07259|dacB,SHCC7A,A/A,53.28631
K07259|dacB,SHCC168A,A/A,52.504867
K07259|dacB,SHCC81A,G/A,52.495047
K07259|dacB,SHCC149A,G/A,52.366452
K07259|dacB,SHCC274A,A/A,51.67405
K07259|dacB,SHCC124B,G/A,51.349413
K07259|dacB,SHCC268A,A/A,49.328801
K07259|dacB,SHCC112A,A/A,48.845284
K07259|dacB,SHCC119A,G/A,47.086628
K07259|dacB,SHCC27A,G/G,46.107292
K07259|dacB,SHCC80A,A/A,46.081823
K07259|dacB,SHCC104A,A/A,44.715859
K07259|dacB,SHCC215A,A/A,44.476052
K07259|dacB,SHCC147A,G/G,44.13739
K07259|dacB,SHCC103A,A/A,44.122832
K07259|dacB,SHCC253A,G/G,43.58397
K07259|dacB,SHCC17A,G/A,43.40315
K07259|dacB,SHCC269A,A/A,42.852152
K07259|dacB,SHCC261A,G/G,42.571634
K07259|dacB,SHCC188A,A/A,42.084324
K07259|dacB,SHCC189A,A/A,41.904233
K07259|dacB,SHCC278A,G/G,41.298893
K07259|dacB,SHCC230A,G/G,41.296206
K07259|dacB,SHCC243A,A/A,41.148758
K07259|dacB,SHCC249A,G/G,40.974258
K07259|dacB,SHCC153A,G/G,40.873106
K07259|dacB,SHCC225B,G/G,40.672336
K07259|dacB,SHCC67A,G/A,40.438395
K07259|dacB,SHCC211A,G/G,40.422728
K07259|dacB,SHCC190A,G/G,40.19593
K07259|dacB,SHCC1A,G/G,40.16096
K07259|dacB,SHCC65A,G/G,39.85254
K07259|dacB,SHCC96A,A/A,39.735836
K07259|dacB,SHCC152A,G/A,38.686972
K07259|dacB,SHCC39A,G/A,38.512737
K07259|dacB,SHCC47A,G/G,37.724547
K07259|dacB,SHCC241A,G/G,37.691624
K07259|dacB,SHCC175A,A/A,37.596161
K07259|dacB,SHCC83A,G/G,36.898432
K07259|dacB,SHCC30A,G/A,36.744269
K07259|dacB,SHCC184A,A/A,36.625659
K07259|dacB,SHCC61A,G/G,36.267083
K07259|dacB,SHCC109A,G/A,36.038115
K07259|dacB,SHCC156A,G/A,35.626589
K07259|dacB,SHCC135A,G/A,35.07635
K07259|dacB,SHCC162A,G/A,34.931081
K07259|dacB,SHCC102A,A/A,34.882565
K07259|dacB,SHCC98A,A/A,34.797533
K07259|dacB,SHCC43A,A/A,34.605932
K07259|dacB,SHCC141A,G/A,34.36619
K07259|dacB,SHCC242A,G/A,34.171434
K07259|dacB,SHCC54A,G/A,34.032301
K07259|dacB,SHCC178A,G/A,33.988107
K07259|dacB,SHCC258A,G/G,33.905271
K07259|dacB,SHCC290A,A/A,33.845801
K07259|dacB,SHCC276A,A/A,33.658047
K07259|dacB,SHCC16A,G/A,33.620164
K07259|dacB,SHCC209A,G/A,33.378794
K07259|dacB,SHCC18A,A/A,33.373841
K07259|dacB,SHCC210A,A/A,33.290189
K07259|dacB,SHCC58A,G/G,32.714111
K07259|dacB,SHCC197A,A/A,32.571392
K07259|dacB,SHCC5A,G/A,32.532992
K07259|dacB,SHCC33A,A/A,32.471401
K07259|dacB,SHCC126A,A/A,32.420927
K07259|dacB,SHCC36A,G/A,32.293043
K07259|dacB,SHCC288A,A/A,32.277983
K07259|dacB,SHCC49A,G/A,31.971219
K07259|dacB,SHCC117A,G/A,31.962545
K07259|dacB,SHCC56A,G/A,31.734061
K07259|dacB,SHCC113A,G/A,31.710145
K07259|dacB,SHCC182A,G/A,31.550009
K07259|dacB,SHCC6A,G/A,31.414377000000002
K07259|dacB,SHCC76A,G/A,31.359062
K07259|dacB,SHCC111A,G/A,31.160858
K07259|dacB,SHCC179A,G/G,30.811195
K07259|dacB,SHCC202A,G/G,30.773065
K07259|dacB,SHCC300A,G/A,30.675655
K07259|dacB,SHCC55A,G/A,30.556722
K07259|dacB,SHCC285A,G/A,30.480154
K07259|dacB,SHCC157B,G/A,30.391792
K07259|dacB,SHCC262A,G/G,30.224493
K07259|dacB,SHCC72A,G/A,30.064608
K07259|dacB,SHCC37A,G/A,30.053076
K07259|dacB,SHCC122B,A/A,29.984881
K07259|dacB,SHCC192A,A/A,29.878146
K07259|dacB,SHCC270A,G/G,29.511731
K07259|dacB,SHCC191A,G/A,29.109844
K07259|dacB,SHCC4A,G/A,29.020177
K07259|dacB,SHCC97A,G/G,28.924936
K07259|dacB,SHCC53A,G/G,28.814241
K07259|dacB,SHCC213A,G/A,28.67063
K07259|dacB,SHCC186A,G/A,28.240635
K07259|dacB,SHCC22A,G/A,27.974059
K07259|dacB,SHCC252A,A/A,27.951245
K07259|dacB,SHCC263A,A/A,27.797467
K07259|dacB,SHCC214A,G/G,27.133929
K07259|dacB,SHCC24A,G/A,27.076316
K07259|dacB,SHCC260A,G/A,27.017085
K07259|dacB,SHCC12A,G/A,26.770863
K07259|dacB,SHCC88B,G/G,26.666652
K07259|dacB,SHCC266B,A/A,26.539736
K07259|dacB,SHCC279A,G/A,26.414588
K07259|dacB,SHCC167A,G/A,26.351671
K07259|dacB,SHCC105A,G/G,26.2558
K07259|dacB,SHCC35A,G/A,26.223172
K07259|dacB,SHCC283A,G/A,26.135923
K07259|dacB,SHCC155A,G/A,26.124502
K07259|dacB,SHCC216A,G/G,26.081938
K07259|dacB,SHCC246A,G/A,25.914954
K07259|dacB,SHCC267A,G/A,25.878303
K07259|dacB,SHCC176A,G/A,25.838328
K07259|dacB,SHCC99A,G/G,25.807676
K07259|dacB,SHCC144A,G/A,25.701612
K07259|dacB,SHCC20A,A/A,25.665966
K07259|dacB,SHCC164B,G/A,25.619862
K07259|dacB,SHCC248A,G/A,25.549396
K07259|dacB,SHCC193A,G/G,25.44007
K07259|dacB,SHCC177A,G/A,25.295369
K07259|dacB,SHCC194A,G/A,25.267217
K07259|dacB,SHCC207A,G/A,25.200674
K07259|dacB,SHCC93A,G/A,25.156612
K07259|dacB,SHCC121A,G/A,25.034753
K07259|dacB,SHCC199A,G/G,25.007317
K07259|dacB,SHCC79A,A/A,24.976671
K07259|dacB,SHCC222A,G/G,24.779534
K07259|dacB,SHCC250A,G/A,24.737858
K07259|dacB,SHCC62A,A/A,24.552041
K07259|dacB,SHCC143A,G/A,24.552009
K07259|dacB,SHCC46B,G/G,24.359193
K07259|dacB,SHCC205A,G/A,24.063968
K07259|dacB,SHCC254B,A/A,23.939262
K07259|dacB,SHCC11A,G/A,23.924904
K07259|dacB,SHCC293A,G/A,23.802332
K07259|dacB,SHCC228A,A/A,23.533498
K07259|dacB,SHCC204B,G/A,23.423774
K07259|dacB,SHCC68A,G/A,23.310266
K07259|dacB,SHCC78A,G/G,23.109737
K07259|dacB,SHCC73A,G/A,23.041953
K07259|dacB,SHCC208A,G/G,22.869815
K07259|dacB,SHCC229A,A/A,22.730943
K07259|dacB,SHCC145A,G/A,22.560915
K07259|dacB,SHCC41A,A/A,22.481148
K07259|dacB,SHCC95A,G/A,22.472821
K07259|dacB,SHCC282A,A/A,22.465027
K07259|dacB,SHCC89A,G/G,22.394766
K07259|dacB,SHCC66A,G/G,22.353306
K07259|dacB,SHCC287A,G/A,22.257971
K07259|dacB,SHCC256A,A/A,22.244549
K07259|dacB,SHCC297B,A/A,22.196392
K07259|dacB,SHCC289A,G/G,22.164383
K07259|dacB,SHCC240A,G/G,22.071162
K07259|dacB,SHCC3A,G/A,22.053164
K07259|dacB,SHCC51A,G/A,22.014186
K07259|dacB,SHCC91A,G/A,21.974882
K07259|dacB,SHCC201A,A/A,21.916975
K07259|dacB,SHCC100A,G/A,21.83356
K07259|dacB,SHCC94A,G/A,21.816943
K07259|dacB,SHCC108A,G/A,21.813716
K07259|dacB,SHCC106A,G/A,21.783962
K07259|dacB,SHCC31A,G/G,21.761818
K07259|dacB,SHCC247A,G/A,21.745021
K07259|dacB,SHCC212A,A/A,21.634658
K07259|dacB,SHCC183A,G/G,21.634141
K07259|dacB,SHCC128A,A/A,21.627578
K07259|dacB,SHCC169A,G/A,21.540746
K07259|dacB,SHCC150A,G/A,21.457275
K07259|dacB,SHCC116A,G/A,21.432397
K07259|dacB,SHCC159A,A/A,21.309488
K07259|dacB,SHCC70A,G/G,21.009176
K07259|dacB,SHCC50A,G/G,20.844013
K07259|dacB,SHCC151A,G/A,20.813745
K07259|dacB,SHCC130A,G/A,20.785811
K07259|dacB,SHCC296A,G/A,20.745012
K07259|dacB,SHCC101A,A/A,20.626081
K07259|dacB,SHCC137A,G/A,20.395536
K07259|dacB,SHCC74A,A/A,20.33994
K07259|dacB,SHCC163A,G/A,20.323375
K07259|dacB,SHCC45A,G/G,20.247751
K07259|dacB,SHCC257A,A/A,20.153482
K07259|dacB,SHCC140A,G/A,19.896612
K07259|dacB,SHCC154A,G/A,19.858381
K07259|dacB,SHCC271B,G/A,19.805679
K07259|dacB,SHCC170A,G/G,19.760798
K07259|dacB,SHCC87A,G/A,19.746613
K07259|dacB,SHCC166A,A/A,19.293978
K07259|dacB,SHCC25A,G/A,19.225418
K07259|dacB,SHCC148A,G/G,19.206779
K07259|dacB,SHCC77B,G/A,19.200744
K07259|dacB,SHCC115A,G/G,19.113117
K07259|dacB,SHCC158A,G/A,19.066446
K07259|dacB,SHCC187A,A/A,18.809004
K07259|dacB,SHCC38A,A/A,18.769426
K07259|dacB,SHCC125A,A/A,18.663812
K07259|dacB,SHCC236A,G/A,18.646383
K07259|dacB,SHCC82A,A/A,18.638234
K07259|dacB,SHCC171A,G/A,18.565911
K07259|dacB,SHCC92A,G/G,18.562328
K07259|dacB,SHCC85B,G/G,18.417898
K07259|dacB,SHCC28B,G/A,18.25456
K07259|dacB,SHCC139A,G/G,18.191505
K07259|dacB,SHCC71A,A/A,18.131907000000002
K07259|dacB,SHCC259A,G/A,17.870216
K07259|dacB,SHCC292A,G/A,17.706522
K07259|dacB,SHCC2A,G/A,17.676575
K07259|dacB,SHCC198A,G/A,17.587332
K07259|dacB,SHCC272B,G/G,17.372823
K07259|dacB,SHCC232A,G/G,17.011258
K07259|dacB,SHCC203A,G/A,16.997477
K07259|dacB,SHCC221A,G/G,16.975034
K07259|dacB,SHCC114A,G/G,16.841809
K07259|dacB,SHCC298A,A/A,16.746388
K07259|dacB,SHCC129A,G/A,16.723449
K07259|dacB,SHCC237A,G/A,16.598095
K07259|dacB,SHCC200A,G/A,16.382394
K07259|dacB,SHCC174A,A/A,16.336898
K07259|dacB,SHCC219A,G/A,16.314419
K07259|dacB,SHCC185B,G/A,16.25
K07259|dacB,SHCC165A,A/A,16.062789
K07259|dacB,SHCC218A,G/A,16.038421
K07259|dacB,SHCC44A,G/A,15.866511
K07259|dacB,SHCC132A,G/G,15.845326
K07259|dacB,SHCC75A,G/A,15.393215
K07259|dacB,SHCC131A,G/A,15.39189
K07259|dacB,SHCC84A,G/A,15.284181
K07259|dacB,SHCC286A,G/A,15.087882
K07259|dacB,SHCC60A,G/A,15.063492
K07259|dacB,SHCC10A,G/A,15.059554
K07259|dacB,SHCC284A,G/G,14.984171
K07259|dacB,SHCC52A,G/A,14.938917
K07259|dacB,SHCC234B,A/A,14.874021
K07259|dacB,SHCC133A,G/G,14.849809
K07259|dacB,SHCC48A,G/A,14.842783
K07259|dacB,SHCC23A,G/A,14.818275
K07259|dacB,SHCC13A,A/A,14.637354
K07259|dacB,SHCC63A,G/A,14.532303
K07259|dacB,SHCC244A,G/A,14.489345
K07259|dacB,SHCC26B,A/A,14.263164
K07259|dacB,SHCC40A,G/A,14.221837
K07259|dacB,SHCC59A,G/G,14.149673
K07259|dacB,SHCC224A,A/A,14.063115
K07259|dacB,SHCC180A,G/A,13.907933
K07259|dacB,SHCC161A,G/G,13.643133
K07259|dacB,SHCC146A,G/A,13.529651
K07259|dacB,SHCC238A,G/A,13.425666
K07259|dacB,SHCC206A,G/G,13.422502
K07259|dacB,SHCC223A,G/A,13.381374
K07259|dacB,SHCC273B,G/A,13.342921
K07259|dacB,SHCC134A,G/A,13.311546
K07259|dacB,SHCC142B,A/A,12.847147
K07259|dacB,SHCC118A,G/G,12.794562
K07259|dacB,SHCC136A,G/A,12.762125
K07259|dacB,SHCC264A,G/A,12.560593
K07259|dacB,SHCC275A,G/A,12.505083
K07259|dacB,SHCC42A,G/G,12.411172
K07259|dacB,SHCC251B,G/A,12.144191
K07259|dacB,SHCC172A,A/A,12.048663
K07259|dacB,SHCC173A,G/A,11.980066
K07259|dacB,SHCC19A,G/A,11.898525
K07259|dacB,SHCC21A,G/A,11.690078
K07259|dacB,SHCC107A,G/A,11.66726
K07259|dacB,SHCC86A,G/A,11.470287
K07259|dacB,SHCC299B,A/A,11.442334
K07259|dacB,SHCC29A,G/A,11.38783
K07259|dacB,SHCC245A,G/A,11.028612
K07259|dacB,SHCC239A,G/G,11.006869
K07259|dacB,SHCC277A,G/A,10.10889
K07259|dacB,SHCC110A,G/G,9.994703
K07259|dacB,SHCC196A,G/A,9.793292
K07259|dacB,SHCC233A,G/A,9.671138
K07259|dacB,SHCC123A,G/A,9.423744
K07259|dacB,SHCC255B,G/A,9.413532
K07259|dacB,SHCC64A,G/G,9.380444
K07259|dacB,SHCC291A,G/A,9.1874
K07259|dacB,SHCC15A,G/A,9.122904
K07259|dacB,SHCC160B,G/G,7.965965
K07259|dacB,SHCC14A,G/A,7.778928
K07259|dacB,SHCC127A,G/A,6.5904
K07259|dacB,SHCC120A,G/A,6.237395
K07259|dacB,SHCC295A,G/A,5.37949
K07259|dacB,SHCC9A,G/A,5.342813
K07259|dacB,SHCC34A,G/A,3.949062
K07259|dacB,SHCC57B,G/A,1.060191
