Sample,total_ARG_number,high_risk_ARG_number
BKDN170793833-1A,150,44
BKDN170793835-1A,110,32
BKDN170793836-1A,129,42
BKDN170793837-1A,112,26
BKDN170793838-1A,99,37
BKDN170793839-1A,147,34
BKDN170793840-1A,105,28
BKDN170793891-1A,93,24
BKDN170793892-1A,149,38
BKDN170793893-1A,129,35
BKDN170793894-1A,121,26
BKDN170793895-1A,155,39
BKDN170793896-1A,119,28
BKDN170793898-1A,139,41
BKDN170793899-1A,96,22
BKDN170793901-1A,88,21
BKDN170793902-1A,54,23
BKDN170793903-1A,144,33
BKDN170793904-1A,113,27
BKDN170793906-1A,143,46
BKDN170793907-1A,149,43
BKDN170793908-1A,110,31
BKDN170793909-1A,87,22
BKDN170793993-1A,123,26
BKDN170793994-1A,90,21
BKDN170793995-1A,105,25
BKDN170793998-1A,142,42
BKDN170794001-1A,111,34
BKDN170794002-1A,141,44
BKDN170794054-1A,131,32
BKDN170794056-1A,65,30
BKDN170794057-1A,109,27
BKDN170794058-1A,102,23
BKDN170794064-1A,106,31
BKDN170794065-1A,110,36
BKDN170794066-1A,115,30
BKDN170794067-1A,111,27
BKDN170794068-1A,82,33
BKDN170794148-1A,93,22
BKDN170794149-1A,84,29
BKDN170794152-1A,87,31
BKDN170794156-1A,11,8
BKDN170794158-1A,126,34
BKDN170794159-1A,143,46
BKDN170794160-1A,136,35
BKDN170794161-1A,130,42
BKDN170794163-1A,122,37
BKDN170794164-1A,125,43
BKDN170794165-1A,137,44
BKDN170794228-1A,132,41
BKDN170794322-1A,69,26
BKDN170794326-1A,131,36
BKDN170794327-1A,78,33
BKDN170794329-1A,81,27
BKDN170794330-1A,95,38
BKDN170794331-1A,112,39
BKDN170794385-1A,138,44
BKDN170794387-1A,127,40
BKDN170794392-1A,101,28
BKDN170794393-1A,83,32
BKDN170794394-1A,29,15
BKDN170794480-1A,93,35
BKDN170794548-1A,141,38
BKDN170794551-1A,83,30
BKDN170794553-1A,126,38
BKDN170794554-1A,135,37
BKDN170794805-1A,55,22
BKDN170794806-1A,41,20
BKDN170794809-1A,76,34
BKDN170794811-1A,96,35
BKDN170794972-1A,79,30
BKDN170795140-1A,106,45
BKDN170795141-1A,41,19
BKDN170795142-1A,70,30
BKDN170795145-1A,103,32
BKDN170795146-1A,115,36
BKDN170795147-1A,159,41
BKDN170795149-1A,40,15
BKDN170795572-1A,142,39
BKDN170795573-1A,175,47
BKDN170795574-1A,84,28
BKDN170795575-1A,103,28
BKDN170795576-1A,104,29
BKDN170795577-1A,106,29
BKDN170795578-1A,120,27
BKDN170795737-1A,104,27
BKDN170795738-1A,39,17
BKDN170795739-1A,90,27
BKDN170795740-1A,120,27
BKDN170795742-1A,110,31
BKDN170795743-1A,72,30
BKDN170795744-1A,180,38
BKDN170795745-1A,142,31
BKDN170795836-1A,34,15
BKDN170795837-1A,89,34
BKDN170795838-1A,32,15
BKDN170795907-1A,31,12
BKDN170795910-1A,109,32
BKDN170795911-1A,94,27
BKDN170795912-1A,103,26
BKDN170795916-1A,177,36
BKDN170795999-1A,87,37
BKDN170796000-1A,44,20
BKDN170796004-1A,126,26
BKDN170796006-1A,47,19
BKDN170796077-1A,99,34
BKDN170796080-1A,118,41
BKDN170796085-1A,66,26
BKDN170796086-1A,61,26
BKDN170796173-1A,42,23
BKDN170796245-1A,135,37
BKDN170796247-1A,117,34
BKDN170796249-1A,111,32
BKDN170796250-1A,87,28
BKDN170796251-1A,57,25
BKDN170796252-1A,99,30
BKDN170796253-1A,110,30
BKDN170796254-1A,93,45
BKDN170796413-1A,103,31
BKDN170796417-1A,67,28
BKDN170796418-1A,69,27
BKDN170796419-1A,97,36
BKDN170796420-1A,116,32
BKDN170796421-1A,90,32
BKDN170796422-1A,83,31
BKDN170796424-1A,86,31
CCH108,104,48
CCH108A,73,32
CCH111-1A,52,26
CCH112-2A,77,35
CCH119-1A,62,29
CCH127-1A,82,29
CCH150-1B,124,41
CCH151-2A,100,41
CCH156-3B,123,43
CCH157-2B,139,45
CCH162-1A,154,47
CCH180-3A,95,37
CCH186-1A,150,47
CCH186-2,178,53
CCH209-3,147,43
CCH209A,150,45
CCH210,198,63
CCH210A,129,40
CCH212-3,143,48
CCH212A,149,41
CCH221-1A,107,38
CCH227-3A,147,47
CCH247,204,62
CCH247A,160,46
CCH250-2A,154,46
CCH251-1A,159,44
CCH258,191,56
CCH258A,135,45
CCH259-3A,100,41
CCH263-2A,117,42
CCH277-1A,66,32
CCH287,43,21
CCH287A,40,23
CCH294-1A,96,40
CCH295-1A,108,40
CCH306-2A,115,41
CCH306-4,133,49
CCH323-3A,99,38
CCH324-4A,96,42
CCH325-1A,66,31
CCH326,108,55
CCH326A,75,32
CCH328,212,67
CCH328A,145,46
CCH340-2A,69,32
CCH346-1A,97,45
CCH57,157,69
CCH57A,107,48
CCH74-3A,50,26
CCH93-1A,61,28
CCH95-1A,62,29
CCS15B,87,28
CCS16B,83,36
CCS17A,66,32
CCS18A,134,41
CCS19A,91,39
CCS20A,94,30
CCS24A,91,43
CCS25B,195,42
CCS26A,45,23
CCS27A,41,20
CCS28B,62,21
CCS29B,98,35
CCS30A,100,37
CCS34A,73,26
CCY10A,84,32
CCY11A,75,31
CCY13A,97,30
CCY17A,71,38
CCY20A,125,37
CCY23A,138,39
CCY24A,114,43
CCY25B,74,33
CCY26A,142,38
CCY27A,73,34
CCY28A,68,27
CCY30A,126,35
CCY33B,78,31
CCY34B,141,39
CCY35B,133,37
CCY36B,113,37
CCY37A,118,35
CCY39A,137,40
CCY41B,145,29
CCY42A,107,32
CCY43A,101,30
CCY44A,105,34
CCY46B,68,31
CCY47A,110,32
CCY48A,104,41
CCY49A,139,38
CCY50A,130,35
CCY6A,133,38
CCY8A,142,36
CCY9B,123,36
FDM11A,153,36
FDM12B,32,18
FDM14A,132,33
FDM15A,117,45
FDM16A,70,30
FDM17B,59,25
FDM18A,63,30
FDM19A,132,37
FDM1B,117,35
FDM20B,83,32
FDM21B,73,22
FDM23A,123,35
FDM24B,75,28
FDM25B,102,34
FDM26A,151,43
FDM27B,118,33
FDM28B,71,32
FDM29B,112,31
FDM30A,72,24
FDM32B,127,41
FDM33A,98,30
FDM34B,85,37
FDM3B,199,47
FDM5B,145,50
FDM6A,170,49
FDM7A,137,46
FDM8B,145,32
FH108B,100,25
FH111B,58,27
FH127B,99,23
FH151A,85,20
FH157B,185,50
FH180A,122,33
FH206B,143,36
FH221B,153,46
FH227B,72,29
FH247A,70,19
FH251B,120,38
FH287B,116,43
FH295A,127,42
FH306B,118,36
FH323B,123,31
FH324B,139,37
FH326B,115,46
FH328A,183,52
FH340B,87,39
FH74B,44,19
FH93B,78,37
FH95B,37,17
FJY10A,161,36
FJY12A,123,37
FJY13B,83,30
FJY14A,105,34
FJY15A,53,23
FJY16B,152,41
FJY17A,109,33
FJY18A,65,26
FJY19A,63,27
FJY1A,224,47
FJY20A,101,36
FJY21A,66,26
FJY22A,152,34
FJY23A,160,39
FJY24B,120,43
FJY25B,155,45
FJY26A,94,32
FJY27B,72,26
FJY28A,127,37
FJY29A,132,38
FJY2A,181,42
FJY30A,70,24
FJY32B,117,35
FJY35A,24,14
FJY37A,49,23
FJY3A,185,50
FJY43B,133,37
FJY44A,134,31
FJY45A,83,24
FJY4A,173,53
FJY52A,168,39
FJY53A,151,39
FJY59A,32,17
FJY5A,177,39
FJY61B,101,27
FJY63B,56,20
FJY64B,151,34
FJY65A,48,24
FJY69A,187,47
FJY6B,76,26
FJY73A,65,28
FJY74A,124,28
FJY75A,98,28
FJY78B,58,25
FJY79A,60,20
FJY7A,113,36
FJY80B,52,22
FJY8A,108,38
FJY9B,131,41
FM13B,101,27
FM14A,86,16
FM15B,103,31
FM17B,148,47
FM18B,142,41
FM1B,126,38
FM21A,130,36
FM2B,62,27
FM3B,142,37
FM4B,42,17
FM5B,95,28
FM6B,49,21
FM7B,50,21
FM8B,44,16
GCH111B,30,10
GCH112A,6,4
GCH151B,19,12
GCH156B,41,19
GCH162B,16,5
GCH186B,142,34
GCH206A,2,1
GCH209B,96,23
GCH212B,117,23
GCH221A,73,14
GCH227B,59,25
GCH251A,23,6
GCH277A,6,NA
GCH294A,6,NA
GCH295A,6,NA
GCH325A,7,1
GCH326A,1,NA
ICH150-1A,2,NA
ICH151-1A,3,1
ICH180-1A,9,2
ICH210-1A,3,1
ICH227-1A,13,7
ICH247-1A,103,22
ICH258-1A,8,4
ICH259-1A,4,3
ICH263-1A,1,1
ICH57-1A,7,3
JCH112-1A,1,1
JCH119-1A,1,1
JCH157-1A,69,11
JCH180-1A,6,4
JCH209-1A,23,4
JCH247-1A,5,3
JCH259-1B,1,NA
MCH108B,72,23
MCH111A,10,4
MCH112B,44,17
MCH119B,21,12
MCH127B,30,12
MCH151A,18,5
MCH156B,5,1
MCH221A,63,11
MCH259B,49,19
MCH277B,41,17
MCH287B,35,12
MCH294B,29,11
MCH295B,41,17
MCH306A,2,1
MCH323B,33,10
MCH324B,47,16
MCH325B,49,19
MCH326B,58,23
MCH328B,44,16
MCH340B,41,15
MCH346B,41,14
MCH74B,37,15
MCH95A,12,8
SHCC100A,69,30
SHCC101A,80,36
SHCC102A,80,35
SHCC103A,106,43
SHCC104A,72,33
SHCC105A,103,37
SHCC106A,122,35
SHCC107A,51,25
SHCC108A,110,41
SHCC109A,46,24
SHCC10A,131,40
SHCC110A,88,36
SHCC111A,125,47
SHCC112A,117,40
SHCC113A,72,35
SHCC114A,111,39
SHCC115A,93,32
SHCC116A,106,40
SHCC117A,74,33
SHCC118A,9,6
SHCC119A,104,43
SHCC11A,112,37
SHCC11B,155,50
SHCC120A,35,19
SHCC121A,95,43
SHCC122B,89,32
SHCC123A,59,28
SHCC124B,89,39
SHCC125A,95,43
SHCC126A,113,38
SHCC127A,34,21
SHCC128A,78,35
SHCC129A,38,20
SHCC12A,82,36
SHCC12B,105,45
SHCC130A,69,36
SHCC131A,67,31
SHCC132A,92,37
SHCC133A,59,32
SHCC134A,55,26
SHCC135A,98,33
SHCC136A,94,35
SHCC137A,81,31
SHCC138A,89,29
SHCC139A,122,46
SHCC13A,89,38
SHCC140A,100,36
SHCC141A,126,41
SHCC142B,123,42
SHCC143A,71,35
SHCC144A,85,36
SHCC145A,58,32
SHCC146A,104,37
SHCC147A,113,40
SHCC148A,96,37
SHCC149A,117,44
SHCC14A,34,17
SHCC150A,116,39
SHCC151A,55,30
SHCC152A,97,35
SHCC153A,78,37
SHCC154A,104,40
SHCC155A,101,44
SHCC156A,115,40
SHCC157B,45,22
SHCC158A,66,31
SHCC159A,76,38
SHCC15A,110,39
SHCC160B,51,27
SHCC161A,86,32
SHCC162A,123,39
SHCC163A,98,40
SHCC164B,100,34
SHCC165A,106,39
SHCC166A,131,37
SHCC167A,132,36
SHCC168A,167,48
SHCC169A,102,41
SHCC16A,49,23
SHCC170A,85,36
SHCC171A,148,42
SHCC172A,55,28
SHCC173A,59,28
SHCC174A,80,30
SHCC175A,127,42
SHCC176A,83,34
SHCC177A,103,36
SHCC178A,46,22
SHCC178B,62,28
SHCC179A,151,45
SHCC17A,73,32
SHCC180A,98,41
SHCC181A,100,31
SHCC182A,92,39
SHCC183A,67,34
SHCC184A,110,36
SHCC185B,127,35
SHCC186A,101,37
SHCC187A,122,43
SHCC188A,136,41
SHCC189A,75,34
SHCC18A,132,42
SHCC190A,73,35
SHCC191A,120,39
SHCC192A,107,42
SHCC193A,112,41
SHCC194A,85,41
SHCC195A,96,25
SHCC196A,134,33
SHCC197A,139,41
SHCC198A,62,28
SHCC199A,121,37
SHCC19A,37,20
SHCC1A,109,36
SHCC200A,100,45
SHCC201A,132,44
SHCC202A,121,42
SHCC203A,91,39
SHCC204B,135,39
SHCC205A,88,32
SHCC206A,94,40
SHCC207A,132,35
SHCC207B,209,54
SHCC208A,90,35
SHCC209A,99,40
SHCC20A,74,33
SHCC210A,100,40
SHCC211A,91,36
SHCC212A,151,41
SHCC213A,90,32
SHCC214A,104,41
SHCC215A,55,25
SHCC216A,88,39
SHCC217A,88,34
SHCC218A,122,46
SHCC219A,122,40
SHCC21A,38,20
SHCC220A,36,18
SHCC221A,115,41
SHCC222A,81,34
SHCC223A,85,38
SHCC224A,104,36
SHCC225B,82,37
SHCC226A,74,33
SHCC227A,116,36
SHCC228A,124,38
SHCC229A,179,45
SHCC22A,20,14
SHCC230A,127,41
SHCC231A,130,45
SHCC232A,127,44
SHCC233A,37,21
SHCC234B,117,43
SHCC235A,141,38
SHCC236A,94,39
SHCC237A,56,27
SHCC238A,139,45
SHCC239A,47,25
SHCC23A,45,23
SHCC240A,106,38
SHCC241A,74,30
SHCC242A,138,47
SHCC243A,110,42
SHCC244A,101,34
SHCC245,60,29
SHCC245A,55,32
SHCC246A,117,39
SHCC247A,106,39
SHCC248A,97,36
SHCC249A,134,44
SHCC24A,109,38
SHCC250A,115,41
SHCC251B,125,39
SHCC252A,168,41
SHCC253A,82,39
SHCC254B,127,34
SHCC255B,99,38
SHCC256A,130,42
SHCC257A,83,38
SHCC258A,78,39
SHCC259A,101,39
SHCC25A,110,44
SHCC260A,77,36
SHCC260B,114,44
SHCC261A,100,39
SHCC262A,129,45
SHCC262B,159,62
SHCC263A,110,31
SHCC264A,120,33
SHCC265A,68,28
SHCC266B,160,42
SHCC267A,136,40
SHCC268A,108,30
SHCC269A,132,40
SHCC26B,114,30
SHCC270A,156,37
SHCC271B,127,37
SHCC272B,125,42
SHCC273B,127,44
SHCC274A,108,39
SHCC275A,58,29
SHCC276A,97,34
SHCC277A,78,34
SHCC278A,91,40
SHCC279A,107,39
SHCC27A,112,36
SHCC280A,31,15
SHCC281A,103,39
SHCC282A,81,32
SHCC283A,118,38
SHCC284A,50,23
SHCC285A,122,35
SHCC285B,173,54
SHCC286A,62,32
SHCC287A,124,36
SHCC288A,125,39
SHCC288B,140,45
SHCC289A,127,37
SHCC28B,64,31
SHCC290A,102,38
SHCC291A,32,20
SHCC292A,98,39
SHCC293A,69,34
SHCC294A,9,7
SHCC295A,31,17
SHCC296A,107,37
SHCC297B,160,37
SHCC298A,111,42
SHCC299B,126,36
SHCC29A,123,41
SHCC2A,40,24
SHCC300A,109,43
SHCC30A,81,32
SHCC31A,117,40
SHCC32A,88,33
SHCC33A,106,38
SHCC34A,70,35
SHCC35A,113,34
SHCC36A,97,36
SHCC37A,37,20
SHCC38A,111,38
SHCC39,144,57
SHCC39A,129,39
SHCC3A,114,36
SHCC40A,35,20
SHCC41A,110,39
SHCC42A,101,37
SHCC43A,108,41
SHCC44A,143,39
SHCC45A,111,37
SHCC46B,129,42
SHCC47A,110,39
SHCC48A,49,25
SHCC49A,96,36
SHCC4A,141,45
SHCC50A,112,42
SHCC51A,106,35
SHCC52A,60,26
SHCC53A,92,37
SHCC54A,118,43
SHCC55A,73,33
SHCC56A,94,40
SHCC57B,159,38
SHCC58A,84,36
SHCC58B,113,56
SHCC59A,57,28
SHCC5A,116,42
SHCC60A,49,26
SHCC61A,68,33
SHCC62A,88,36
SHCC63A,93,39
SHCC64A,100,30
SHCC65A,130,40
SHCC66A,121,45
SHCC67A,99,38
SHCC68A,78,33
SHCC69B,151,39
SHCC6A,96,39
SHCC70A,79,29
SHCC71A,107,39
SHCC72A,41,22
SHCC73A,128,40
SHCC74A,93,32
SHCC75A,103,35
SHCC76A,91,34
SHCC77B,109,42
SHCC78A,135,40
SHCC79A,92,36
SHCC7A,110,38
SHCC80A,91,34
SHCC81A,149,36
SHCC82A,139,37
SHCC83A,111,36
SHCC84A,91,32
SHCC85B,102,41
SHCC86A,117,38
SHCC87A,75,37
SHCC88B,76,31
SHCC89A,99,40
SHCC8A,95,38
SHCC90A,105,39
SHCC91A,94,42
SHCC92A,111,44
SHCC93A,82,34
SHCC94A,75,30
SHCC95A,126,37
SHCC96A,59,31
SHCC97A,69,31
SHCC98A,155,41
SHCC99A,107,40
SHCC9A,115,37
SHDC,6,2
SHDC11C,3,1
SHDC11E,4,1
SHDC14A,1,1
SHDC23A,1,1
SHIC,74,22
SHIC104A,17,9
SHIC107A,10,3
SHIC111A,70,14
SHIC12A,1,1
SHIC139A,4,3
SHIC14,5,2
SHIC141A,7,1
SHIC14A,4,1
SHIC157A,1,NA
SHIC170,35,1
SHIC170A,12,NA
SHIC174,26,15
SHIC174A,29,18
SHIC178A,4,NA
SHIC178B,9,2
SHIC203,1,NA
SHIC203A,1,NA
SHIC212,2,1
SHIC212A,2,1
SHIC213,1,1
SHIC213A,1,1
SHIC214A,11,7
SHIC239A,3,NA
SHIC23A,2,1
SHIC243A,11,4
SHIC245,18,9
SHIC245A,18,9
SHIC247A,2,NA
SHIC249,4,2
SHIC249A,3,1
SHIC260A,8,5
SHIC262A,15,10
SHIC288A,5,5
SHIC288B,7,7
SHIC301A,10,4
SHIC47A,3,1
SHIC58A,1,NA
SHIC58B,1,NA
SHIC68A,2,NA
SHIC93,4,1
SHIC93A,4,2
SHMC11B,73,17
SHMC12B,79,12
SHMC139B,24,12
SHMC141B,2,1
SHMC14B,20,5
SHMC154A,4,3
SHMC157B,7,3
SHMC191B,21,9
SHMC207A,6,5
SHMC212B,45,19
SHMC213B,24,8
SHMC239B,37,15
SHMC243B,20,6
SHMC245A,2,1
SHMC247B,17,9
SHMC249B,19,10
SHMC262B,57,20
SHMC285A,3,2
SHMC288B,16,5
SHMC294B,56,20
SHMC34A,1,1
SHMC47B,48,21
SHMC58B,18,2
SHMC68B,21,8
SHMC78B,25,5
SHMC93B,17,7
SRR21163417,6,3
SRR21163418,37,15
SRR21163419,61,22
SRR21163421,5,2
SRR21163422,69,31
SRR21163423,90,31
SRR21163424,79,34
SRR21163425,100,38
SRR21163426,80,36
SRR21163428,81,32
SRR21163429,103,39
SRR21163430,86,36
SRR21163431,116,42
SRR21163432,106,34
SRR21163433,80,36
SRR21163434,112,35
SRR21163435,94,24
SRR21163436,114,26
SRR21163437,104,26
SRR21163439,103,23
SRR21163440,112,29
SRR21163441,99,23
SRR21163442,58,20
SRR21163443,97,26
SRR21163444,71,23
SRR21163445,53,18
SRR21163446,74,20
SRR21163447,85,24
SRR21163448,1,NA
SRR21163450,11,6
SRR21163451,11,7
SRR21163452,7,2
SRR21163453,100,34
SRR21163454,3,3
SRR21163455,40,22
SRR21163456,19,11
SRR21163457,86,28
SRR21163458,81,29
SRR21163459,74,14
SRR21163461,95,29
SRR21163463,2,NA
SRR21163464,2,1
SRR21163465,8,2
SRR21163467,3,1
SRR21163470,8,2
SRR21163473,7,2
SRR21163475,1,1
SRR21163477,3,3
SRR21163479,2,2
SRR21163480,2,2
SRR21163481,4,4
SRR21163483,3,1
SRR21163484,4,3
SRR21163486,5,5
SRR21163501,1,NA
SRR21163502,2,1
SRR21163503,4,4
SRR21163505,2,2
SRR21163506,1,1
SRR21163507,10,8
SRR21163508,2,2
SRR21163510,13,8
SRR21163511,7,5
SRR21163512,11,10
SRR21163513,164,47
SRR21163514,92,33
SRR21163515,21,14
SRR21163516,109,40
SRR21163517,95,28
SRR21163518,65,29
SRR21163519,45,21
SRR21163520,79,37
SRR21163521,76,25
SRR21163523,76,32
SRR21163524,46,26
SRR21163525,36,24
SRR21163526,11,6
SRR21163527,85,25
SRR21163528,25,12
SRR21163529,36,12
SRR21163530,11,7
SRR21163531,75,26
SRR21163532,50,19
SRR27680213,2,1
SRR27680214,8,2
SRR27680216,3,1
SRR27680219,8,2
SRR27680220,1,NA
SRR27680221,11,6
SRR27680222,11,7
SRR27680223,7,2
SRR27680225,100,34
SRR27680226,3,3
SRR27680227,40,22
SRR27680228,19,11
SRR27680229,86,28
SRR27680230,81,29
SRR27680231,75,14
SRR27680232,95,29
SRR27680234,2,NA
SRR27680235,7,2
SRR28497695,51,23
SRR28497696,129,45
SRR28497697,77,30
SRR28497698,71,31
SRR28497699,72,27
SRR28497700,59,29
SRR28497701,88,34
SRR28497702,69,24
SRR28497703,54,22
SRR28497704,79,33
SRR29354199,147,22
SRR29354200,167,23
SRR29354202,152,18
SRR29354203,160,25
SRR29354204,53,21
SRR29354205,47,17
SRR29354206,57,22
SRR29354207,158,20
SRR29354208,130,13
SRR29354210,40,5
SRR29354215,71,10
SRR29354216,51,17
SRR29354217,35,15
SRR29409633,131,16
SRR29409634,139,14
SRR29409635,143,9
SRR29409636,99,9
SRR29409637,111,9
SRR29409638,119,11
SRR29409639,123,10
SRR29409640,53,17
SRR29409641,60,20
SRR29409642,42,13
SRR29409643,52,16
SRR29409644,48,19
SRR29409645,31,15
SRR29409646,42,17
SRR29409647,70,22
SRR29409648,64,16
SRR29409649,56,17
SRR29409650,96,9
SRR29409651,50,21
SRR29409652,60,19
SRR29409653,66,21
SRR29409654,51,19
SRR29409655,46,15
SRR29409656,151,13
SRR29409657,128,15
SRR29409658,153,16
SRR29409659,143,16
SRR29409660,158,16
SRR29409661,104,8
SRR29409662,117,10
SRR29429232,136,37
SRR29429233,35,14
SRR29429234,32,14
SRR29429235,26,13
SRR29429236,12,7
SRR29429237,14,7
SRR29429238,9,7
SRR29429239,86,13
SRR29429240,158,40
SRR29429241,116,38
SRR29429242,151,37
SRR29429243,81,33
SRR29429244,134,30
SRR29429245,133,22
SRR29429246,126,19
SRR29429269,92,31
SRR29429270,125,19
SRR29429271,106,30
SRR29429272,137,24
SRR29429273,117,21
SRR29429274,77,19
SRR29429275,71,17
SRR29429276,102,14
SRR29429277,96,29
SRR29429278,123,46
SRR29429279,96,35
SRR29429280,96,36
SRR29429281,80,32
SRR29429282,106,13
SRR29429283,43,7
SRR29449358,44,21
SRR29449359,80,34
SRR29449360,74,25
SRR29449361,101,41
SRR29449362,77,28
SRR29449363,38,22
SRR29449364,52,25
SRR29449365,50,24
SRR29449366,11,7
SRR29449367,32,17
SRR29449368,4,2
SRR29449369,130,35
SRR29449370,80,40
SRR29449371,13,6
SRR29449372,8,3
SRR29449373,80,39
SRR29449374,25,13
SRR29449375,31,15
SRR29449376,16,11
SRR29449377,42,24
SRR29449378,79,34
SRR29449379,104,36
SRR29449380,55,32
SRR29449381,61,33
SRR29449905,82,34
SRR29449906,77,36
SRR29449907,56,26
SRR29449908,68,34
SRR29449909,48,29
SRR29449910,48,29
SRR29449911,83,35
SRR29449912,83,33
SRR29449914,82,35
SRR29449915,79,42
SRR29449916,91,37
SRR29449917,76,35
SRR29449918,86,40
SRR29449919,98,40
SRR29449920,85,32
SRR29449921,63,27
SRR29449922,82,30
SRR29472726,113,30
SRR29472727,97,37
SRR29472728,97,34
SRR29472729,84,37
SRR29472730,66,30
SRR29472731,91,32
SRR29472732,69,30
SRR29472733,79,25
SRR29472734,127,32
SRR29472735,122,42
SRR29472736,110,29
SRR29472737,116,35
SRR29472738,112,36
SRR29472739,101,35
SRR29472740,93,30
SRR29472741,118,36
SRR29472742,121,39
SRR29472743,167,43
SRR29472744,68,26
SRR29472745,59,24
SRR29536163,127,34
SRR29536164,153,46
SRR29536165,133,40
SRR29536166,123,43
SRR29536167,136,41
SRR29536168,132,37
SRR29536169,110,32
SRR29536170,11,6
SRR29536171,9,5
SRR29536172,14,9
SRR29536174,68,21
SRR29536175,2,2
SRR29536176,63,23
SRR29536177,37,16
SRR29536178,12,8
SRR29536179,126,42
SRR29536180,22,9
SRR29536181,34,17
SRR29536182,77,28
SRR29536183,61,31
SRR29536185,38,19
SRR29536186,54,26
SRR29536187,53,30
SRR29536188,118,40
SRR29536189,130,41
SRR29536190,130,37
SRR29536191,124,37
GCH119A,0,0
GCH250A,0,0
GCH263A,0,0
GCH323A,0,0
GCH324A,0,0
GCH340A,0,0
GCH346A,0,0
GCH74A,0,0
ICH108-1A,0,0
ICH111-1A,0,0
ICH112-1A,0,0
ICH119-1A,0,0
ICH127-1A,0,0
ICH206-1A,0,0
ICH221-1A,0,0
ICH250-1A,0,0
ICH277-1A,0,0
ICH287-1A,0,0
ICH294-1A,0,0
ICH295-1A,0,0
ICH306-1A,0,0
ICH323-1A,0,0
ICH324-1A,0,0
ICH325-1A,0,0
ICH326-1A,0,0
ICH328-1A,0,0
ICH340-1A,0,0
ICH346-1A,0,0
ICH93-1A,0,0
ICH95-1A,0,0
JCH108-1A,0,0
JCH111-1A,0,0
JCH127-1A,0,0
JCH206-1A,0,0
JCH210-1A,0,0
JCH250-1A,0,0
JCH258-1A,0,0
JCH263-1A,0,0
JCH277-1A,0,0
JCH287-1A,0,0
JCH294-1A,0,0
JCH295-1A,0,0
JCH306-1A,0,0
JCH323-1A,0,0
JCH324-1A,0,0
JCH325-1A,0,0
JCH326-1A,0,0
JCH328-1A,0,0
JCH340-1A,0,0
JCH346-1A,0,0
JCH57-1A,0,0
JCH74-1A,0,0
JCH93-1A,0,0
JCH95-1A,0,0
SHDC104A,0,0
SHDC107A,0,0
SHDC111A,0,0
SHDC12A,0,0
SHDC139A,0,0
SHDC141A,0,0
SHDC154A,0,0
SHDC157A,0,0
SHDC170A,0,0
SHDC174A,0,0
SHDC178A,0,0
SHDC191A,0,0
SHDC203A,0,0
SHDC207A,0,0
SHDC212A,0,0
SHDC213A,0,0
SHDC214A,0,0
SHDC239A,0,0
SHDC245A,0,0
SHDC247A,0,0
SHDC249A,0,0
SHDC260A,0,0
SHDC262A,0,0
SHDC285A,0,0
SHDC288A,0,0
SHDC294A,0,0
SHDC298A,0,0
SHDC301A,0,0
SHDC302A,0,0
SHDC34A,0,0
SHDC39A,0,0
SHDC46A,0,0
SHDC47A,0,0
SHDC58A,0,0
SHDC61A,0,0
SHDC68A,0,0
SHDC78A,0,0
SHDC93A,0,0
SHIC11C,0,0
SHIC154A,0,0
SHIC191A,0,0
SHIC207A,0,0
SHIC285A,0,0
SHIC294A,0,0
SHIC34A,0,0
SHIC39A,0,0
SHIC46A,0,0
SHIC61A,0,0
SHIC78A,0,0
SHMC260A,0,0
SHMC298A,0,0
SHMC39B,0,0
SRR21163420,0,0
SRR21163427,0,0
SRR21163438,0,0
SRR21163449,0,0
SRR21163460,0,0
SRR21163462,0,0
SRR21163466,0,0
SRR21163468,0,0
SRR21163469,0,0
SRR21163471,0,0
SRR21163472,0,0
SRR21163474,0,0
SRR21163476,0,0
SRR21163478,0,0
SRR21163482,0,0
SRR21163485,0,0
SRR21163487,0,0
SRR21163488,0,0
SRR21163489,0,0
SRR21163490,0,0
SRR21163491,0,0
SRR21163492,0,0
SRR21163493,0,0
SRR21163494,0,0
SRR21163495,0,0
SRR21163496,0,0
SRR21163497,0,0
SRR21163498,0,0
SRR21163499,0,0
SRR21163500,0,0
SRR21163504,0,0
SRR21163509,0,0
SRR21163522,0,0
SRR21163533,0,0
SRR21163534,0,0
SRR21163535,0,0
SRR27680215,0,0
SRR27680217,0,0
SRR27680218,0,0
SRR27680224,0,0
SRR27680233,0,0
SRR27680236,0,0
SRR29354198,0,0
SRR29354209,0,0
SRR29354211,0,0
SRR29354212,0,0
SRR29354213,0,0
SRR29354214,0,0
SHDC212,0,0
SHIC39,0,0
SHDC12,0,0
SHDC285B,0,0
SHDC262,0,0
SHDC58,0,0
SHDC68,0,0
SHIC285B,0,0
SHDC213,0,0
SHDC178,0,0
SHDC46,0,0
SHDC245,0,0
SHIC46,0,0
SHIC34,0,0
SHDC39,0,0
SHDC34,0,0
