ARG_type,Duck_Risk_Level,Human_Risk_Level
tet(M),Risk I,Risk I
tet(Q),Risk I,Risk I
tet(45),Risk I,Risk III
fexA,Risk I,Risk IV
tet(O),Risk I,Risk I
lnuC,Risk I,Risk III
SAT-4,Risk I,Risk II
ErmB,Risk I,Risk I
APH(3')-IIIa,Risk I,Risk I
sul2,Risk I,Risk I
ErmA,Risk I,Risk I
catA8,Risk I,Risk III
Streptococcus suis chloramphenicol acetyltransferase,Risk I,Risk V
TEM-1,Risk I,Risk I
APH(3'')-Ib,Risk I,Risk I
sul1,Risk I,Risk I
arr-3,Risk I,Risk III
aad(6),Risk I,Risk I
tet(S),Risk I,Risk II
LnuP,Risk I,Risk IV
lnuA,Risk I,Risk IV
APH(3')-Ia,Risk I,Risk I
tet(A),Risk I,Risk I
poxtA,Risk I,Risk I
AAC(6')-IIa,Risk I,Risk III
ErmF,Risk I,Risk I
tet(X),Risk I,Risk I
APH(2'')-If,Risk II,Risk II
dfrA27,Risk II,Risk III
ANT(2'')-Ia,Risk II,Risk I
ErmT,Risk II,Risk I
ErmX,Risk II,Risk I
ErmG,Risk II,Risk V
Erm(35),Risk II,Risk V
arr-2,Risk II,Risk IV
ANT(4')-Ia,Risk II,Risk V
aadS,Risk II,Risk V
dfrA14,Risk II,Risk II
APH(6)-Id,Risk II,Risk I
Campylobacter coli chloramphenicol acetyltransferase,Risk II,Risk V
tet(W),Risk II,Risk I
aadA2,Risk II,Risk II
dfrG,Risk II,Risk IV
dfrA17,Risk II,Risk II
tet(44),Risk II,Risk V
tet(40),Risk II,Risk I
tet(K),Risk II,Risk I
catP,Risk II,Risk III
OXA-10,Risk II,Risk II
vanYB,Risk II,Risk III
aadA5,Risk II,Risk I
Vibrio anguillarum chloramphenicol acetyltransferase,Risk II,Risk V
tet(32),Risk II,Risk I
dfrA12,Risk II,Risk III
cmlA5,Risk III,Risk III
npmA,Risk III,Risk V
ANT(9)-Ia,Risk III,Risk V
ANT(6)-Ia,Risk III,Risk I
aadA16,Risk III,Risk II
catIII,Risk III,Risk IV
FosB3,Risk III,Risk IV
ErmC,Risk III,Risk I
dfrA1,Risk III,Risk III
catB3,Risk III,Risk III
AAC(3)-IIc,Risk III,Risk II
APH(3')-IIa,Risk III,Risk II
QnrS1,Risk III,Risk I
Mef(En2),Risk III,Risk I
AAC(6')-Ib8,Risk III,Risk III
CTX-M-55,Risk III,Risk II
lnuG,Risk III,Risk IV
tet(W/N/W),Risk III,Risk I
CARB-3,Risk III,Risk II
OXA-1,Risk III,Risk I
vatE,Risk III,Risk IV
tet(B),Risk III,Risk I
catQ,Risk III,Risk IV
cfrA,Risk III,Risk IV
FosA2,Risk IV,Risk III
Staphylococcus intermedius chloramphenicol acetyltransferase,Risk IV,Risk V
tet(C),Risk IV,Risk I
OXA-347,Risk IV,Risk V
dfrF,Risk IV,Risk II
clcD,Risk IV,Risk IV
AAC(6')-Ia,Risk IV,Risk V
linG,Risk IV,Risk IV
FosD,Risk IV,Risk IV
dfrA15,Risk IV,Risk IV
catB8,Risk IV,Risk IV
EreA,Risk IV,Risk IV
AAC(6')-Im,Risk IV,Risk II
spd,Risk IV,Risk V
aadA17,Risk IV,Risk III
AAC(6')-Ib9,Risk IV,Risk III
vanXB,Risk IV,Risk III
msrA,Risk IV,Risk I
mphC,Risk IV,Risk I
CfxA6,Risk IV,Risk V
vanHB,Risk IV,Risk III
catB2,Risk IV,Risk IV
aadA7,Risk IV,Risk IV
mecI,Risk IV,Risk I
mecR1,Risk IV,Risk I
lsaE,Risk IV,Risk I
vanRB,Risk IV,Risk III
vanB,Risk IV,Risk III
vanSB,Risk IV,Risk III
AAC(6')-Ii,Risk V,Risk II
AAC(6')-Iid,Risk V,Risk V
ACI-1,Risk V,Risk V
ADC-43,Risk V,Risk V
ANT(3'')-IIa,Risk V,Risk I
ANT(6)-Ib,Risk V,Risk II
APH(2'')-IIIa,Risk V,Risk V
APH(2'')-IIa,Risk V,Risk III
APH(2'')-Ie,Risk V,Risk IV
APH(2'')-Ig,Risk V,Risk III
APH(3')-Ib,Risk V,Risk III
APH(3')-VIIa,Risk V,Risk IV
APH(3')-VIa,Risk V,Risk IV
APH(4)-Ia,Risk V,Risk III
Acinetobacter baumannii AbaQ,Risk V,Risk V
AcrE,Risk V,Risk I
AcrS,Risk V,Risk I
CARB-4,Risk V,Risk V
CARB-8,Risk V,Risk V
CARB-9,Risk V,Risk V
CTX-M-65,Risk V,Risk II
CblA-1,Risk V,Risk V
Clostridium perfringens mprF,Risk V,Risk V
DHA-1,Risk V,Risk IV
EreD,Risk V,Risk V
Erm(36),Risk V,Risk V
Erm(42),Risk V,Risk III
Erm(49),Risk V,Risk V
ErmQ,Risk V,Risk V
Escherichia coli acrA,Risk V,Risk V
Escherichia coli emrE,Risk V,Risk V
Escherichia coli mdfA,Risk V,Risk V
FosA3,Risk V,Risk III
H-NS,Risk V,Risk I
Klebsiella pneumoniae KpnE,Risk V,Risk V
Klebsiella pneumoniae KpnF,Risk V,Risk V
Klebsiella pneumoniae KpnG,Risk V,Risk V
Klebsiella pneumoniae KpnH,Risk V,Risk V
Klebsiella pneumoniae OmpK37,Risk V,Risk V
LlmA 23S ribosomal RNA methyltransferase,Risk V,Risk V
OXA-136,Risk V,Risk V
OXA-184,Risk V,Risk V
OXA-21,Risk V,Risk II
OXA-58,Risk V,Risk V
PmrF,Risk V,Risk I
SHV-11,Risk V,Risk II
TolC,Risk V,Risk I
Vibrio cholerae varG,Risk V,Risk V
YojI,Risk V,Risk I
aadA11,Risk V,Risk III
aadK,Risk V,Risk IV
abeS,Risk V,Risk III
acrB,Risk V,Risk I
acrD,Risk V,Risk I
adeF,Risk V,Risk I
adeL,Risk V,Risk III
almG,Risk V,Risk V
aphA15,Risk V,Risk IV
apmA,Risk V,Risk V
bacA,Risk V,Risk I
baeR,Risk V,Risk I
baeS,Risk V,Risk I
catA4,Risk V,Risk V
catII from Escherichia coli K-12,Risk V,Risk V
catS,Risk V,Risk V
cmeR,Risk V,Risk V
cpxA,Risk V,Risk I
dfrA19,Risk V,Risk IV
dfrE,Risk V,Risk III
efmA,Risk V,Risk I
efrA,Risk V,Risk I
emrA,Risk V,Risk I
emrK,Risk V,Risk I
emrR,Risk V,Risk I
emrY,Risk V,Risk I
eptA,Risk V,Risk I
evgA,Risk V,Risk I
evgS,Risk V,Risk I
fosA5,Risk V,Risk III
fusD,Risk V,Risk V
gadX,Risk V,Risk I
golS,Risk V,Risk III
kdpE,Risk V,Risk I
lnuB,Risk V,Risk IV
lnuD,Risk V,Risk V
marA,Risk V,Risk I
mdtA,Risk V,Risk II
mdtB,Risk V,Risk II
mdtC,Risk V,Risk II
mdtE,Risk V,Risk I
mdtF,Risk V,Risk I
mdtG,Risk V,Risk I
mdtH,Risk V,Risk I
mdtM,Risk V,Risk I
mdtN,Risk V,Risk II
mdtO,Risk V,Risk II
mdtP,Risk V,Risk II
mecA,Risk V,Risk I
mecB,Risk V,Risk III
mphA,Risk V,Risk I
mphE,Risk V,Risk I
mphK,Risk V,Risk V
msbA,Risk V,Risk II
oqxA,Risk V,Risk I
patB,Risk V,Risk I
ramA,Risk V,Risk I
sdiA,Risk V,Risk I
sul3,Risk V,Risk III
sul4,Risk V,Risk IV
tet(36),Risk V,Risk V
tet(59),Risk V,Risk IV
tet(D),Risk V,Risk I
tet(T),Risk V,Risk V
tet(Z),Risk V,Risk III
tetB(P),Risk V,Risk II
tmrB,Risk V,Risk V
ugd,Risk V,Risk I
vanC,Risk V,Risk IV
vanF,Risk V,Risk V
vanG,Risk V,Risk IV
vanHF,Risk V,Risk V
vanRC,Risk V,Risk IV
vanRG,Risk V,Risk III
vanTC,Risk V,Risk V
vanTG,Risk V,Risk V
vanUG,Risk V,Risk V
vanWB,Risk V,Risk III
vanWG,Risk V,Risk V
vanWI,Risk V,Risk V
vanXF,Risk V,Risk V
vanXYC,Risk V,Risk V
vanXYG,Risk V,Risk V
vanYA,Risk V,Risk IV
vanYF,Risk V,Risk V
vanYM,Risk V,Risk V
ykkC,Risk V,Risk V
ykkD,Risk V,Risk IV
OXA-140,Risk V,Risk V
aadA15,Risk V,Risk III
AAC(6')-Il,Risk V,Risk V
clbC,Risk V,Risk V
QnrB6,Risk V,Risk II
lnuE,Risk V,Risk V
lnuF,Risk V,Risk V
vanXA,Risk V,Risk IV
vanXI,Risk V,Risk IV
vanXO,Risk V,Risk IV
vanHO,Risk V,Risk V
ErmY,Risk V,Risk V
Erm(34),Risk V,Risk V
emtA,Risk V,Risk IV
vanXYE,Risk V,Risk V
tet(X3),Risk V,Risk I
catB11,Risk V,Risk IV
APH(6)-Ic,Risk V,Risk II
dfrA6 from Proteus mirabilis,Risk V,Risk V
aadA27,Risk V,Risk V
rgt1438,Risk V,Risk V
RCP-1,Risk V,Risk V
Corynebacterium striatum tetA,Risk V,Risk V
rmtB,Risk V,Risk III
armA,Risk V,Risk V
CMY-59,Risk V,Risk V
Acinetobacter baumannii AmvA,Risk V,Risk V
ANT(4')-Ib,Risk V,Risk I
FusF,Risk V,Risk V
AAC(3)-VIIa,Risk V,Risk V
AAC(6')-Iaj,Risk V,Risk V
dfrA16,Risk V,Risk IV
aadA9,Risk V,Risk V
cfrC,Risk V,Risk IV
QnrD1,Risk V,Risk V
ICR-Mo,Risk V,Risk V
dfrD,Risk V,Risk IV
TRU-1,Risk V,Risk V
RbpA,Risk V,Risk V
fusC,Risk V,Risk IV
vanRI,Risk V,Risk III
AAC(6')-Ib',Risk V,Risk IV
AAC(6')-Ib7,Risk V,Risk I
Rhodobacter sphaeroides ampC beta-lactamase,Risk V,Risk V
ANT(3'')-IIb,Risk V,Risk V
dfrA20,Risk V,Risk V
Erm(48),Risk V,Risk V
tet(33),Risk V,Risk II
arr-8,Risk V,Risk V
QnrA3,Risk V,Risk V
QnrVC5,Risk V,Risk IV
PC1 beta-lactamase (blaZ),Risk V,Risk V
BRO-2,Risk V,Risk V
FosK,Risk V,Risk V
mphF,Risk V,Risk IV
OXA-334,Risk V,Risk III
mphG,Risk V,Risk V
mphO,Risk V,Risk V
