ARG_type,ARG_count,MGE_Number_per_kb_Sum,ARG_count_log2,MGE_count_log2
23S rRNA (adenine(2058)-N(6))-methyltransferase Erm(A),28,0.253807,4.857980995127572,0.3263152894700135
AAC(3)-IIc,46,0.520562,5.554588851677638,0.6046046425896476
AAC(3)-IVa,238,28.520001,7.900866807980749,4.883620865157454
AAC(3)-VIIa,8,0,3.169925001442312,0
AAC(6')-IIa,315,80.37053,8.303780748177102,6.346434482487176
AAC(6')-Ia,30,1.287398,4.954196310386875,1.193707411954014
AAC(6')-Iaj,1,0,1,0
AAC(6')-Ib',2,0,1.584962500721156,0
AAC(6')-Ib-cr3,6,0,2.807354922057604,0
AAC(6')-Ib-cr6,67,1.794252,6.087462841250339,1.482462136264912
AAC(6')-Ib7,8,0,3.169925001442312,0
AAC(6')-Ib8,51,12.256021,5.700439718141092,3.728575888058147
AAC(6')-Ib9,64,5.147834,6.022367813028454,2.6200782107980394
AAC(6')-Ie-APH(2'')-Ia bifunctional protein,757,96.192995,9.566054038171092,6.602780432967998
AAC(6')-Ii,92,0,6.539158811108031,0
AAC(6')-Iid,8,0,3.169925001442312,0
AAC(6')-Il,6,0,2.807354922057604,0
AAC(6')-Im,539,0.015929,9.076815597050832,0.02279958033141953
AAC(6')-Iy,12,0,3.700439718141092,0
ACI-1,68,0,6.108524456778169,0
ACT-56,2,0,1.584962500721156,0
ACT-77,3,0,2,0
ADC-43,6,1.065775,2.807354922057604,1.0466831273582042
ANT(2'')-Ia,258,113.508858,8.016808287686555,6.83931539419629
ANT(3'')-IIa,17,0,4.169925001442312,0
ANT(3'')-IIb,9,0,3.321928094887362,0
ANT(4')-Ia,197,63.43171,7.6293566200796095,6.009698978887476
ANT(4')-Ib,1,0,1,0
ANT(6)-Ia,281,0.65813,8.139551352398794,0.7295571208282362
ANT(6)-Ib,631,0,9.303780748177102,0
ANT(9)-Ia,100,12.767707,6.658211482751795,3.7832163947237776
ANT(9)-Ib,18,0.170184,4.247927513443585,0.22673539734394238
APH(2'')-IIIa,2,0.731815,1.584962500721156,0.7922848233454175
APH(2'')-IIa,25,0,4.700439718141092,0
APH(2'')-Ie,7,0,3,0
APH(2'')-If,396,42.728161,8.632995197142957,5.450490771640163
APH(2'')-Ig,174,0,7.451211111832329,0
APH(3'')-Ib,844,122.703348,9.722807531169547,6.950740736795822
APH(3')-IIIa,952,68.362748,9.896332403909941,6.1160891509938
APH(3')-IIa,73,19.235605,6.20945336562895,4.3388240779422285
APH(3')-Ia,594,78.891479,9.216745858195306,6.319969732458645
APH(3')-Ib,1,0,1,0
APH(3')-VIIa,12,0,3.700439718141092,0
APH(3')-VIa,57,0,5.857980995127572,0
APH(4)-Ia,126,0,6.9886846867721655,0
APH(6)-Ic,11,1.524576,3.584962500721156,1.336041109028041
APH(6)-Id,759,43.763698,9.569855608330949,5.48425731944754
Acinetobacter baumannii AbaQ,11,0,3.584962500721156,0
Acinetobacter baumannii AmvA,6,0,2.807354922057604,0
AcrE,231,0,7.857980995127572,0
AcrS,259,0,8.022367813028454,0
ArnT,316,0,8.308339030139408,0
BLMT,12,0.740054,3.700439718141092,0.7991320786736323
BRO-2,1,0,1,0
BRP(MBL),13,0,3.807354922057604,0
Bifidobacterium adolescentis rpoB mutants conferring resistance to rifampicin,63,0,6,0
CARB-3,29,2.858383,4.906890595608519,1.9479963587253724
CARB-4,1,0,1,0
CARB-8,2,0,1.584962500721156,0
CARB-9,2,0,1.584962500721156,0
CDD-2,1,0,1,0
CMH-4,1,0,1,0
CMY-59,2,0,1.584962500721156,0
CTX-M-55,183,1.186285,7.523561956057013,1.128481480280604
CTX-M-65,62,0,5.977279923499917,0
Campylobacter coli chloramphenicol acetyltransferase,761,17.97987,9.573647187493322,4.246398205739661
Campylobacter jejuni gyrA conferring resistance to fluoroquinolones,137,0,7.108524456778169,0
CblA-1,36,0,5.20945336562895,0
CcrA,7,0,3,0
CfxA6,42,0.506586,5.426264754702098,0.5912830282143363
Clostridioides difficile gyrB conferring resistance to fluoroquinolones,19,0,4.321928094887363,0
Clostridium perfringens mprF,80,0,6.339850002884624,0
Corynebacterium striatum tetA,5,0,2.584962500721156,0
CrcB,20,0,4.392317422778761,0
DHA-1,4,0,2.321928094887362,0
DfrA37,26,0,4.754887502163468,0
DfrB9,7,0,3,0
EBR-5,2,0,1.584962500721156,0
EC-14,34,0,5.129283016944966,0
EC-15,116,0,6.870364719583405,0
EreA,13,0.568862,3.807354922057604,0.6497184557657733
EreD,577,0,9.174925682500678,0
Erm(34),1,0,1,0
Erm(35),564,57.604723,9.14210705730255,5.872945032130518
Erm(36),61,0,5.954196310386875,0
Erm(42),20,0,4.392317422778761,0
Erm(48),2,0,1.584962500721156,0
Erm(49),55,0,5.807354922057604,0
Erm(51),27,0,4.807354922057604,0
Erm(52),650,0,9.346513733165635,0
ErmA,648,153.579502,9.342074667999139,7.272205213283399
ErmB,838,169.71582,9.712527000439824,7.4154529468984665
ErmC,63,55.724777,6,5.825907127182921
ErmF,430,33.711424,8.751544059089099,5.117338646328709
ErmG,515,126.999755,9.011227255423254,6.999997238588881
ErmQ,303,0,8.247927513443585,0
ErmT,123,53.741626,6.954196310386875,5.774566382847392
ErmX,252,85.144578,7.98299357469431,6.428688089960025
ErmY,22,4.152812,4.523561956057013,2.3653599568193973
"Escherichia coli AcrAB-TolC with AcrR mutation conferring resistance to ciprofloxacin, tetracycline, and ceftazidime",277,0,8.118941072723507,0
Escherichia coli AcrAB-TolC with MarR mutations conferring resistance to ciprofloxacin and tetracycline,291,0,8.189824558880018,0
Escherichia coli EF-Tu mutants conferring resistance to Pulvomycin,435,0,8.768184324776927,0
Escherichia coli acrA,219,0,7.78135971352466,0
Escherichia coli ampC beta-lactamase,11,0,3.584962500721156,0
Escherichia coli emrE,227,0,7.832890014164741,0
Escherichia coli mdfA,196,0,7.6220518194563764,0
Escherichia coli parE conferring resistance to fluoroquinolones,1,0,1,0
Escherichia coli soxR with mutation conferring antibiotic resistance,359,0,8.491853096329674,0
Escherichia coli soxS with mutation conferring antibiotic resistance,360,0,8.49585502688717,0
EstT,317,29.541677,8.312882955284355,4.932707375527675
FosA2,9,4.814227,3.321928094887362,2.5395873985091013
FosA3,64,0,6.022367813028454,0
FosA7.5,16,0,4.087462841250339,0
FosA8,16,2.444885,4.087462841250339,1.78445582249446
FosB3,292,2.36238,8.194756854422248,1.749482780236051
FosBx1,41,5.52935,5.392317422778761,2.7069393779199675
FosD,24,1.868186,4.643856189774724,1.5201385849102982
FosG,1,0,1,0
FosK,2,0,1.584962500721156,0
FosXCC,683,27.713457,9.417852514885897,4.843655131336732
FusF,2,0,1.584962500721156,0
H-NS,287,0,8.169925001442312,0
Haemophilus influenzae PBP3 conferring resistance to beta-lactam antibiotics,242,0,7.924812503605781,0
HelR,2,0,1.584962500721156,0
Helicobacter pylori rpoB mutation conferring resistance to rifampicin,112,0,6.820178962415188,0
ICR-Mo,2,0,1.584962500721156,0
Klebsiella pneumoniae KpnE,294,0,8.204571144249204,0
Klebsiella pneumoniae KpnF,310,0,8.280770770130603,0
Klebsiella pneumoniae KpnG,22,0,4.523561956057013,0
Klebsiella pneumoniae KpnH,87,0,6.459431618637297,0
Klebsiella pneumoniae OmpK37,24,0,4.643856189774724,0
Limosilactobacillus reuteri cat-TC,6,4.711676,2.807354922057604,2.51391414350378
LlmA 23S ribosomal RNA methyltransferase,9,0,3.321928094887362,0
LnuH,115,0,6.857980995127572,0
LnuP,435,222.988093,8.768184324776927,7.8072782317610345
LptD,25,0,4.700439718141092,0
MCR-1.1,16,0.040244,4.087462841250339,0.05692196711835153
Mef(En2),829,0.111966,9.696967526234287,0.15311267620773733
Morganella morganii gyrB conferring resistance to fluoroquinolones,21,0,4.459431618637297,0
Mrx,57,0,5.857980995127572,0
Mycobacterium tuberculosis folC with mutation conferring resistance to para-aminosalicylic acid,2,0,1.584962500721156,0
Mycobacterium tuberculosis intrinsic murA conferring resistance to fosfomycin,2,0,1.584962500721156,0
Mycobacterium tuberculosis rpsL mutations conferring resistance to Streptomycin,56,0,5.832890014164741,0
NDM-5,10,0,3.4594316186372973,0
Neisseria gonorrhoeae gyrA conferring resistance to fluoroquinolones,1,0,1,0
OXA-1,69,0.996067,6.129283016944966,0.9971601470005577
OXA-10,141,20.849615,7.149747119504682,4.449535953904575
OXA-136,92,0,6.539158811108031,0
OXA-140,7,0,3,0
OXA-184,5,0,2.584962500721156,0
OXA-193,1,0,1,0
OXA-21,34,0,5.129283016944966,0
OXA-334,1,0,1,0
OXA-347,531,0.306937,9.055282435501189,0.38618959868638314
OXA-58,4,0,2.321928094887362,0
OXA-820,5,0,2.584962500721156,0
OXA-912,3,0,2,0
OmpA,25,0,4.700439718141092,0
PC1 beta-lactamase (blaZ),1,0.635728,1,0.7099328670596912
PmrF,224,0,7.813781191217037,0
QnrA3,1,0,1,0
QnrB6,13,0.333778,3.807354922057604,0.41551855786291947
QnrD1,18,6.64838,4.247927513443585,2.9351542035613924
QnrS1,203,0.23015,7.672425341971495,0.29883424325705554
QnrVC5,2,0,1.584962500721156,0
RCP-1,2,0,1.584962500721156,0
RanA,47,0,5.584962500721156,0
RanB,54,0,5.78135971352466,0
RbpA,10,0,3.4594316186372973,0
Rhodobacter sphaeroides ampC beta-lactamase,18,0,4.247927513443585,0
SAT-2,11,4.436403,3.584962500721156,2.4426524069057383
SAT-4,737,132.292747,9.527477006060396,7.058454469437791
SHV-11,17,0,4.169925001442312,0
Sed-1,1,0,1,0
Staphylococcus intermedius chloramphenicol acetyltransferase,15,14.24016,4,3.929806144043718
Streptococcus suis chloramphenicol acetyltransferase,484,245.616462,8.92184093707449,7.946125294678024
Streptomyces venezuelae rox,7,0,3,0
TEM-1,379,156.942302,8.569855608330949,7.3032538126014135
TRU-1,2,0,1.584962500721156,0
TolC,201,0,7.658211482751795,0
VEB-17,54,8.370456,5.78135971352466,3.2281192563082888
Vibrio anguillarum chloramphenicol acetyltransferase,1525,19.224329,10.57553924683453,4.338019932799419
Vibrio cholerae varG,3,0,2,0
YojI,134,0,7.076815597050831,0
aad(6),322,88.494292,8.335390354693924,6.483723764237426
aadA11,4,0,2.321928094887362,0
aadA15,5,2.871507,2.584962500721156,1.9528952506655421
aadA16,91,2.57589,6.523561956057013,1.8383023576355066
aadA17,3,3.042013,2,2.0150739617486653
aadA2,231,118.989665,7.857980995127572,6.906766338147208
aadA27,2,0,1.584962500721156,0
aadA5,225,6.192892,7.820178962415188,2.846571942456794
aadA7,10,0.957162,3.4594316186372973,0.9687631769783372
aadA9,50,0,5.672425341971495,0
aadK,6,0,2.807354922057604,0
aadS,376,102.45889,8.558420713268664,6.692913807982423
abeS,9,0,3.321928094887362,0
acrB,178,0,7.483815777264256,0
acrD,156,0,7.294620748891627,0
adeF,89,0,6.491853096329675,0
adeL,1,0,1,0
almE,2,0,1.584962500721156,0
almF,4,0,2.321928094887362,0
almG,3,0,2,0
aphA15,5,0,2.584962500721156,0
apmA,31,0,5,0
armA,2,0,1.584962500721156,0
arr-2,184,36.187705,7.531381460516312,5.216753811181341
arr-3,311,60.03716,8.285402218862249,5.931615931417026
arr-8,1,0,1,0
bacA,259,0,8.022367813028454,0
baeR,245,0,7.94251450533924,0
baeS,4,0,2.321928094887362,0
catA4,23,0,4.584962500721156,0
catA8,447,411.559979,8.807354922057604,8.68846006698888
catB11,2,0,1.584962500721156,0
catB2,4,3.144208,2.321928094887362,2.051096414471807
catB3,147,2.5386,7.20945336562895,1.8231786900956375
catB8,29,0.873786,4.906890595608519,0.9059561961304666
catII from Escherichia coli K-12,31,0,5,0
catIII,43,24.937305,5.459431618637297,4.696956679907907
catP,435,141.420917,8.768184324776927,7.154017236613185
catQ,157,0.493685,7.303780748177103,0.5788759333658455
catS,51,0,5.700439718141092,0
cepA,24,0,4.643856189774724,0
cfr(D),20,0,4.392317422778761,0
cfrA,516,0.607542,9.014020470314934,0.6848564311147505
cfrC,60,0,5.930737337562887,0
cfrE,1211,0.135888,10.243173983472952,0.1838205902911819
clbC,1,0,1,0
clcD,56,12.826903,5.832890014164741,3.789406147479407
cmeR,23,0,4.584962500721156,0
cmlA5,170,24.609908,7.417852514885898,4.678630165152608
cphA3,3,0,2,0
cpxA,218,0,7.774787059601174,0
dfrA1,128,5.429018,7.011227255423254,2.6845983900067916
dfrA10,2,0,1.584962500721156,0
dfrA12,128,7.934268,7.011227255423254,3.1593495316136195
dfrA14,245,35.379239,7.94251450533924,5.185043459140941
dfrA15,22,1.338442,4.523561956057013,1.2255476462680497
dfrA16,47,2.072493,5.584962500721156,1.6194097237381193
dfrA17,253,10.166132,7.9886846867721655,3.481057610982969
dfrA19,8,0,3.169925001442312,0
dfrA20,2,0,1.584962500721156,0
dfrA27,233,24.289261,7.870364719583405,4.660452974228864
dfrA6 from Proteus mirabilis,3,0,2,0
dfrD,7,0,3,0
dfrE,16,0,4.087462841250339,0
dfrF,154,0.504032,7.2761244052742375,0.5888352623281735
dfrG,265,26.654343,8.055282435501189,4.789434162419375
dfrL,1,0,1,0
efmA,63,0,6,0
efrA,14,0,3.9068905956085187,0
emrA,219,0,7.78135971352466,0
emrK,205,0,7.6865005271832185,0
emrR,333,0,8.383704292474052,0
emrY,173,0,7.442943495848728,0
emtA,1,0,1,0
eptA,224,0,7.813781191217037,0
eptB,25,0,4.700439718141092,0
erm(45),10,0,3.4594316186372973,0
evgA,206,0,7.693486957499325,0
evgS,134,0,7.076815597050831,0
fexA,897,262.507661,9.810571634741146,8.041701095948566
fexB,280,115.917047,8.134426320220927,6.869341486020238
fosA5,15,0,4,0
fusC,1,0,1,0
fusD,1,0,1,0
gadX,297,0,8.219168520462162,0
golS,16,0,4.087462841250339,0
kdpE,228,0,7.839203788096944,0
leuO,325,0,8.348728154231077,0
linG,25,1.230514,4.700439718141092,1.1573762033310289
lnuA,358,64.347755,8.487840033823051,6.030065768459702
lnuB,551,0,9.108524456778168,0
lnuC,1885,212.66727,10.881113960675096,7.739222119648501
lnuD,22,0,4.523561956057013,0
lnuE,7,0,3,0
lnuF,7,0.513808,3,0.598182236358491
lnuG,75,27.422673,6.247927513443585,4.828970333581544
lsaE,539,0.422403,9.076815597050832,0.5083302720816132
marA,277,0,8.118941072723507,0
mdtA,165,0,7.3750394313469245,0
mdtB,76,0,6.266786540694901,0
mdtC,99,0,6.643856189774724,0
mdtE,255,0,8,0
mdtF,191,0,7.584962500721156,0
mdtG,185,0,7.539158811108031,0
mdtH,157,0,7.303780748177103,0
mdtM,159,0,7.321928094887363,0
mdtN,208,0,7.7073591320808825,0
mdtO,181,0,7.507794640198696,0
mdtP,203,0,7.672425341971495,0
mecA,6,0.857934,2.807354922057604,0.8936992533008099
mecB,2,0,1.584962500721156,0
mecI,9,0.351853,3.321928094887362,0.4349382820186658
mecR1,6,0.857934,2.807354922057604,0.8936992533008099
mefF,38,0,5.285402218862249,0
mefH,822,4.266286,9.684748620421626,2.3967858729938345
mphA,63,0,6,0
mphC,13,0.233973,3.807354922057604,0.3033108278809656
mphE,54,0,5.78135971352466,0
mphF,9,0,3.321928094887362,0
mphG,14,0,3.9068905956085187,0
mphK,5,0,2.584962500721156,0
mphO,26,0,4.754887502163468,0
msbA,227,0,7.832890014164741,0
msr(G),35,0,5.169925001442312,0
msr(I),1,0,1,0
msrA,9,0.233973,3.321928094887362,0.3033108278809656
nimA,1732,53.302795,10.75905593916017,5.762954551275454
nimB,38,22.057407,5.285402218862249,4.527158373766835
nimC,6,0,2.807354922057604,0
nimD,6,0,2.807354922057604,0
nimE,21,0,4.459431618637297,0
nimF,78,0,6.303780748177103,0
nimG,371,0,8.539158811108031,0
nimH,17,0.513875,4.169925001442312,0.5982460875395792
nimI,9,0,3.321928094887362,0
nimJ,914,260.613945,9.837627933171404,8.031295633692308
norC,22,0,4.523561956057013,0
npmA,284,2.074867,8.154818109052105,1.6205240096095606
oqxA,57,0,5.857980995127572,0
patB,47,0,5.584962500721156,0
poxtA,1996,60.329976,10.963618617443972,5.938520481302331
qacEdelta1,534,211.508349,9.06339508128851,7.731375712551092
qacG,17,10.346104,4.169925001442312,3.5041250880169925
qacJ,19,3.695872,4.321928094887363,2.2313930840267537
qacL,98,37.451101,6.6293566200796095,5.264953003464549
ramA,4,0,2.321928094887362,0
rgt1438,2,0,1.584962500721156,0
rmtB,17,0.311721,4.169925001442312,0.3914608947120585
rsmA,424,0,8.731319031025064,0
salC,27,0,4.807354922057604,0
salD,6,0,2.807354922057604,0
salE,3,0,2,0
sdiA,13,0,3.807354922057604,0
sdrM,26,0,4.754887502163468,0
sepA,22,0,4.523561956057013,0
spd,30,13.513133,4.954196310386875,3.859287087459349
sul1,475,145.31928,8.894817763307943,7.192976070855723
sul2,836,115.228555,9.709083812550343,6.86082074299176
sul3,37,0,5.247927513443585,0
sul4,2,0,1.584962500721156,0
tet(32),5281,0.694951,12.366868586167094,0.7612435665304536
tet(33),162,0,7.348728154231077,0
tet(36),124,0.042391,6.965784284662087,0.059896532848864745
tet(40),480,4.267653,8.909893083770042,2.397160313007578
tet(44),1878,0.897553,10.875749351420055,0.9241401816983578
tet(45),1050,293.356565,10.037546953962178,8.20142099404276
tet(59),11,0,3.584962500721156,0
tet(A),756,14.332555,9.564149489985732,3.9385262210223293
tet(B),135,0.144823,7.087462841250339,0.19512456184931629
tet(C),43,2.434385,5.459431618637297,1.7800517768056445
tet(D),7,0,3,0
tet(K),48,16.804637,5.614709844115208,4.154181117297781
tet(M),2166,553.87253,11.081483438093674,9.116012571221589
tet(O),1486,46.185233,10.53818893205242,5.560263522038165
tet(O/32/O),13,0.116645,3.807354922057604,0.15917060198733501
tet(O/W/32/O),44,3.272127,5.491853096329675,2.0949545354961567
tet(Q),4568,607.732738,12.157662727208448,9.249665146653657
tet(S),149,82.70183,7.22881869049588,6.387187260112965
tet(T),17,0,4.169925001442312,0
tet(W),2035,1.176655,10.991521846075695,1.1221127583611545
tet(W/N/W),1968,0.090229,10.943247395901553,0.12463120148336337
tet(X),606,134.07231,9.245552706255681,7.077588140381167
tet(X1),3,0,2,0
tet(X3),1,0,1,0
tet(X5),1,0,1,0
tet(Z),169,0,7.409390936137702,0
tetB(P),754,0,9.560332834212442,0
tmrB,5,0,2.584962500721156,0
ugd,60,0,5.930737337562887,0
vanB,2,0.425532,1.584962500721156,0.5115004249111798
vanC,43,0,5.459431618637297,0
vanF,232,0,7.864186144654281,0
vanG,1339,0,10.388017285345136,0
vanHB,4,2.625615,2.321928094887362,1.8582257350433653
vanHF,13,0,3.807354922057604,0
vanHO,3,0,2,0
vanRB,2,1.057419,1.584962500721156,1.0408356332721158
vanRC,36,0,5.20945336562895,0
vanRG,19,0,4.321928094887363,0
vanRI,2,0,1.584962500721156,0
vanSB,1,0.439754,1,0.5258223302105451
vanTC,70,0,6.149747119504682,0
vanTG,131,0,7.044394119358453,0
vanUG,199,0,7.643856189774724,0
vanWB,77,4.035607,6.285402218862249,2.3321656934470774
vanWG,186,0,7.546894459887636,0
vanWI,46,0,5.554588851677638,0
vanXA,1,0,1,0
vanXB,5,2.802106,2.584962500721156,1.9267987538545832
vanXF,307,0,8.266786540694902,0
vanXI,10,0,3.4594316186372973,0
vanXO,3,0,2,0
vanXYC,46,0,5.554588851677638,0
vanXYE,1,0,1,0
vanXYG,191,0,7.584962500721156,0
vanYA,81,0,6.357552004618084,0
vanYB,3379,6.848998,11.722807531169547,2.9725084918771105
vanYF,162,0,7.348728154231077,0
vanYG,3376,0.348068,11.721526464007477,0.4308932715853865
vanYM,317,0,8.312882955284355,0
vatE,51,11.61023,5.700439718141092,3.6565226843388503
ykkC,7,0,3,0
ykkD,8,0,3.169925001442312,0
