Sample,V1,V2,V3,breed,application,shape_id
CCH108A,-0.018866139,-0.071205378,-0.060583253,LAD,dual_type,LAD-NanChang
CCH111-1A,-0.040934379,-0.043627592,-0.130185485,LAD,dual_type,LAD-NanChang
CCH112-2A,0.035129719488819953,-0.058406638,-0.045010743,LAD,dual_type,LAD-NanChang
CCH119-1A,-0.075116042,-0.059213121,-0.053117562,LAD,dual_type,LAD-NanChang
CCH127-1A,-0.013711515,-0.072000934,-0.129967935,LAD,dual_type,LAD-NanChang
CCH150-1B,0.10641359538664509,-0.080618927,-0.050574872,LAD,dual_type,LAD-NanChang
CCH151-2A,0.021262480013862124,-0.106051787,-0.186589873,LAD,dual_type,LAD-NanChang
CCH156-3B,-7.78E-04,-0.087688344,-0.102717388,LAD,dual_type,LAD-NanChang
CCH157-2B,0.1204898115241123,-0.077234243,-0.042588411,LAD,dual_type,LAD-NanChang
CCH162-1A,0.2826873462015084,0.19943202568650123,0.16356620682313847,LAD,dual_type,LAD-NanChang
CCH180-3A,2.824235578581222e-4,-0.022585049,-0.040630922,LAD,dual_type,LAD-NanChang
CCH186-1A,0.054051707178152365,-0.044453789,-0.121659185,LAD,dual_type,LAD-NanChang
CCH209A,0.046475518487897105,-0.083699416,-0.176573583,LAD,dual_type,LAD-NanChang
CCH210A,-0.001972978,-0.05806392,-0.040828035,LAD,dual_type,LAD-NanChang
CCH212A,-0.020177588,-0.020851714,-0.041721074,LAD,dual_type,LAD-NanChang
CCH221-1A,-0.018564078,-0.06981647,-0.101354099,LAD,dual_type,LAD-NanChang
CCH227-3A,0.05490275646223233,-0.028822188,0.01543459742066976,LAD,dual_type,LAD-NanChang
CCH247A,6.970997622508164e-4,-0.05620396,-0.101807587,LAD,dual_type,LAD-NanChang
CCH250-2A,-0.032746513,-0.037070352,-0.063892619,LAD,dual_type,LAD-NanChang
CCH251-1A,0.020057552149354677,0.03669725224776674,0.04403443777452075,LAD,dual_type,LAD-NanChang
CCH258A,0.12801467298361624,-0.032840069,0.00944243404250134,LAD,dual_type,LAD-NanChang
CCH259-3A,0.060803969675463275,-0.006382317,0.03084645497356986,LAD,dual_type,LAD-NanChang
CCH263-2A,0.047590113210653075,-0.075104518,-0.057478672,LAD,dual_type,LAD-NanChang
CCH277-1A,0.01635740085883608,-0.080758085,-0.027265753,LAD,dual_type,LAD-NanChang
CCH287A,-0.173138146,0.08272867040484214,0.044541276014821315,LAD,dual_type,LAD-NanChang
CCH294-1A,0.03294416405139228,-0.00618933,0.07921604660000335,LAD,dual_type,LAD-NanChang
CCH295-1A,0.15958786749312542,0.10280639940257731,0.14130550372638437,LAD,dual_type,LAD-NanChang
CCH306-2A,0.04735964506888289,-0.055415117,-0.018632939,LAD,dual_type,LAD-NanChang
CCH323-3A,-0.005697321,-0.044752083,-0.043238856,LAD,dual_type,LAD-NanChang
CCH324-4A,0.017100045585116887,-0.046697718,-0.03477264,LAD,dual_type,LAD-NanChang
CCH325-1A,-0.021574666,-0.089136545,-0.095799755,LAD,dual_type,LAD-NanChang
CCH326A,0.038981453002502234,-0.072343354,-0.108133624,LAD,dual_type,LAD-NanChang
CCH328A,0.08422164790315086,-0.062659382,-0.066062769,LAD,dual_type,LAD-NanChang
CCH340-2A,-0.018760651,-0.078070336,-0.071887441,LAD,dual_type,LAD-NanChang
CCH346-1A,-0.008239502,-0.070885635,-0.018621572,LAD,dual_type,LAD-NanChang
CCH57A,0.01885539634974411,-0.064947317,-0.120810758,LAD,dual_type,LAD-NanChang
CCH74-3A,-0.10033183,-0.048561852,-0.052781708,LAD,dual_type,LAD-NanChang
CCH93-1A,-0.036825577,-0.077453644,-0.12039682,LAD,dual_type,LAD-NanChang
CCH95-1A,-0.017736878,-0.040350595,-0.119724394,LAD,dual_type,LAD-NanChang
CCS15B,-0.005468908,0.005718348688385876,0.15398082640544725,SXD,egg_type,SXD-ZhuJi
CCS16B,-0.053152616,0.09402178654481841,0.17197225739024682,SXD,egg_type,SXD-ZhuJi
CCS17A,-0.114296824,-0.043868783,0.046113947968192494,SXD,egg_type,SXD-ZhuJi
CCS18A,-0.150287476,0.010438151763996645,4.47662768142123e-4,SXD,egg_type,SXD-ZhuJi
CCS19A,0.0011094300073360406,-0.059648639,0.042013078451366564,SXD,egg_type,SXD-ZhuJi
CCS20A,0.06473396896883843,0.04302367184611071,0.20487854979105388,SXD,egg_type,SXD-ZhuJi
CCS24A,-0.085866901,-0.039152644,0.03409744956628132,SXD,egg_type,SXD-ZhuJi
CCS25B,0.09301591146814803,0.10110170891978047,0.2046136032212765,SXD,egg_type,SXD-ZhuJi
CCS26A,-0.233699877,-0.003601003,-0.008717734,SXD,egg_type,SXD-ZhuJi
CCS27A,-0.206605723,0.058412844215049914,0.05675974604914318,SXD,egg_type,SXD-ZhuJi
CCS28B,-0.058602105,-0.06028859,0.042458307450459094,SXD,egg_type,SXD-ZhuJi
CCS29B,0.007538189112192219,0.0034294455937442566,0.15274463893351778,SXD,egg_type,SXD-ZhuJi
CCS30A,-0.097694177,-0.07660945,-0.003492672,SXD,egg_type,SXD-ZhuJi
CCS34A,-0.033699112,-0.108772057,-0.079511807,SXD,egg_type,SXD-ZhuJi
CCY10A,0.23242919009486623,0.05608455648355637,0.02709476765237742,CVD,meat_type,CVD-XinYang
CCY11A,0.16413661851225264,-0.002684932,-0.07857297,CVD,meat_type,CVD-XinYang
CCY13A,0.16854585733274732,0.14654710403820864,0.09341995985458022,CVD,meat_type,CVD-XinYang
CCY17A,0.14913902407752125,0.0156773530535962,0.00483415246710862,CVD,meat_type,CVD-XinYang
CCY20A,0.2626163060383994,0.06292039891769707,0.08720593890817523,CVD,meat_type,CVD-XinYang
CCY23A,0.2854665228616233,0.060044419659946946,0.0843092543218494,CVD,meat_type,CVD-XinYang
CCY24A,0.1715164206032924,0.045583485102034735,0.09186327644835295,CVD,meat_type,CVD-XinYang
CCY25B,0.20197752601529465,-0.020128799,-0.052139996,CVD,meat_type,CVD-XinYang
CCY26A,0.3096195193720462,0.1848936634134241,0.1753575262330465,CVD,meat_type,CVD-XinYang
CCY27A,0.13613693121262768,-0.005515835,-0.01116332,CVD,meat_type,CVD-XinYang
CCY28A,0.10816516546571311,0.034608583316031914,0.009275086697144105,CVD,meat_type,CVD-XinYang
CCY30A,0.1641395012443807,0.07592385941703131,0.12775135779840993,CVD,meat_type,CVD-XinYang
CCY33B,0.17237132875657918,0.16583110570616014,0.1402268367877192,CVD,meat_type,CVD-XinYang
CCY34B,0.22595108858467938,0.011383424388559396,0.06514093139983312,CVD,meat_type,CVD-XinYang
CCY35B,0.2338174305753217,0.08181293586324066,0.06016394886591133,CVD,meat_type,CVD-XinYang
CCY36B,0.22546484625937607,0.12523920968026478,0.1499304059802514,CVD,meat_type,CVD-XinYang
CCY37A,0.1335159221499214,0.030067405446945007,0.03229893219224521,CVD,meat_type,CVD-XinYang
CCY39A,0.2543263219735502,0.072243722669856,0.06987683605511097,CVD,meat_type,CVD-XinYang
CCY41B,0.15639790295722286,0.13588238011910742,0.12327148155979305,CVD,meat_type,CVD-XinYang
CCY42A,0.31214621201884146,0.15422250304080376,0.14883289576281764,CVD,meat_type,CVD-XinYang
CCY43A,0.20316643228077996,0.13910709200267135,0.1313469844945522,CVD,meat_type,CVD-XinYang
CCY44A,0.10324140344823009,-0.051714841,-0.01155643,CVD,meat_type,CVD-XinYang
CCY46B,0.14387629649155495,0.1735468894230017,0.10351788077702988,CVD,meat_type,CVD-XinYang
CCY47A,0.2523797221434571,0.002670553327531123,-0.049357446,CVD,meat_type,CVD-XinYang
CCY48A,0.18048458385031146,-0.026825725,-0.077828815,CVD,meat_type,CVD-XinYang
CCY49A,0.3379974774519558,0.21828023666599497,0.16884558793059162,CVD,meat_type,CVD-XinYang
CCY50A,0.31068181004345763,0.21365308084192672,0.2002700902161372,CVD,meat_type,CVD-XinYang
CCY6A,0.19278310503299925,7.838748752675312e-4,0.026164768107589397,CVD,meat_type,CVD-XinYang
CCY8A,0.2566803229635679,0.08230515448236057,0.09830435669327629,CVD,meat_type,CVD-XinYang
CCY9B,0.20021387459750928,0.006619564975584266,0.03427705837092384,CVD,meat_type,CVD-XinYang
SHCC100A,-0.134105481,-0.020361233,0.0272030655661526,SRD,dual_type,SRD-JiAn
SHCC101A,-0.108141587,-0.018645197,0.05375665446972746,SRD,dual_type,SRD-JiAn
SHCC102A,-0.041416221,-0.06385259,0.037133710328607725,SRD,dual_type,SRD-JiAn
SHCC103A,-0.083129956,-0.104477115,-0.085913417,SRD,dual_type,SRD-JiAn
SHCC104A,-0.083696424,-0.043313142,-0.065746305,SRD,dual_type,SRD-JiAn
SHCC105A,0.022054362113262244,-0.064129841,-0.004152274,SRD,dual_type,SRD-JiAn
SHCC106A,0.04966059005039993,-0.067947751,0.061011817964395795,SRD,dual_type,SRD-JiAn
SHCC107A,-0.212450926,0.05934551428809831,0.07523782471429996,SRD,dual_type,SRD-JiAn
SHCC108A,-0.061420801,-0.070088684,0.002376854650794078,SRD,dual_type,SRD-JiAn
SHCC109A,-0.218078711,0.22602454251019508,-0.016048629,SRD,dual_type,SRD-JiAn
SHCC10A,0.01336319161307018,-0.054839921,0.0710252620675587,SRD,dual_type,SRD-JiAn
SHCC110A,-0.011803699,-0.059047252,0.032596968744899896,SRD,dual_type,SRD-JiAn
SHCC111A,-0.054485089,-0.01853,0.060968080750411095,SRD,dual_type,SRD-JiAn
SHCC112A,-0.03772176,-0.111803302,-0.090147989,SRD,dual_type,SRD-JiAn
SHCC113A,-0.08039901,-0.058858829,-0.061288302,SRD,dual_type,SRD-JiAn
SHCC114A,0.005745314793056102,-0.049070889,0.058552412351840125,SRD,dual_type,SRD-JiAn
SHCC115A,0.004719440832217961,-0.005380053,0.0738694594928988,SRD,dual_type,SRD-JiAn
SHCC116A,-0.032537617,-0.061781214,0.047741877353654344,SRD,dual_type,SRD-JiAn
SHCC117A,-0.053392284,-0.086722073,-0.020337335,SRD,dual_type,SRD-JiAn
SHCC118A,-0.271161592,0.45513921166451715,-0.082278414,SRD,dual_type,SRD-JiAn
SHCC119A,-0.067389955,-0.041394459,0.029252988652844855,SRD,dual_type,SRD-JiAn
SHCC11A,-0.098166918,-0.035017437,0.005012360899035721,SRD,dual_type,SRD-JiAn
SHCC120A,-0.369378474,0.35229002523726843,0.04359022030834087,SRD,dual_type,SRD-JiAn
SHCC121A,-0.08024057,-0.044216723,0.011121356460716852,SRD,dual_type,SRD-JiAn
SHCC122B,0.027041868892434675,-0.050228681,0.06654156028543963,SRD,dual_type,SRD-JiAn
SHCC123A,-0.1191346,0.019050618548364942,0.12691569203453967,SRD,dual_type,SRD-JiAn
SHCC124B,-0.02947463,-0.090587569,-0.052552441,SRD,dual_type,SRD-JiAn
SHCC125A,-0.106625187,-0.052416044,0.03484521868158213,SRD,dual_type,SRD-JiAn
SHCC126A,-0.028973656,-0.07253663,-0.005183366,SRD,dual_type,SRD-JiAn
SHCC127A,-0.332361019,0.3098217391172295,0.0689918793170474,SRD,dual_type,SRD-JiAn
SHCC128A,-0.033753795,-0.040177092,-0.001334981,SRD,dual_type,SRD-JiAn
SHCC129A,-0.363082324,0.26045114676523234,0.03076989267710025,SRD,dual_type,SRD-JiAn
SHCC12A,-0.078826663,-0.091916431,-0.082761335,SRD,dual_type,SRD-JiAn
SHCC130A,-0.128012261,0.012784430389472112,0.058232512365255555,SRD,dual_type,SRD-JiAn
SHCC131A,-0.16360947,-0.00399388,0.009329573524474596,SRD,dual_type,SRD-JiAn
SHCC132A,-0.123363504,-0.076917025,-0.072703253,SRD,dual_type,SRD-JiAn
SHCC133A,-0.206701417,0.017488447948774532,0.04862135157982042,SRD,dual_type,SRD-JiAn
SHCC134A,-0.243130995,0.08827062630009108,0.0363184498694196,SRD,dual_type,SRD-JiAn
SHCC135A,-0.041539736,-0.097497926,-0.050247519,SRD,dual_type,SRD-JiAn
SHCC136A,-0.036073995,-0.010308642,0.06750451330220326,SRD,dual_type,SRD-JiAn
SHCC137A,-0.097698344,-0.073400073,-0.002841492,SRD,dual_type,SRD-JiAn
SHCC138A,-0.026891792,-0.078434764,-0.071188345,SRD,dual_type,SRD-JiAn
SHCC139A,0.04724417782431991,-0.084821024,0.01749350726306507,SRD,dual_type,SRD-JiAn
SHCC13A,-0.078644067,-0.030179852,0.05882585386807192,SRD,dual_type,SRD-JiAn
SHCC140A,-0.131145668,-0.03846841,0.011106797837700754,SRD,dual_type,SRD-JiAn
SHCC141A,0.0015905575909441758,-0.119226339,-0.052812861,SRD,dual_type,SRD-JiAn
SHCC142B,6.348407549030013e-5,-0.032414147,0.11444282266427372,SRD,dual_type,SRD-JiAn
SHCC143A,-0.034404404,-0.033863011,0.04120389877870867,SRD,dual_type,SRD-JiAn
SHCC144A,-0.087719037,-0.026264844,0.07044244693053626,SRD,dual_type,SRD-JiAn
SHCC145A,-0.237987887,0.06063611828358025,0.03688014631549944,SRD,dual_type,SRD-JiAn
SHCC146A,0.022364985511635054,-0.036137719,0.08970890684300806,SRD,dual_type,SRD-JiAn
SHCC147A,-0.1028344,-0.041729836,-0.026095633,SRD,dual_type,SRD-JiAn
SHCC148A,-0.011390716,-0.060341515,-0.021879793,SRD,dual_type,SRD-JiAn
SHCC149A,-0.05063158,-0.088498265,-0.048262674,SRD,dual_type,SRD-JiAn
SHCC14A,-0.313012242,0.39426661142094305,0.06275898732807032,SRD,dual_type,SRD-JiAn
SHCC150A,-0.062606551,-0.06327897,0.027658448218154916,SRD,dual_type,SRD-JiAn
SHCC151A,-0.029362905,-0.056011661,0.05097881652973494,SRD,dual_type,SRD-JiAn
SHCC152A,-0.131138518,0.010291128491393076,-0.004914072,SRD,dual_type,SRD-JiAn
SHCC153A,-0.179849372,-0.001981718,-0.028306931,SRD,dual_type,SRD-JiAn
SHCC154A,-0.044696922,-0.018791507,0.09578045005532308,SRD,dual_type,SRD-JiAn
SHCC155A,-0.064559,-0.054030168,-0.012270741,SRD,dual_type,SRD-JiAn
SHCC156A,-0.066384803,-0.080953849,-0.010345321,SRD,dual_type,SRD-JiAn
SHCC157B,-0.1409154,-0.032550609,-0.003452516,SRD,dual_type,SRD-JiAn
SHCC158A,-0.210983002,0.06952957327390588,0.0780189121775117,SRD,dual_type,SRD-JiAn
SHCC159A,-0.150026072,-0.037432511,0.004440688739062757,SRD,dual_type,SRD-JiAn
SHCC15A,0.08325821689167157,0.01262171553666756,0.11440023045661374,SRD,dual_type,SRD-JiAn
SHCC160B,-0.159466956,0.07977014708487885,0.060432152171027445,SRD,dual_type,SRD-JiAn
SHCC161A,-0.062521179,-0.073306506,-0.008091497,SRD,dual_type,SRD-JiAn
SHCC162A,0.014176030342468275,-0.120345617,-0.041519104,SRD,dual_type,SRD-JiAn
SHCC163A,-0.057457576,0.0039244731269029495,0.0304548839988687,SRD,dual_type,SRD-JiAn
SHCC164B,-0.019020341,-0.050733792,0.0507779108129254,SRD,dual_type,SRD-JiAn
SHCC165A,-0.024724282,-0.030413806,0.07045811650224305,SRD,dual_type,SRD-JiAn
SHCC166A,0.1274703225130633,-0.01144003,0.14368979335485427,SRD,dual_type,SRD-JiAn
SHCC167A,0.16458105733376716,-0.041418578,0.07429148957226303,SRD,dual_type,SRD-JiAn
SHCC168A,-0.007002664,-0.061204001,-0.046650099,SRD,dual_type,SRD-JiAn
SHCC169A,-0.138887628,0.0077208087586616014,0.04134618629954024,SRD,dual_type,SRD-JiAn
SHCC16A,-0.114590562,-0.072049283,-0.146660552,SRD,dual_type,SRD-JiAn
SHCC170A,-0.165550535,-0.030734363,0.01596147733649584,SRD,dual_type,SRD-JiAn
SHCC171A,0.008938928536799381,-0.055132194,0.05009876254811413,SRD,dual_type,SRD-JiAn
SHCC172A,-0.217841741,0.07286914412476286,0.10657029958050257,SRD,dual_type,SRD-JiAn
SHCC173A,-0.262683538,0.1374336621402235,0.04382210496140223,SRD,dual_type,SRD-JiAn
SHCC174A,-0.140703147,-0.030075904,-5.78E-04,SRD,dual_type,SRD-JiAn
SHCC175A,0.008449745901743482,-0.090616698,-0.039224127,SRD,dual_type,SRD-JiAn
SHCC176A,-0.021700751,-0.004630667,0.07507103003385333,SRD,dual_type,SRD-JiAn
SHCC177A,-0.031243972,-0.098331353,-0.019102503,SRD,dual_type,SRD-JiAn
SHCC178A,-0.095913831,-0.041001304,-0.165508448,SRD,dual_type,SRD-JiAn
SHCC179A,0.02180753646274207,0.0031078443143266635,0.00815267835887642,SRD,dual_type,SRD-JiAn
SHCC17A,-0.09521866,-0.068639602,-0.082825239,SRD,dual_type,SRD-JiAn
SHCC180A,0.019571798620501367,-0.071824692,0.03805902095467499,SRD,dual_type,SRD-JiAn
SHCC181A,0.03218967641720722,-0.089112613,-0.030417695,SRD,dual_type,SRD-JiAn
SHCC182A,-0.071419605,-0.050317988,0.05090855772503347,SRD,dual_type,SRD-JiAn
SHCC183A,-0.207454817,0.04754768938973691,0.06226993221796103,SRD,dual_type,SRD-JiAn
SHCC184A,0.02589307066158163,-0.073459881,0.03931091913350976,SRD,dual_type,SRD-JiAn
SHCC185B,0.12685299765290708,-0.001268904,0.13151659418727102,SRD,dual_type,SRD-JiAn
SHCC186A,-0.016312427,-0.089196273,6.981119230939336e-4,SRD,dual_type,SRD-JiAn
SHCC187A,-0.086762994,-0.0202923,0.061556552458269964,SRD,dual_type,SRD-JiAn
SHCC188A,-0.043507211,-0.047672491,0.010986913174920062,SRD,dual_type,SRD-JiAn
SHCC189A,-0.041260599,-0.054435839,-0.053107674,SRD,dual_type,SRD-JiAn
SHCC18A,-0.066874179,-0.077541079,-0.125012461,SRD,dual_type,SRD-JiAn
SHCC190A,-0.004844718,-0.089599963,-0.019339139,SRD,dual_type,SRD-JiAn
SHCC191A,0.02283859121705277,-0.093105763,-0.009658931,SRD,dual_type,SRD-JiAn
SHCC192A,0.0073551341322900836,-0.095202955,0.0038648439617907236,SRD,dual_type,SRD-JiAn
SHCC193A,-0.037138465,-0.07822697,0.013250186298331017,SRD,dual_type,SRD-JiAn
SHCC194A,-0.091649198,-0.056591026,0.03232649176176445,SRD,dual_type,SRD-JiAn
SHCC195A,-0.096356865,0.032329111435280077,-0.06149743,SRD,dual_type,SRD-JiAn
SHCC196A,0.18363157772997526,0.005269651498982724,0.1295536152065786,SRD,dual_type,SRD-JiAn
SHCC197A,0.004109435053082559,-0.088319949,-0.003590183,SRD,dual_type,SRD-JiAn
SHCC198A,-0.153014349,-0.007741471,0.04836816707112813,SRD,dual_type,SRD-JiAn
SHCC199A,0.03253940700481363,-0.061614583,-0.011339206,SRD,dual_type,SRD-JiAn
SHCC19A,-0.283071851,0.26751618393005705,0.07707432074837232,SRD,dual_type,SRD-JiAn
SHCC1A,0.021558589697148817,-0.112966132,-0.053707475,SRD,dual_type,SRD-JiAn
SHCC200A,-0.054212108,-0.020716065,0.058167334667855536,SRD,dual_type,SRD-JiAn
SHCC201A,0.04267943536169704,-0.08933698,0.007213421523561744,SRD,dual_type,SRD-JiAn
SHCC202A,0.029069739709720675,-0.093667933,0.029747967781180773,SRD,dual_type,SRD-JiAn
SHCC203A,-0.030182794,-0.037276483,0.05407599914393115,SRD,dual_type,SRD-JiAn
SHCC204B,0.06336094810910471,-0.075987473,-0.00403946,SRD,dual_type,SRD-JiAn
SHCC205A,0.002721468208506375,-0.053319977,0.04270425594361508,SRD,dual_type,SRD-JiAn
SHCC206A,0.044090599925098055,-0.07787647,0.03896807042580355,SRD,dual_type,SRD-JiAn
SHCC207A,-0.012199418,-0.068655956,0.023535998992497878,SRD,dual_type,SRD-JiAn
SHCC208A,-0.027920567,-0.068477819,-0.003630645,SRD,dual_type,SRD-JiAn
SHCC209A,-0.035176484,-0.020930899,-0.00293265,SRD,dual_type,SRD-JiAn
SHCC20A,-0.140365367,-0.011155732,0.05785735869895744,SRD,dual_type,SRD-JiAn
SHCC210A,0.05624250487465249,-0.059245095,-0.027459364,SRD,dual_type,SRD-JiAn
SHCC211A,-0.137048452,0.016412055875345194,0.020635991313051535,SRD,dual_type,SRD-JiAn
SHCC212A,0.03430783634827781,-0.067075266,0.005621143089423991,SRD,dual_type,SRD-JiAn
SHCC213A,-0.033846536,-0.008663294,0.04585350880194582,SRD,dual_type,SRD-JiAn
SHCC214A,-0.073208378,-0.019057357,0.010256449906035484,SRD,dual_type,SRD-JiAn
SHCC215A,-0.100907128,0.01784163066558782,0.061663902291497444,SRD,dual_type,SRD-JiAn
SHCC216A,-0.103260692,-0.065879305,-0.024281964,SRD,dual_type,SRD-JiAn
SHCC217A,0.015919188242262423,-0.029387868,-0.057912323,SRD,dual_type,SRD-JiAn
SHCC218A,-0.02800555,0.022293506007089098,0.06325789742632722,SRD,dual_type,SRD-JiAn
SHCC219A,0.026871571225926552,-0.049669179,0.05260300902962038,SRD,dual_type,SRD-JiAn
SHCC21A,-0.260398131,0.2916658505172945,0.044742823724228935,SRD,dual_type,SRD-JiAn
SHCC220A,-0.209993804,0.10650332571834574,0.11159738851760906,SRD,dual_type,SRD-JiAn
SHCC221A,-0.029039787,-0.030480942,0.06855299756385685,SRD,dual_type,SRD-JiAn
SHCC222A,-0.0932561,-0.053636148,-0.002244179,SRD,dual_type,SRD-JiAn
SHCC223A,-0.075907015,-4.27E-04,0.0852830696760618,SRD,dual_type,SRD-JiAn
SHCC224A,0.04007449565390678,-0.077120528,0.050973300589547,SRD,dual_type,SRD-JiAn
SHCC225B,-0.07832564,-0.06754924,-0.026839861,SRD,dual_type,SRD-JiAn
SHCC226A,-0.049714915,-0.07198937,-0.106399192,SRD,dual_type,SRD-JiAn
SHCC227A,-0.039102327,-0.085545374,-0.157921516,SRD,dual_type,SRD-JiAn
SHCC228A,0.00936531969205316,-0.076048099,-0.008597513,SRD,dual_type,SRD-JiAn
SHCC229A,-0.01804909,-0.049588212,0.019148593633525453,SRD,dual_type,SRD-JiAn
SHCC22A,-0.331716191,0.37191994483414764,-0.008694259,SRD,dual_type,SRD-JiAn
SHCC230A,-0.051592245,-0.086849601,-0.048347014,SRD,dual_type,SRD-JiAn
SHCC231A,-0.08242924,-0.076977852,-0.101929053,SRD,dual_type,SRD-JiAn
SHCC232A,-0.018003807,-0.060721843,0.01348094045902523,SRD,dual_type,SRD-JiAn
SHCC233A,-0.279810074,0.18377865518166045,0.08877453135840377,SRD,dual_type,SRD-JiAn
SHCC234B,-0.088056256,-0.06485762,-0.005138752,SRD,dual_type,SRD-JiAn
SHCC235A,-0.018792326,-0.094481924,-0.194427521,SRD,dual_type,SRD-JiAn
SHCC236A,-0.03541321,0.0025275681094522892,0.03971397954745401,SRD,dual_type,SRD-JiAn
SHCC237A,-0.270408261,0.1161745734196873,0.0800974957616087,SRD,dual_type,SRD-JiAn
SHCC238A,-0.040008878,-0.007214692,0.06366374085083702,SRD,dual_type,SRD-JiAn
SHCC239A,-0.253753667,0.19184729819559865,0.11150035094626597,SRD,dual_type,SRD-JiAn
SHCC23A,-0.179705044,0.03988268162732231,0.09175565090149747,SRD,dual_type,SRD-JiAn
SHCC240A,-0.048830818,-0.036030345,-0.031962643,SRD,dual_type,SRD-JiAn
SHCC241A,-0.068627139,-0.052624294,-0.085106969,SRD,dual_type,SRD-JiAn
SHCC242A,0.002796235451741616,-0.085115407,-0.019232188,SRD,dual_type,SRD-JiAn
SHCC243A,0.018774723726508784,-0.098099374,-0.051702743,SRD,dual_type,SRD-JiAn
SHCC244A,0.03327986368066218,-0.064563099,0.03617153303680527,SRD,dual_type,SRD-JiAn
SHCC245A,-0.243565983,0.21524369708449723,0.030881900984035086,SRD,dual_type,SRD-JiAn
SHCC246A,-0.031117466,-0.085695419,-0.01851302,SRD,dual_type,SRD-JiAn
SHCC247A,-0.049129974,-0.044060628,0.06056168940828604,SRD,dual_type,SRD-JiAn
SHCC248A,0.0015077941508759615,-0.04918163,0.06247689523152375,SRD,dual_type,SRD-JiAn
SHCC249A,-0.055043696,-0.095753866,-0.136404127,SRD,dual_type,SRD-JiAn
SHCC24A,-0.083177234,-0.019669323,0.04472699304488784,SRD,dual_type,SRD-JiAn
SHCC250A,-0.053702367,-0.101368509,-0.018964867,SRD,dual_type,SRD-JiAn
SHCC251B,0.0480975801856511,-0.061846019,0.016900391769860756,SRD,dual_type,SRD-JiAn
SHCC252A,0.014014737987731628,-0.108117189,-0.029173838,SRD,dual_type,SRD-JiAn
SHCC253A,-0.056670064,-0.098454895,-0.123550652,SRD,dual_type,SRD-JiAn
SHCC254B,0.1408023909770631,-0.050149494,0.0639268299636113,SRD,dual_type,SRD-JiAn
SHCC255B,-0.056537186,9.821085790729016e-4,0.0839187950614671,SRD,dual_type,SRD-JiAn
SHCC256A,-0.020122732,-0.092719754,-0.003270134,SRD,dual_type,SRD-JiAn
SHCC257A,-0.107805414,-0.040353619,0.05084121450159404,SRD,dual_type,SRD-JiAn
SHCC258A,-0.096968339,-0.083883038,-0.071276514,SRD,dual_type,SRD-JiAn
SHCC259A,-0.005659788,-0.035352442,0.05728385733030326,SRD,dual_type,SRD-JiAn
SHCC25A,-0.002038447,-0.062305614,0.06720862146280777,SRD,dual_type,SRD-JiAn
SHCC260A,-0.138672088,-0.023080366,0.0019781224166545196,SRD,dual_type,SRD-JiAn
SHCC261A,-0.026845981,-0.119436084,-0.072366503,SRD,dual_type,SRD-JiAn
SHCC262A,-0.01233356,-0.113675804,-0.083911219,SRD,dual_type,SRD-JiAn
SHCC263A,-0.009626811,-0.029582815,0.11213813428628452,SRD,dual_type,SRD-JiAn
SHCC264A,0.05709042654346134,-0.059280193,0.09497095718664547,SRD,dual_type,SRD-JiAn
SHCC265A,-0.07839126,-0.098895562,-0.235878413,SRD,dual_type,SRD-JiAn
SHCC266B,0.03019080827489507,-0.081037593,0.012185154203708465,SRD,dual_type,SRD-JiAn
SHCC267A,0.052344762513029636,-0.024318776,0.1344723386234274,SRD,dual_type,SRD-JiAn
SHCC268A,-0.104303569,-0.081988537,-0.060588081,SRD,dual_type,SRD-JiAn
SHCC269A,-0.158539877,0.1937058099733581,-0.05162059,SRD,dual_type,SRD-JiAn
SHCC26B,0.12535382020024108,-0.047894653,0.08239100774720767,SRD,dual_type,SRD-JiAn
SHCC270A,-0.015785929,-0.079297721,-0.020359792,SRD,dual_type,SRD-JiAn
SHCC271B,0.05715644662758667,-0.084608977,-0.005195537,SRD,dual_type,SRD-JiAn
SHCC272B,0.06079456968452214,-0.112348532,-0.041120425,SRD,dual_type,SRD-JiAn
SHCC273B,-0.018243782,-0.005282508,0.12829175494761244,SRD,dual_type,SRD-JiAn
SHCC274A,0.029202499648330226,-0.072457271,-0.050709054,SRD,dual_type,SRD-JiAn
SHCC275A,-0.251982835,0.0868002475880583,0.06962772267454752,SRD,dual_type,SRD-JiAn
SHCC276A,0.06911642647639192,-0.107549856,-0.104217457,SRD,dual_type,SRD-JiAn
SHCC277A,-0.147885961,0.03305647774658467,0.04947377832400722,SRD,dual_type,SRD-JiAn
SHCC278A,-0.025944915,-0.070952291,0.05481139128580541,SRD,dual_type,SRD-JiAn
SHCC279A,-0.07276595,-0.046168382,0.021399624640664427,SRD,dual_type,SRD-JiAn
SHCC27A,0.008673870239770686,-0.092869459,-0.005489455,SRD,dual_type,SRD-JiAn
SHCC280A,-0.156886096,0.06888962492868536,-0.028662253,SRD,dual_type,SRD-JiAn
SHCC281A,-0.040528594,-0.133222467,-0.146842287,SRD,dual_type,SRD-JiAn
SHCC282A,-0.04745296,-0.001524098,0.043648525711757674,SRD,dual_type,SRD-JiAn
SHCC283A,-0.029187286,-0.063662306,0.0015502072434491253,SRD,dual_type,SRD-JiAn
SHCC284A,-0.272566143,0.14442149638175028,0.07537854300713967,SRD,dual_type,SRD-JiAn
SHCC285A,0.0415251211146936,-0.109190213,-0.070942445,SRD,dual_type,SRD-JiAn
SHCC286A,-0.311616764,0.21105258980249567,0.059321278697536055,SRD,dual_type,SRD-JiAn
SHCC287A,0.0652050241781314,-0.054424629,0.09647425579783717,SRD,dual_type,SRD-JiAn
SHCC288A,0.07151331336323206,-0.091522011,-0.026156605,SRD,dual_type,SRD-JiAn
SHCC289A,0.059564010096553106,-0.087666282,0.002185498746874496,SRD,dual_type,SRD-JiAn
SHCC28B,-0.049161654,-0.037379679,0.044706158425545955,SRD,dual_type,SRD-JiAn
SHCC290A,-0.057899026,-0.096044936,-0.038025447,SRD,dual_type,SRD-JiAn
SHCC291A,-0.343930021,0.3031455209095467,0.0616540085276391,SRD,dual_type,SRD-JiAn
SHCC292A,-0.050015202,-0.073368277,-0.020760033,SRD,dual_type,SRD-JiAn
SHCC293A,-0.083696964,-0.030789569,0.02266466990594557,SRD,dual_type,SRD-JiAn
SHCC294A,-0.314847247,0.4340330885124836,0.005601810708164758,SRD,dual_type,SRD-JiAn
SHCC295A,-0.342671521,0.30496992075511703,0.033747304367358406,SRD,dual_type,SRD-JiAn
SHCC296A,-0.071948969,-0.073152643,-0.055070225,SRD,dual_type,SRD-JiAn
SHCC297B,-0.014415673,-0.091485605,-0.002794347,SRD,dual_type,SRD-JiAn
SHCC298A,-0.058349216,-0.008442402,0.02138937739720406,SRD,dual_type,SRD-JiAn
SHCC299B,0.08658426959741294,9.75163062396342e-4,0.131532641626348,SRD,dual_type,SRD-JiAn
SHCC29A,0.10751226551405778,-0.003375741,0.14271921689656594,SRD,dual_type,SRD-JiAn
SHCC2A,-0.245735605,0.05763480687085861,0.0693910303557962,SRD,dual_type,SRD-JiAn
SHCC300A,-0.031091223,-0.121792697,-0.068258646,SRD,dual_type,SRD-JiAn
SHCC30A,-0.133492823,-0.039685596,-0.019784458,SRD,dual_type,SRD-JiAn
SHCC31A,0.05219453825735983,-0.060087833,0.05305659180642218,SRD,dual_type,SRD-JiAn
SHCC32A,-0.084861763,-0.085083425,-0.085248907,SRD,dual_type,SRD-JiAn
SHCC33A,0.039065965523908314,-0.081128345,-0.023140485,SRD,dual_type,SRD-JiAn
SHCC34A,-0.273561496,0.197714929257093,0.10339677184805379,SRD,dual_type,SRD-JiAn
SHCC35A,0.054954008269932166,-0.049164824,0.02479012768450652,SRD,dual_type,SRD-JiAn
SHCC36A,-0.04155398,-0.075327749,0.006269231971017094,SRD,dual_type,SRD-JiAn
SHCC37A,-0.272648009,0.11279456612143281,0.04177335219007729,SRD,dual_type,SRD-JiAn
SHCC38A,4.148174562132385e-4,-0.081664041,-0.008536613,SRD,dual_type,SRD-JiAn
SHCC39A,0.022897869151888704,-0.097540655,-0.043106805,SRD,dual_type,SRD-JiAn
SHCC3A,-0.014987934,-0.068972004,0.023380788739317523,SRD,dual_type,SRD-JiAn
SHCC40A,-0.360655333,0.26120142531270957,0.03246941821849464,SRD,dual_type,SRD-JiAn
SHCC41A,0.03422959019782673,-0.072520238,0.026607213614142047,SRD,dual_type,SRD-JiAn
SHCC42A,0.025633700814697378,-0.043989184,0.040603168204025,SRD,dual_type,SRD-JiAn
SHCC43A,-0.029044194,-0.07484606,0.005477464873370932,SRD,dual_type,SRD-JiAn
SHCC44A,0.146875113457794,0.018873089325179775,0.14346930426609505,SRD,dual_type,SRD-JiAn
SHCC45A,0.08981585287046835,-0.018594235,0.13583305144435553,SRD,dual_type,SRD-JiAn
SHCC46B,0.06625527960412886,-0.046268779,0.09778833583590102,SRD,dual_type,SRD-JiAn
SHCC47A,0.04934377304363376,-0.08354435,0.039079166595259014,SRD,dual_type,SRD-JiAn
SHCC48A,-0.168406741,0.018371127428186057,0.0943047961118981,SRD,dual_type,SRD-JiAn
SHCC49A,-0.050708573,-0.062230888,0.0071595555383542194,SRD,dual_type,SRD-JiAn
SHCC4A,0.08454961290017786,-0.119903757,-0.03235101,SRD,dual_type,SRD-JiAn
SHCC50A,-9.66E-04,-0.082336703,0.005995371728517454,SRD,dual_type,SRD-JiAn
SHCC51A,0.04754311595249692,-0.099019127,-0.005626896,SRD,dual_type,SRD-JiAn
SHCC52A,-0.081670732,-0.016882824,0.0812925625049273,SRD,dual_type,SRD-JiAn
SHCC53A,-0.040954625,-0.087477656,-0.005961659,SRD,dual_type,SRD-JiAn
SHCC54A,0.028136262972918578,-0.120633394,-0.058764758,SRD,dual_type,SRD-JiAn
SHCC55A,-0.086042911,-0.06865853,-0.019435048,SRD,dual_type,SRD-JiAn
SHCC56A,-0.045905871,-0.0517694,-0.012424978,SRD,dual_type,SRD-JiAn
SHCC57B,0.28760549988536843,0.19097990724934014,0.22655450956615047,SRD,dual_type,SRD-JiAn
SHCC58A,-0.083209819,-0.081453421,-0.07959505,SRD,dual_type,SRD-JiAn
SHCC59A,-0.097674522,-0.011143848,-0.042427167,SRD,dual_type,SRD-JiAn
SHCC5A,0.01060096460258713,-0.111704287,-0.069510708,SRD,dual_type,SRD-JiAn
SHCC60A,-0.112206098,0.002861535307445185,0.012781166251370766,SRD,dual_type,SRD-JiAn
SHCC61A,-0.115561357,-0.071680077,-0.056802658,SRD,dual_type,SRD-JiAn
SHCC62A,-0.228355111,0.031912401804866694,0.062457941064933,SRD,dual_type,SRD-JiAn
SHCC63A,-0.099416247,-0.029252554,0.042324717984986604,SRD,dual_type,SRD-JiAn
SHCC64A,-0.097904723,0.001259676830465667,0.11018363316106983,SRD,dual_type,SRD-JiAn
SHCC65A,0.07678018975680106,-0.094042461,-0.010856156,SRD,dual_type,SRD-JiAn
SHCC66A,0.023348439398883956,-0.073095953,0.05011442343441563,SRD,dual_type,SRD-JiAn
SHCC67A,-0.068110624,-0.042153385,-0.036871455,SRD,dual_type,SRD-JiAn
SHCC68A,-0.117885676,-0.025417964,0.03469813677112057,SRD,dual_type,SRD-JiAn
SHCC69B,-0.023420582,-0.072869844,-0.156467237,SRD,dual_type,SRD-JiAn
SHCC6A,-0.101753687,-4.85E-04,-0.063601244,SRD,dual_type,SRD-JiAn
SHCC70A,-0.063674323,-0.039765903,0.04010498805963332,SRD,dual_type,SRD-JiAn
SHCC71A,-0.001224453,-0.070057719,0.014151020000259272,SRD,dual_type,SRD-JiAn
SHCC72A,-0.22772588,0.06369598239960082,0.0063285548144101705,SRD,dual_type,SRD-JiAn
SHCC73A,0.08628418372789566,-0.036467757,0.09024416848049993,SRD,dual_type,SRD-JiAn
SHCC74A,0.0299430639593608,-0.063809677,0.041058431507947094,SRD,dual_type,SRD-JiAn
SHCC75A,0.05413436053127136,-0.019424995,0.11674405382854992,SRD,dual_type,SRD-JiAn
SHCC76A,0.06670923421559606,-0.064793273,0.026863223761615696,SRD,dual_type,SRD-JiAn
SHCC77B,-0.024457588,-0.078091984,0.008236988338369913,SRD,dual_type,SRD-JiAn
SHCC78A,0.02394691712613742,-0.07955537,0.04024817333139306,SRD,dual_type,SRD-JiAn
SHCC79A,-0.101138301,-0.056729903,0.00917650201627359,SRD,dual_type,SRD-JiAn
SHCC7A,-0.007577988,-0.070800334,-0.106550861,SRD,dual_type,SRD-JiAn
SHCC80A,-0.105541328,0.02806395536548214,-0.060966603,SRD,dual_type,SRD-JiAn
SHCC81A,-0.025337593,-0.032898571,-0.15948277,SRD,dual_type,SRD-JiAn
SHCC82A,0.10238719909929278,-0.068406469,-0.009476522,SRD,dual_type,SRD-JiAn
SHCC83A,0.012023410100095017,-0.09037776,-0.054334852,SRD,dual_type,SRD-JiAn
SHCC84A,-0.118928827,-0.004268534,0.06097881245829726,SRD,dual_type,SRD-JiAn
SHCC85B,-0.011371674,-0.045766573,0.03896404466599712,SRD,dual_type,SRD-JiAn
SHCC86A,0.17422022562818013,0.004766083540780461,0.11937683831151553,SRD,dual_type,SRD-JiAn
SHCC87A,-0.066976195,-0.074043636,-0.03255368,SRD,dual_type,SRD-JiAn
SHCC88B,-0.011469775,-0.09655592,-0.014735966,SRD,dual_type,SRD-JiAn
SHCC89A,-0.047567545,-0.050797388,0.023151759590263762,SRD,dual_type,SRD-JiAn
SHCC8A,-0.049591922,-0.071686673,-0.136605979,SRD,dual_type,SRD-JiAn
SHCC90A,-2.12E-04,-0.031472691,0.0756110303849145,SRD,dual_type,SRD-JiAn
SHCC91A,-0.053826318,-0.07460305,-0.03718809,SRD,dual_type,SRD-JiAn
SHCC92A,-0.001733102,-0.073051776,0.01335160336034599,SRD,dual_type,SRD-JiAn
SHCC93A,-0.05595674,-0.070119701,0.005369772945736112,SRD,dual_type,SRD-JiAn
SHCC94A,-0.118339798,-0.036962804,0.029750338730473367,SRD,dual_type,SRD-JiAn
SHCC95A,-0.006183185,-0.063287869,0.014665172854637627,SRD,dual_type,SRD-JiAn
SHCC96A,-0.191301259,0.0181039274895559,-0.051176765,SRD,dual_type,SRD-JiAn
SHCC97A,-0.138357323,-0.036817011,0.025999470747163862,SRD,dual_type,SRD-JiAn
SHCC98A,-0.029590931,-0.115150713,-0.074461275,SRD,dual_type,SRD-JiAn
SHCC99A,0.030958278452759343,-0.087782906,-0.013984274,SRD,dual_type,SRD-JiAn
SHCC9A,0.23819849018462663,0.14237617523263832,0.2260219991544316,SRD,dual_type,SRD-JiAn
SRR28497695,0.14952326539355634,0.020031370227687726,-0.030755602,MSD,meat_type,MSD-ZheJiang
SRR28497696,0.359342236511296,0.053529932201013604,-0.052925968,MSD,meat_type,MSD-ZheJiang
SRR28497697,0.3140280256291767,0.041917878336704996,-0.0047901,MSD,meat_type,MSD-ZheJiang
SRR28497698,0.2587245794056491,0.05941656507243755,0.07963489014299638,MSD,meat_type,MSD-ZheJiang
SRR28497699,0.3137386543754448,0.0891335757983434,0.009283191453148928,MSD,meat_type,MSD-ZheJiang
SRR28497700,0.21842805200972468,0.030437095267796487,-0.078064838,MSD,meat_type,MSD-ZheJiang
SRR28497701,0.34800620551154043,0.05487586207324198,-0.049388726,MSD,meat_type,MSD-ZheJiang
SRR28497702,0.19933094619910227,0.054516371116003645,0.10246192863419928,MSD,meat_type,MSD-ZheJiang
SRR28497703,0.16505415088304123,0.01511771573930643,-0.020913277,MSD,meat_type,MSD-ZheJiang
SRR28497704,0.3152829769780026,0.0713826792076559,-0.068436444,MSD,meat_type,MSD-ZheJiang
SRR29449358,0.1306675635622657,-0.01232298,-0.031293786,PKD,meat_type,PKD-HeiLongJiang
SRR29449359,0.08134417266074667,-0.079445871,-0.075268985,PKD,meat_type,PKD-HeiLongJiang
SRR29449360,0.24249775609226867,-0.002952873,-0.054960492,PKD,meat_type,PKD-HeiLongJiang
SRR29449361,0.13357464299806765,-0.016235836,-0.140968671,PKD,meat_type,PKD-HeiLongJiang
SRR29449362,0.16399803142020322,-0.003309099,-0.027713212,PKD,meat_type,PKD-HeiLongJiang
SRR29449363,-0.069063097,0.09727956917351173,0.042581964297730576,PKD,meat_type,PKD-HeiLongJiang
SRR29449364,0.03000429717830855,0.058463655518379544,0.0054795717090940065,PKD,meat_type,PKD-HeiLongJiang
SRR29449369,0.2221190542172892,0.07972515792253719,-0.00219882,PKD,meat_type,PKD-HeiLongJiang
SRR29449378,0.19577647768649653,-0.006391751,-0.135217597,PKD,meat_type,PKD-HeiLongJiang
SRR29449379,0.20560053548061433,-0.018285159,-0.065707008,PKD,meat_type,PKD-HeiLongJiang
SRR29449380,0.03709499410634509,0.07058081971658589,-0.022072464,PKD,meat_type,PKD-HeiLongJiang
SRR29449381,0.08502604267422796,0.12516802410263603,0.009852015698406717,PKD,meat_type,PKD-HeiLongJiang
SRR29449914,0.05491228236948995,-0.047899917,-0.177123593,MAL,MAL,MAL-HaiYan
SRR29449915,-0.013671912,-0.103310809,-0.189848804,MAL,MAL,MAL-HaiYan
SRR29449916,-0.037196837,-0.074478089,-0.244806071,MAL,MAL,MAL-HaiYan
SRR29449917,0.09905880650992865,0.003129191481013187,-0.160070687,MAL,MAL,MAL-HaiYan
SRR29449918,0.07032518211941842,-0.053397146,-0.151778088,MAL,MAL,MAL-HaiYan
SRR29449919,0.050496498636970574,-0.10080809,-0.142346804,MAL,MAL,MAL-HaiYan
SRR29449920,0.08795970838205795,-0.053154358,-0.087634025,MAL,MAL,MAL-HaiYan
SRR29536163,0.3766094527668955,0.15366985136297281,0.01789247630688103,MSD,meat_type,MSD-ShangHai
SRR29536164,0.3960046399912342,0.13427406657685056,-0.082370583,MSD,meat_type,MSD-ShangHai
SRR29536165,0.3871647133609792,0.17575927187050103,0.01406677883729134,MSD,meat_type,MSD-ShangHai
SRR29536166,0.36561762115973057,0.10842134486911603,-0.00840346,MSD,meat_type,MSD-ShangHai
SRR29536167,0.3817869278751177,0.12163129663309047,-0.036039064,MSD,meat_type,MSD-ShangHai
SRR29536168,0.3325307738866502,0.12877711195837743,0.06352092855295192,MSD,meat_type,MSD-ShangHai
SRR29536169,0.36978735553063924,0.1287534136344449,-0.001374391,MSD,meat_type,MSD-ShangHai
SRR29536170,0.11436663191436082,0.6335440299482371,-0.398828506,PKD,meat_type,PKD-ShanDong
SRR29536171,-0.01723462,0.5885516045012431,-0.311697613,PKD,meat_type,PKD-ShanDong
SRR29536172,-0.179453897,0.5207163335861631,-0.216391496,PKD,meat_type,PKD-ShanDong
SRR29536174,0.1805621994284663,0.45780925493557584,-0.247060813,PKD,meat_type,PKD-ShanDong
SRR29536175,0.10321440293957938,0.6350646948049417,-0.397399664,PKD,meat_type,PKD-ShanDong
SRR29536176,0.07414630442890863,0.44596011651872153,-0.238234957,PKD,meat_type,PKD-ShanDong
SRR29536177,0.29684264929983645,0.27074783781189127,0.12994574173968493,PKD,meat_type,PKD-ShanDong
SRR29536178,-0.022265846,0.5974365020401742,-0.300778805,PKD,meat_type,PKD-ShanDong
SRR29536179,0.37591856579223004,0.09947557062398492,-0.060438634,MSD,meat_type,MSD-ShangHai
SRR29536180,0.1755849858135764,0.1674108376685978,0.10055231900101982,PKD,meat_type,PKD-ShanDong
SRR29536181,0.23458976146276844,0.4696185881816197,-0.187016252,PKD,meat_type,PKD-ShanDong
SRR29536182,0.19191243297369048,-0.030017521,-0.165397506,MAL,MAL,MAL-HangZhou
SRR29536183,0.2893085834848069,0.12851286925974814,-0.199398669,MAL,MAL,MAL-HangZhou
SRR29536185,-0.00821822,-0.127096166,-0.14484624,MAL,MAL,MAL-HangZhou
SRR29536186,0.12951307680988264,-0.060831011,-0.049372434,MAL,MAL,MAL-HangZhou
SRR29536187,0.12315422102917797,-0.094974175,-0.151942395,MAL,MAL,MAL-HangZhou
SRR29536188,0.3908369517177362,0.12210035557328396,-0.098765533,MSD,meat_type,MSD-ShangHai
SRR29536189,0.37640112075655124,0.09492537129570842,-0.063170148,MSD,meat_type,MSD-ShangHai
SRR29536190,0.35025287593968063,0.112225100084807,0.026835206435960768,MSD,meat_type,MSD-ShangHai
SRR29536191,0.36168567350607744,0.15640637971380447,0.026815362334093023,MSD,meat_type,MSD-ShangHai
