SampleID,V1,V2,V3,breed,application,shape_id
CCH108A,0.0037450079216382356,-0.090588062,-0.024387066,LAD,dual_type,LAD-NanChang
CCH111-1A,0.01694952063723002,-0.06882873,-0.093019478,LAD,dual_type,LAD-NanChang
CCH112-2A,-0.041936257,-0.076509248,-0.018875852,LAD,dual_type,LAD-NanChang
CCH119-1A,0.05870761073330027,-0.06830663,-0.029626155,LAD,dual_type,LAD-NanChang
CCH127-1A,-0.015028973,-0.091713178,-0.104446026,LAD,dual_type,LAD-NanChang
CCH150-1B,-0.108491024,-0.103753298,-0.031565354,LAD,dual_type,LAD-NanChang
CCH151-2A,-0.050328347,-0.142385827,-0.154249166,LAD,dual_type,LAD-NanChang
CCH156-3B,-0.018263755,-0.11239943,-0.077134527,LAD,dual_type,LAD-NanChang
CCH157-2B,-0.117804265,-0.103020062,-0.023057638,LAD,dual_type,LAD-NanChang
CCH162-1A,-0.272851905,0.20788510630397644,0.18362060863316781,LAD,dual_type,LAD-NanChang
CCH180-3A,-0.026345669,-0.031402361,-0.003461437,LAD,dual_type,LAD-NanChang
CCH186-1A,-0.080948194,-0.069254029,-0.095075484,LAD,dual_type,LAD-NanChang
CCH209A,-0.08868896,-0.113806885,-0.140940358,LAD,dual_type,LAD-NanChang
CCH210A,-0.021410124,-0.068212338,-0.007258598,LAD,dual_type,LAD-NanChang
CCH212A,7.13687246252703e-4,-0.030325759,-0.00763227,LAD,dual_type,LAD-NanChang
CCH221-1A,-0.009994284,-0.089630332,-0.06758138,LAD,dual_type,LAD-NanChang
CCH227-3A,-0.060992976,-0.034790477,0.04226616493120768,LAD,dual_type,LAD-NanChang
CCH247A,-0.029991824,-0.071680573,-0.075372358,LAD,dual_type,LAD-NanChang
CCH250-2A,1.728093546188691e-4,-0.050335625,-0.027271426,LAD,dual_type,LAD-NanChang
CCH251-1A,-0.042461305,0.04981039477745094,0.07056553313178254,LAD,dual_type,LAD-NanChang
CCH258A,-0.126941575,-0.045790149,0.03242917538962615,LAD,dual_type,LAD-NanChang
CCH259-3A,-0.060940102,-0.006905133,0.0460084209505637,LAD,dual_type,LAD-NanChang
CCH263-2A,-0.054329215,-0.092502115,-0.038101671,LAD,dual_type,LAD-NanChang
CCH277-1A,-0.005959732,-0.095931724,-0.024925679,LAD,dual_type,LAD-NanChang
CCH287A,0.14076359719383394,0.09375146121005454,0.06850774826285055,LAD,dual_type,LAD-NanChang
CCH294-1A,-0.021818984,0.0040907210505593955,0.09182048603134237,LAD,dual_type,LAD-NanChang
CCH295-1A,-0.14577974,0.12288716476276997,0.14575521821211296,LAD,dual_type,LAD-NanChang
CCH306-2A,-0.044145129,-0.063303825,-0.014296946,LAD,dual_type,LAD-NanChang
CCH323-3A,-0.008887069,-0.054934188,-0.019978494,LAD,dual_type,LAD-NanChang
CCH324-4A,-0.029607189,-0.057149045,-0.014088964,LAD,dual_type,LAD-NanChang
CCH325-1A,0.010597574160142878,-0.104947016,-0.087167574,LAD,dual_type,LAD-NanChang
CCH326A,-0.069719941,-0.095636291,-0.073331626,LAD,dual_type,LAD-NanChang
CCH328A,-0.102986439,-0.081214047,-0.043018664,LAD,dual_type,LAD-NanChang
CCH340-2A,0.009168020157854125,-0.093508316,-0.058037074,LAD,dual_type,LAD-NanChang
CCH346-1A,0.02049687828915477,-0.080207481,-0.014342323,LAD,dual_type,LAD-NanChang
CCH57A,-0.045219375,-0.091223203,-0.086206856,LAD,dual_type,LAD-NanChang
CCH74-3A,0.0844961592063232,-0.057165234,-0.029954851,LAD,dual_type,LAD-NanChang
CCH93-1A,0.019339943974971015,-0.09997855,-0.095857288,LAD,dual_type,LAD-NanChang
CCH95-1A,-0.004251458,-0.061679514,-0.101329017,LAD,dual_type,LAD-NanChang
CCS15B,0.08978370936199405,0.03353184928912244,0.10335862108432035,SXD,egg_type,SXD-ZhuJi
CCS16B,0.1477163169229268,0.15594666647353633,0.08932647692921426,SXD,egg_type,SXD-ZhuJi
CCS17A,0.16103597594831187,-0.031975798,0.016236418170665047,SXD,egg_type,SXD-ZhuJi
CCS18A,0.16926044429803563,0.03215444833642007,-0.011579287,SXD,egg_type,SXD-ZhuJi
CCS19A,0.018407312739581242,-0.060094323,0.043683971531340425,SXD,egg_type,SXD-ZhuJi
CCS20A,0.02171856879921763,0.07153135565083756,0.15784316046729258,SXD,egg_type,SXD-ZhuJi
CCS24A,0.10063765510658838,-0.025955497,0.03107479076860168,SXD,egg_type,SXD-ZhuJi
CCS25B,-0.014585557,0.12754230343761216,0.1694835679015491,SXD,egg_type,SXD-ZhuJi
CCS26A,0.23910036638457782,0.01686501321037152,-0.02426853,SXD,egg_type,SXD-ZhuJi
CCS27A,0.2603481781627552,0.11196986619073089,0.008717799164998248,SXD,egg_type,SXD-ZhuJi
CCS28B,0.1256709676829084,-0.056317902,0.003092610690296616,SXD,egg_type,SXD-ZhuJi
CCS29B,0.05247201218419591,0.023946791997130283,0.13372306973442066,SXD,egg_type,SXD-ZhuJi
CCS30A,0.14718675611624918,-0.073889652,-0.037095993,SXD,egg_type,SXD-ZhuJi
CCS34A,0.07487065839744612,-0.13548605,-0.100281946,SXD,egg_type,SXD-ZhuJi
CCY10A,-0.256325142,0.04982668996278873,0.060232239279612874,CVD,meat_type,CVD-XinYang
CCY11A,-0.200539773,-0.0240767,-0.034947087,CVD,meat_type,CVD-XinYang
CCY13A,-0.216983584,0.1623759744895417,0.1453311453085622,CVD,meat_type,CVD-XinYang
CCY17A,-0.165210834,0.006219776991693066,0.03707379637587643,CVD,meat_type,CVD-XinYang
CCY20A,-0.263870954,0.054102985713711915,0.1111657935880282,CVD,meat_type,CVD-XinYang
CCY23A,-0.288136584,0.0443291966483468,0.1126191014124448,CVD,meat_type,CVD-XinYang
CCY24A,-0.171371287,0.04819053575440098,0.11605504650939041,CVD,meat_type,CVD-XinYang
CCY25B,-0.220603696,-0.042892727,-0.028270973,CVD,meat_type,CVD-XinYang
CCY26A,-0.309057804,0.19561566210000889,0.18813494777624828,CVD,meat_type,CVD-XinYang
CCY27A,-0.143819633,-0.021820368,0.02063373041008508,CVD,meat_type,CVD-XinYang
CCY28A,-0.106003552,0.033774315483857245,0.016599818915020163,CVD,meat_type,CVD-XinYang
CCY30A,-0.154231362,0.08680809591915453,0.1507483339452592,CVD,meat_type,CVD-XinYang
CCY33B,-0.185368288,0.19797525765449211,0.15687346582424597,CVD,meat_type,CVD-XinYang
CCY34B,-0.211005708,-0.004190452,0.07371707033331977,CVD,meat_type,CVD-XinYang
CCY35B,-0.243214982,0.07651259043204758,0.08680452881396684,CVD,meat_type,CVD-XinYang
CCY36B,-0.225808596,0.13859231394527408,0.17743485790167668,CVD,meat_type,CVD-XinYang
CCY37A,-0.142976423,0.028779946456622654,0.057075476026439316,CVD,meat_type,CVD-XinYang
CCY39A,-0.281273976,0.06735223704105528,0.10795213062881098,CVD,meat_type,CVD-XinYang
CCY41B,-0.177613399,0.1517933487108006,0.172324215533647,CVD,meat_type,CVD-XinYang
CCY42A,-0.328487519,0.16720946771452222,0.17208415424741613,CVD,meat_type,CVD-XinYang
CCY43A,-0.226723062,0.16197654413513646,0.1659586258659193,CVD,meat_type,CVD-XinYang
CCY44A,-0.091244066,-0.072755987,0.0015261300520166357,CVD,meat_type,CVD-XinYang
CCY46B,-0.167035155,0.2069030179317391,0.12274739638024407,CVD,meat_type,CVD-XinYang
CCY47A,-0.272311017,-0.024213822,-0.018101719,CVD,meat_type,CVD-XinYang
CCY48A,-0.207959591,-0.053383157,-0.041551237,CVD,meat_type,CVD-XinYang
CCY49A,-0.348160936,0.23400214581974013,0.1826729661358751,CVD,meat_type,CVD-XinYang
CCY50A,-0.315899404,0.23335431553001715,0.21712146222364784,CVD,meat_type,CVD-XinYang
CCY6A,-0.19966053,-0.015083784,0.05652672368324423,CVD,meat_type,CVD-XinYang
CCY8A,-0.248964748,0.07523310625425653,0.10750252854636105,CVD,meat_type,CVD-XinYang
CCY9B,-0.194614042,-0.014172275,0.06181570737784025,CVD,meat_type,CVD-XinYang
SHCC100A,0.12624233146362213,-0.010344609,0.032713179480198515,SRD,dual_type,SRD-JiAn
SHCC101A,0.12904854677416788,-1.87E-05,0.0402856192508263,SRD,dual_type,SRD-JiAn
SHCC102A,0.06717079778134198,-0.056645443,0.01931999053360928,SRD,dual_type,SRD-JiAn
SHCC103A,0.07520381873910482,-0.116643305,-0.083025168,SRD,dual_type,SRD-JiAn
SHCC104A,0.07965178170046684,-0.048211386,-0.072853404,SRD,dual_type,SRD-JiAn
SHCC105A,-0.005525711,-0.065495931,-0.011658808,SRD,dual_type,SRD-JiAn
SHCC106A,-0.029890837,-0.067517982,0.06139180337580734,SRD,dual_type,SRD-JiAn
SHCC107A,0.2236147041050362,0.09911121194753487,0.05861881798505191,SRD,dual_type,SRD-JiAn
SHCC108A,0.07077608302905544,-0.067342757,-9.18E-04,SRD,dual_type,SRD-JiAn
SHCC109A,0.1847911591793716,0.2684624554409996,-0.065919028,SRD,dual_type,SRD-JiAn
SHCC10A,0.019697306109338595,-0.049151508,0.06112826290122077,SRD,dual_type,SRD-JiAn
SHCC110A,0.026125175230150354,-0.055296713,0.03323137470546753,SRD,dual_type,SRD-JiAn
SHCC111A,0.06691156361493428,-0.001884672,0.0597649309495977,SRD,dual_type,SRD-JiAn
SHCC112A,0.03816679735639353,-0.126505882,-0.096077692,SRD,dual_type,SRD-JiAn
SHCC113A,0.0699500900471756,-0.063272552,-0.058292483,SRD,dual_type,SRD-JiAn
SHCC114A,0.02354420016104267,-0.041360437,0.04997227066104815,SRD,dual_type,SRD-JiAn
SHCC115A,0.017465258401175743,0.012678898815539555,0.07036395917758229,SRD,dual_type,SRD-JiAn
SHCC116A,0.06218774235289073,-0.054652962,0.03817422398812366,SRD,dual_type,SRD-JiAn
SHCC117A,0.06400426140803331,-0.090084816,-0.023631092,SRD,dual_type,SRD-JiAn
SHCC118A,0.20047145521737622,0.47342534154319527,-0.18095424,SRD,dual_type,SRD-JiAn
SHCC119A,0.09254288343866474,-0.028121674,0.009767403219394554,SRD,dual_type,SRD-JiAn
SHCC11A,0.08873350306022469,-0.029216418,0.01468597231993665,SRD,dual_type,SRD-JiAn
SHCC120A,0.3365924727358159,0.3645361652160047,0.009105743151283307,SRD,dual_type,SRD-JiAn
SHCC121A,0.09809403720691309,-0.0353974,0.0016956082240680147,SRD,dual_type,SRD-JiAn
SHCC122B,-0.007764161,-0.046557378,0.06943607176005204,SRD,dual_type,SRD-JiAn
SHCC123A,0.15531109147375619,0.06029840852244197,0.10222565775889375,SRD,dual_type,SRD-JiAn
SHCC124B,0.014829039305824644,-0.099802417,-0.037950422,SRD,dual_type,SRD-JiAn
SHCC125A,0.12449791938974908,-0.037593448,0.0265126267303723,SRD,dual_type,SRD-JiAn
SHCC126A,0.04174006467043688,-0.074218066,-0.007119201,SRD,dual_type,SRD-JiAn
SHCC127A,0.28432490634707175,0.3406610285291804,0.05078827852036859,SRD,dual_type,SRD-JiAn
SHCC128A,0.04267957793014352,-0.036385895,-0.006116929,SRD,dual_type,SRD-JiAn
SHCC129A,0.3313481341099288,0.2757412132435598,4.360531866152064e-4,SRD,dual_type,SRD-JiAn
SHCC12A,0.07426242411761322,-0.104829766,-0.085582752,SRD,dual_type,SRD-JiAn
SHCC130A,0.13844382841674321,0.04176461969751199,0.051750437459869666,SRD,dual_type,SRD-JiAn
SHCC131A,0.15912127902375497,0.011315311675210674,0.007999660185053912,SRD,dual_type,SRD-JiAn
SHCC132A,0.1255608967606768,-0.081834403,-0.085656239,SRD,dual_type,SRD-JiAn
SHCC133A,0.20766367610389785,0.04654482569354178,0.040069462930089804,SRD,dual_type,SRD-JiAn
SHCC134A,0.21536879404177867,0.10322536889028205,0.0399451135882521,SRD,dual_type,SRD-JiAn
SHCC135A,0.04887005774828584,-0.106653659,-0.057976674,SRD,dual_type,SRD-JiAn
SHCC136A,0.046542819600737105,0.006771292244692518,0.06810010961694504,SRD,dual_type,SRD-JiAn
SHCC137A,0.09886338748459596,-0.069674126,-0.001454858,SRD,dual_type,SRD-JiAn
SHCC138A,0.01631568190048052,-0.08997696,-0.061895068,SRD,dual_type,SRD-JiAn
SHCC139A,-0.035388302,-0.091411952,0.020616044135069855,SRD,dual_type,SRD-JiAn
SHCC13A,0.08786126072817046,-0.014545934,0.061830789021214805,SRD,dual_type,SRD-JiAn
SHCC140A,0.13773072869900413,-0.027222435,0.004794457360871174,SRD,dual_type,SRD-JiAn
SHCC141A,0.012853542359647745,-0.133515375,-0.066003446,SRD,dual_type,SRD-JiAn
SHCC142B,0.02372079934943029,-0.017581029,0.11162777577174274,SRD,dual_type,SRD-JiAn
SHCC143A,0.04433103626035614,-0.023980399,0.04281829753985363,SRD,dual_type,SRD-JiAn
SHCC144A,0.1273220376967334,-0.00275742,0.05139798474941612,SRD,dual_type,SRD-JiAn
SHCC145A,0.21913942625782803,0.07564487800772453,0.036553346101754675,SRD,dual_type,SRD-JiAn
SHCC146A,0.018702528781002096,-0.022745164,0.0802291804675222,SRD,dual_type,SRD-JiAn
SHCC147A,0.10029326782172236,-0.036953045,-0.025212757,SRD,dual_type,SRD-JiAn
SHCC148A,0.03156391998713806,-0.064621517,-0.033434718,SRD,dual_type,SRD-JiAn
SHCC149A,0.05260220150255681,-0.095451529,-0.05356753,SRD,dual_type,SRD-JiAn
SHCC14A,0.25416579625356583,0.4125254066390396,0.049301269983207094,SRD,dual_type,SRD-JiAn
SHCC150A,0.07622392395059846,-0.055875106,0.023886737310493473,SRD,dual_type,SRD-JiAn
SHCC151A,0.04965644602532235,-0.046410492,0.044467337769884804,SRD,dual_type,SRD-JiAn
SHCC152A,0.11967865732331269,0.022518720121657412,-0.005490755,SRD,dual_type,SRD-JiAn
SHCC153A,0.16038130557268981,0.004534626656148635,-0.025927671,SRD,dual_type,SRD-JiAn
SHCC154A,0.07668454250505297,0.005273853850904679,0.08092303315616486,SRD,dual_type,SRD-JiAn
SHCC155A,0.06886414158906384,-0.050629546,-0.01677985,SRD,dual_type,SRD-JiAn
SHCC156A,0.08042842066522585,-0.0811126,-0.016362245,SRD,dual_type,SRD-JiAn
SHCC157B,0.13718648143839227,-0.022463941,-0.007230359,SRD,dual_type,SRD-JiAn
SHCC158A,0.20914314826899788,0.10586799617760541,0.07084018527181962,SRD,dual_type,SRD-JiAn
SHCC159A,0.14514963528757563,-0.030869585,0.0064550154852357315,SRD,dual_type,SRD-JiAn
SHCC15A,-0.06778644,0.030859250512625225,0.12290661947847137,SRD,dual_type,SRD-JiAn
SHCC160B,0.1560789825650828,0.1091706048754601,0.05081718872701898,SRD,dual_type,SRD-JiAn
SHCC161A,0.06574429179003351,-0.073371453,-0.00777104,SRD,dual_type,SRD-JiAn
SHCC162A,0.014289991639558871,-0.135039869,-0.061109463,SRD,dual_type,SRD-JiAn
SHCC163A,0.06218292813513437,0.018740429159549352,0.02997726140083803,SRD,dual_type,SRD-JiAn
SHCC164B,0.023188664575117122,-0.043220464,0.0550868452441006,SRD,dual_type,SRD-JiAn
SHCC165A,0.05490926100493377,-0.016523555,0.059918870272710825,SRD,dual_type,SRD-JiAn
SHCC166A,-0.090560171,-0.006489854,0.14729706968242526,SRD,dual_type,SRD-JiAn
SHCC167A,-0.143864494,-0.053387125,0.08281034388493679,SRD,dual_type,SRD-JiAn
SHCC168A,0.008457012230858159,-0.064928077,-0.053608009,SRD,dual_type,SRD-JiAn
SHCC169A,0.1398568515968521,0.029103086536120353,0.040680491429697034,SRD,dual_type,SRD-JiAn
SHCC16A,0.08455431376327505,-0.08798704,-0.139428801,SRD,dual_type,SRD-JiAn
SHCC170A,0.1689374018451115,-0.018052363,0.010096830896910146,SRD,dual_type,SRD-JiAn
SHCC171A,0.016126305556004222,-0.05372493,0.046606624122936965,SRD,dual_type,SRD-JiAn
SHCC172A,0.22697861899751579,0.11931026002328923,0.0896775885822028,SRD,dual_type,SRD-JiAn
SHCC173A,0.23077698160161156,0.1609136722101655,0.042847655003621116,SRD,dual_type,SRD-JiAn
SHCC174A,0.1464679702941461,-0.018418563,-0.01064805,SRD,dual_type,SRD-JiAn
SHCC175A,-0.019276669,-0.102944543,-0.022747303,SRD,dual_type,SRD-JiAn
SHCC176A,0.04903801541749531,0.009666771674091105,0.06442579933423678,SRD,dual_type,SRD-JiAn
SHCC177A,0.0422568972488434,-0.105150332,-0.026198389,SRD,dual_type,SRD-JiAn
SHCC178A,0.06772706833185327,-0.058208813,-0.172619092,SRD,dual_type,SRD-JiAn
SHCC179A,-0.01148295,0.012547618129512881,-0.01362999,SRD,dual_type,SRD-JiAn
SHCC17A,0.0797649409534036,-0.080003791,-0.075423378,SRD,dual_type,SRD-JiAn
SHCC180A,0.0058780153697003635,-0.073010133,0.03389111649221126,SRD,dual_type,SRD-JiAn
SHCC181A,-0.017479536,-0.099215118,-0.04167169,SRD,dual_type,SRD-JiAn
SHCC182A,0.10325045454640334,-0.037639615,0.03660662505656812,SRD,dual_type,SRD-JiAn
SHCC183A,0.20301833854926118,0.07598575406477581,0.06139321104316549,SRD,dual_type,SRD-JiAn
SHCC184A,0.004269822338044951,-0.075975254,0.031009607591557995,SRD,dual_type,SRD-JiAn
SHCC185B,-0.093204951,0.0017614903077137693,0.12877879471646453,SRD,dual_type,SRD-JiAn
SHCC186A,0.04507446824829287,-0.091755821,-0.015306514,SRD,dual_type,SRD-JiAn
SHCC187A,0.1053302032597219,-0.004478572,0.05850174856102275,SRD,dual_type,SRD-JiAn
SHCC188A,0.05478887572358712,-0.041005273,0.006440477363847233,SRD,dual_type,SRD-JiAn
SHCC189A,0.028688266921722924,-0.05759202,-0.046886197,SRD,dual_type,SRD-JiAn
SHCC18A,0.04650059577958483,-0.092786693,-0.116693568,SRD,dual_type,SRD-JiAn
SHCC190A,0.028999944598551385,-0.096379885,-0.035242646,SRD,dual_type,SRD-JiAn
SHCC191A,-0.002650652,-0.10098765,-0.019073492,SRD,dual_type,SRD-JiAn
SHCC192A,0.022001690141677337,-0.10087384,-0.008542283,SRD,dual_type,SRD-JiAn
SHCC193A,0.06853835882216208,-0.076288596,-0.005914001,SRD,dual_type,SRD-JiAn
SHCC194A,0.10047822776339028,-0.046958882,0.03532768808207868,SRD,dual_type,SRD-JiAn
SHCC195A,0.10242869873512553,0.033665065336314914,-0.091130144,SRD,dual_type,SRD-JiAn
SHCC196A,-0.14746803,0.003166675697800108,0.1348120567076378,SRD,dual_type,SRD-JiAn
SHCC197A,0.03290156606526257,-0.094700535,-0.024606661,SRD,dual_type,SRD-JiAn
SHCC198A,0.1531134364968051,0.010949906723138711,0.053650489082291704,SRD,dual_type,SRD-JiAn
SHCC199A,-0.021600046,-0.064574369,-0.014991268,SRD,dual_type,SRD-JiAn
SHCC19A,0.23169174567917236,0.2902410631354453,0.0809915805316392,SRD,dual_type,SRD-JiAn
SHCC1A,-0.009395245,-0.127912322,-0.061563382,SRD,dual_type,SRD-JiAn
SHCC200A,0.078146488272712325,-0.001217709,0.046867851282867426,SRD,dual_type,SRD-JiAn
SHCC201A,-0.026424851,-0.09865042,0.004538093082468573,SRD,dual_type,SRD-JiAn
SHCC202A,-0.00252546,-0.097692685,0.022975053208814676,SRD,dual_type,SRD-JiAn
SHCC203A,0.04780304700427738,-0.027432355,0.05086549666323431,SRD,dual_type,SRD-JiAn
SHCC204B,-0.053209001,-0.083405242,-1.82E-04,SRD,dual_type,SRD-JiAn
SHCC205A,0.031146465670295047,-0.049657517,0.025483344940971927,SRD,dual_type,SRD-JiAn
SHCC206A,-0.010067444,-0.081031081,0.02906513053019464,SRD,dual_type,SRD-JiAn
SHCC207A,0.030985500954681767,-0.066518852,0.014838027139440161,SRD,dual_type,SRD-JiAn
SHCC208A,0.04230777667108112,-0.069447735,-0.013017221,SRD,dual_type,SRD-JiAn
SHCC209A,0.042884021633155474,-0.013769073,-0.010314912,SRD,dual_type,SRD-JiAn
SHCC20A,0.14474281243382509,0.009465097045315507,0.06265639916315002,SRD,dual_type,SRD-JiAn
SHCC210A,-0.048771624,-0.065913051,-0.030074599,SRD,dual_type,SRD-JiAn
SHCC211A,0.13680539887547163,0.0352542894516013,0.009198332995790823,SRD,dual_type,SRD-JiAn
SHCC212A,-0.008582833,-0.071075444,-0.004257817,SRD,dual_type,SRD-JiAn
SHCC213A,0.060169746376102465,0.00679732035013104,0.023223070551001302,SRD,dual_type,SRD-JiAn
SHCC214A,0.07243235369779863,-0.008169487,0.00901917299359514,SRD,dual_type,SRD-JiAn
SHCC215A,0.13914510409710384,0.03763366953889653,0.03901685667862399,SRD,dual_type,SRD-JiAn
SHCC216A,0.09338723227254477,-0.066987735,-0.011680847,SRD,dual_type,SRD-JiAn
SHCC217A,-0.038885094,-0.037934194,-0.040735312,SRD,dual_type,SRD-JiAn
SHCC218A,0.0394135689649984,0.04504807425922937,0.05873608705085992,SRD,dual_type,SRD-JiAn
SHCC219A,0.002770948358693967,-0.043693158,0.047629982458912416,SRD,dual_type,SRD-JiAn
SHCC21A,0.20405270589414892,0.30846054581154597,0.04488646861627145,SRD,dual_type,SRD-JiAn
SHCC220A,0.21923892711582807,0.16417512882720617,0.09263043738987434,SRD,dual_type,SRD-JiAn
SHCC221A,0.05493554241424137,-0.018400704,0.06236606680434137,SRD,dual_type,SRD-JiAn
SHCC222A,0.1023798215475852,-0.046589572,-0.008451341,SRD,dual_type,SRD-JiAn
SHCC223A,0.09848652835347949,0.025569725602381316,0.07395912993131996,SRD,dual_type,SRD-JiAn
SHCC224A,-0.01061154,-0.080541677,0.04663654238259625,SRD,dual_type,SRD-JiAn
SHCC225B,0.08153313394952595,-0.065069463,-0.034321873,SRD,dual_type,SRD-JiAn
SHCC226A,0.04046835364210229,-0.083010752,-0.112733771,SRD,dual_type,SRD-JiAn
SHCC227A,0.02201527772254789,-0.104980732,-0.157416243,SRD,dual_type,SRD-JiAn
SHCC228A,-0.001076122,-0.080411196,-0.008129465,SRD,dual_type,SRD-JiAn
SHCC229A,0.03864069549434955,-0.042862107,0.01114216097563456,SRD,dual_type,SRD-JiAn
SHCC22A,0.28301213406674747,0.40770947262624024,-0.07208938,SRD,dual_type,SRD-JiAn
SHCC230A,0.05242920305352352,-0.093130465,-0.051244507,SRD,dual_type,SRD-JiAn
SHCC231A,0.07638782222422494,-0.087292165,-0.112466493,SRD,dual_type,SRD-JiAn
SHCC232A,0.030590980180203568,-0.059112178,0.01297887029351455,SRD,dual_type,SRD-JiAn
SHCC233A,0.2604545106170076,0.22949391191868082,0.07287736927903357,SRD,dual_type,SRD-JiAn
SHCC234B,0.09226230908743904,-0.059655287,-0.006701258,SRD,dual_type,SRD-JiAn
SHCC235A,-0.009500782,-0.119243932,-0.188391983,SRD,dual_type,SRD-JiAn
SHCC236A,0.046928917830069805,0.01717365069702508,0.030753099091245826,SRD,dual_type,SRD-JiAn
SHCC237A,0.24959763219948303,0.1489629426489061,0.07675288604980265,SRD,dual_type,SRD-JiAn
SHCC238A,0.06444959204855956,0.011974008121709998,0.05073569598738704,SRD,dual_type,SRD-JiAn
SHCC239A,0.24215819053196372,0.257943645447231,0.09620910550403923,SRD,dual_type,SRD-JiAn
SHCC23A,0.19266473601352296,0.0732183900866136,0.07824763117256466,SRD,dual_type,SRD-JiAn
SHCC240A,0.030846700946815797,-0.037875821,-0.016538232,SRD,dual_type,SRD-JiAn
SHCC241A,0.05663716380820617,-0.059154045,-0.090756744,SRD,dual_type,SRD-JiAn
SHCC242A,0.007691263109940368,-0.092449157,-0.022630805,SRD,dual_type,SRD-JiAn
SHCC243A,-0.005374504,-0.112719488,-0.059023773,SRD,dual_type,SRD-JiAn
SHCC244A,-0.01217276,-0.067297546,0.03798092420860271,SRD,dual_type,SRD-JiAn
SHCC245A,0.2062379226121992,0.247360357193877,0.01993607960167878,SRD,dual_type,SRD-JiAn
SHCC246A,0.03507151581272147,-0.089745935,-0.013596435,SRD,dual_type,SRD-JiAn
SHCC247A,0.06781979309324344,-0.02935739,0.05583666189852126,SRD,dual_type,SRD-JiAn
SHCC248A,0.02442172041863117,-0.042738868,0.05499908453559783,SRD,dual_type,SRD-JiAn
SHCC249A,0.04054831101391749,-0.110775598,-0.139984739,SRD,dual_type,SRD-JiAn
SHCC24A,0.09117862326651634,-0.005092858,0.04542417322082493,SRD,dual_type,SRD-JiAn
SHCC250A,0.05189982934390229,-0.100929882,-0.010193805,SRD,dual_type,SRD-JiAn
SHCC251B,-0.035910039,-0.065741697,0.02141159595513476,SRD,dual_type,SRD-JiAn
SHCC252A,-0.003185701,-0.119464842,-0.030844103,SRD,dual_type,SRD-JiAn
SHCC253A,0.04183396928827137,-0.114838891,-0.117516813,SRD,dual_type,SRD-JiAn
SHCC254B,-0.11287048,-0.061651718,0.061071778919421546,SRD,dual_type,SRD-JiAn
SHCC255B,0.08138063336076705,0.027066641481587477,0.0806336528637533,SRD,dual_type,SRD-JiAn
SHCC256A,0.029044219092543413,-0.095665599,-0.002203682,SRD,dual_type,SRD-JiAn
SHCC257A,0.12412911196924321,-0.024055117,0.04576547638293872,SRD,dual_type,SRD-JiAn
SHCC258A,0.08936000060106387,-0.091326988,-0.069130129,SRD,dual_type,SRD-JiAn
SHCC259A,0.014073727582804313,-0.025766002,0.0645241079625167,SRD,dual_type,SRD-JiAn
SHCC25A,0.028777759772132983,-0.056033583,0.06449870732596225,SRD,dual_type,SRD-JiAn
SHCC260A,0.14642511752961904,-0.013204279,-0.009708579,SRD,dual_type,SRD-JiAn
SHCC261A,0.04214724071641109,-0.134877847,-0.088409751,SRD,dual_type,SRD-JiAn
SHCC262A,0.011409352529642026,-0.12987656,-0.083456727,SRD,dual_type,SRD-JiAn
SHCC263A,0.04513478248574647,-0.012706674,0.0993995792706508,SRD,dual_type,SRD-JiAn
SHCC264A,-0.024070714,-0.057389784,0.08935441474209345,SRD,dual_type,SRD-JiAn
SHCC265A,0.048403174529542535,-0.125731364,-0.223451094,SRD,dual_type,SRD-JiAn
SHCC266B,-0.010529807,-0.086935802,0.010767073587237044,SRD,dual_type,SRD-JiAn
SHCC267A,-0.023687892,-0.012249155,0.13268608646093466,SRD,dual_type,SRD-JiAn
SHCC268A,0.09655171385545543,-0.085231949,-0.059086591,SRD,dual_type,SRD-JiAn
SHCC269A,0.11993739160289539,0.22078413298080424,-0.081582455,SRD,dual_type,SRD-JiAn
SHCC26B,-0.111255793,-0.052542151,0.09008932743700526,SRD,dual_type,SRD-JiAn
SHCC270A,0.03104031046884286,-0.082827584,-0.032082389,SRD,dual_type,SRD-JiAn
SHCC271B,-0.043479595,-0.094705825,-0.005700011,SRD,dual_type,SRD-JiAn
SHCC272B,-0.037562332,-0.13276366,-0.051690674,SRD,dual_type,SRD-JiAn
SHCC273B,0.04258187943050071,0.02287942030605786,0.12399426488200413,SRD,dual_type,SRD-JiAn
SHCC274A,-0.019555514,-0.085277775,-0.054266927,SRD,dual_type,SRD-JiAn
SHCC275A,0.24243286070703396,0.11939525613993866,0.061471282884602754,SRD,dual_type,SRD-JiAn
SHCC276A,-0.080641334,-0.134265866,-0.100781793,SRD,dual_type,SRD-JiAn
SHCC277A,0.13531504358619556,0.056692723462057865,0.056112214987088065,SRD,dual_type,SRD-JiAn
SHCC278A,0.05600017989996558,-0.063198219,0.044945584892560314,SRD,dual_type,SRD-JiAn
SHCC279A,0.09480170234869609,-0.032422244,0.010355975145044528,SRD,dual_type,SRD-JiAn
SHCC27A,0.0037126267860029907,-0.09855892,-0.009063319,SRD,dual_type,SRD-JiAn
SHCC280A,0.17481149859543216,0.0891023202407952,-0.075050161,SRD,dual_type,SRD-JiAn
SHCC281A,0.02777219229881473,-0.155216115,-0.146135832,SRD,dual_type,SRD-JiAn
SHCC282A,0.051262247037635274,0.017487970647362936,0.04554327844064544,SRD,dual_type,SRD-JiAn
SHCC283A,0.04941284906488175,-0.063484584,-0.008507862,SRD,dual_type,SRD-JiAn
SHCC284A,0.2678407541980575,0.18500332028733207,0.056586884721276716,SRD,dual_type,SRD-JiAn
SHCC285A,-0.04767553,-0.126351858,-0.057434794,SRD,dual_type,SRD-JiAn
SHCC286A,0.2747610638782569,0.2357715511824684,0.04779681818176005,SRD,dual_type,SRD-JiAn
SHCC287A,-0.035468417,-0.051976232,0.09223387729019936,SRD,dual_type,SRD-JiAn
SHCC288A,-0.073432125,-0.10471048,-0.019130637,SRD,dual_type,SRD-JiAn
SHCC289A,-0.026636673,-0.098373873,-0.01334063,SRD,dual_type,SRD-JiAn
SHCC28B,0.0635230202481541,-0.026878848,0.03845870576101331,SRD,dual_type,SRD-JiAn
SHCC290A,0.0700038937902183,-0.102752013,-0.042345059,SRD,dual_type,SRD-JiAn
SHCC291A,0.31699055635882367,0.330691935608691,0.02028578163909776,SRD,dual_type,SRD-JiAn
SHCC292A,0.05092294613678385,-0.073329485,-0.014669993,SRD,dual_type,SRD-JiAn
SHCC293A,0.08928461326214823,-0.019701092,0.01902806100908672,SRD,dual_type,SRD-JiAn
SHCC294A,0.27746274610367316,0.4400594639398924,-0.041718376,SRD,dual_type,SRD-JiAn
SHCC295A,0.2962053275912538,0.3168054789901664,0.016804586739785497,SRD,dual_type,SRD-JiAn
SHCC296A,0.0626342320942694,-0.077301678,-0.049476503,SRD,dual_type,SRD-JiAn
SHCC297B,0.02700941261442642,-0.097061697,-0.005400049,SRD,dual_type,SRD-JiAn
SHCC298A,0.06729316020887378,0.005379969012172938,0.009595688370798557,SRD,dual_type,SRD-JiAn
SHCC299B,-0.058875409,0.013390926990418583,0.13688077210949323,SRD,dual_type,SRD-JiAn
SHCC29A,-0.070892831,0.005549887492181713,0.14233264362828246,SRD,dual_type,SRD-JiAn
SHCC2A,0.25381723262170536,0.09112799307758947,0.046953172596531194,SRD,dual_type,SRD-JiAn
SHCC300A,0.04183948119984005,-0.137853711,-0.077474565,SRD,dual_type,SRD-JiAn
SHCC30A,0.12998895857920925,-0.033131343,-0.020782351,SRD,dual_type,SRD-JiAn
SHCC31A,-0.031001812,-0.063637612,0.05525783669859425,SRD,dual_type,SRD-JiAn
SHCC32A,0.07384328614224873,-0.093969623,-0.081987021,SRD,dual_type,SRD-JiAn
SHCC33A,-0.039869525,-0.092057388,-0.015527561,SRD,dual_type,SRD-JiAn
SHCC34A,0.2468551468876749,0.24815294191859527,0.10040572530693204,SRD,dual_type,SRD-JiAn
SHCC35A,-0.035711304,-0.050476584,0.018156451027058564,SRD,dual_type,SRD-JiAn
SHCC36A,0.06942155660757389,-0.072810311,-0.009397766,SRD,dual_type,SRD-JiAn
SHCC37A,0.2552854240841721,0.1387178299047668,0.02370679933979802,SRD,dual_type,SRD-JiAn
SHCC38A,0.00438196109824613,-0.088827576,-0.00187197,SRD,dual_type,SRD-JiAn
SHCC39A,-0.01515812,-0.112247258,-0.04426545,SRD,dual_type,SRD-JiAn
SHCC3A,0.03144925195697394,-0.069628017,0.021930844376020272,SRD,dual_type,SRD-JiAn
SHCC40A,0.34134182237072025,0.29791082412938014,-0.022317083,SRD,dual_type,SRD-JiAn
SHCC41A,-0.020881986,-0.075298563,0.032194200168789065,SRD,dual_type,SRD-JiAn
SHCC42A,-0.018534315,-0.040866168,0.048673160815087,SRD,dual_type,SRD-JiAn
SHCC43A,0.03833974468568868,-0.075268523,0.004367815316882419,SRD,dual_type,SRD-JiAn
SHCC44A,-0.114931506,0.026921174527249132,0.14491894075849857,SRD,dual_type,SRD-JiAn
SHCC45A,-0.050196168,-0.014733193,0.1383269333355136,SRD,dual_type,SRD-JiAn
SHCC46B,-0.042298334,-0.04299024,0.0998691755954192,SRD,dual_type,SRD-JiAn
SHCC47A,-0.031820307,-0.086661297,0.03963806664506992,SRD,dual_type,SRD-JiAn
SHCC48A,0.19743101630220022,0.05994560423225626,0.0639174727614984,SRD,dual_type,SRD-JiAn
SHCC49A,0.06063669525651766,-0.059414354,0.0050136199995126935,SRD,dual_type,SRD-JiAn
SHCC4A,-0.070034582,-0.141649382,-0.034815949,SRD,dual_type,SRD-JiAn
SHCC50A,0.012492356320405844,-0.084390445,0.0034824842306941804,SRD,dual_type,SRD-JiAn
SHCC51A,-0.036045988,-0.110133829,-0.007791325,SRD,dual_type,SRD-JiAn
SHCC52A,0.10216146238410904,0.006152105895723729,0.08256403865783239,SRD,dual_type,SRD-JiAn
SHCC53A,0.05444836761478521,-0.089457155,-0.010062992,SRD,dual_type,SRD-JiAn
SHCC54A,-0.020255616,-0.138695744,-0.064404245,SRD,dual_type,SRD-JiAn
SHCC55A,0.09277909160055084,-0.065651968,-0.025201957,SRD,dual_type,SRD-JiAn
SHCC56A,0.023132645385459394,-0.054274418,0.011542820629846191,SRD,dual_type,SRD-JiAn
SHCC57B,-0.26025845,0.20637153402458666,0.23172654311221177,SRD,dual_type,SRD-JiAn
SHCC58A,0.06813622054128075,-0.08951449,-0.071791563,SRD,dual_type,SRD-JiAn
SHCC59A,0.0743545614473659,-0.009337337,-0.03170288,SRD,dual_type,SRD-JiAn
SHCC5A,-0.021558979,-0.128849016,-0.066246961,SRD,dual_type,SRD-JiAn
SHCC60A,0.10302675694516578,0.014604468060109161,0.014312439907377707,SRD,dual_type,SRD-JiAn
SHCC61A,0.11100087594424252,-0.07508509,-0.065423061,SRD,dual_type,SRD-JiAn
SHCC62A,0.22330340216943986,0.06057406651667547,0.057453180696852554,SRD,dual_type,SRD-JiAn
SHCC63A,0.10198092078099874,-0.015070983,0.049571370458154955,SRD,dual_type,SRD-JiAn
SHCC64A,0.12290429855148667,0.028366262120248887,0.10019634768216876,SRD,dual_type,SRD-JiAn
SHCC65A,-0.066023092,-0.10634985,-0.01072898,SRD,dual_type,SRD-JiAn
SHCC66A,-0.006848672,-0.071439053,0.05507713759777777,SRD,dual_type,SRD-JiAn
SHCC67A,0.05514456596483629,-0.042951075,-0.027685148,SRD,dual_type,SRD-JiAn
SHCC68A,0.11683318616985637,-0.013202675,0.03780684118513141,SRD,dual_type,SRD-JiAn
SHCC69B,-0.007968557,-0.093896968,-0.140814445,SRD,dual_type,SRD-JiAn
SHCC6A,0.07944780270597489,-0.002416568,-0.061425043,SRD,dual_type,SRD-JiAn
SHCC70A,0.07463251384091528,-0.031650037,0.04279273906299962,SRD,dual_type,SRD-JiAn
SHCC71A,0.017902341490296434,-0.070546316,0.013879679746680723,SRD,dual_type,SRD-JiAn
SHCC72A,0.2042649500256484,0.07521642974072852,6.958388558540521e-5,SRD,dual_type,SRD-JiAn
SHCC73A,-0.06248165,-0.036359873,0.09506876622201425,SRD,dual_type,SRD-JiAn
SHCC74A,-0.013906319,-0.064437902,0.041329357829528957,SRD,dual_type,SRD-JiAn
SHCC75A,-0.017500678,-0.011761201,0.1186114290485245,SRD,dual_type,SRD-JiAn
SHCC76A,-0.048473061,-0.071941095,0.030430871375596445,SRD,dual_type,SRD-JiAn
SHCC77B,0.03404625622196938,-0.076564525,0.009854929819371243,SRD,dual_type,SRD-JiAn
SHCC78A,5.961941412332791e-4,-0.080705461,0.03924457002686727,SRD,dual_type,SRD-JiAn
SHCC79A,0.10999334916697641,-0.047768953,0.003983299759683382,SRD,dual_type,SRD-JiAn
SHCC7A,-0.013071421,-0.084946883,-0.100695781,SRD,dual_type,SRD-JiAn
SHCC80A,0.0735938790463637,0.026513299919666753,-0.052799232,SRD,dual_type,SRD-JiAn
SHCC81A,-0.015522609,-0.053056368,-0.138656943,SRD,dual_type,SRD-JiAn
SHCC82A,-0.103323542,-0.08067998,-0.010309343,SRD,dual_type,SRD-JiAn
SHCC83A,0.003935888885773288,-0.10107854,-0.066243291,SRD,dual_type,SRD-JiAn
SHCC84A,0.12865674679608052,0.012787101763327927,0.05710771223713214,SRD,dual_type,SRD-JiAn
SHCC85B,0.0359838317513847,-0.042316739,0.03546756083397881,SRD,dual_type,SRD-JiAn
SHCC86A,-0.147620259,-0.001972974,0.1135546514303411,SRD,dual_type,SRD-JiAn
SHCC87A,0.07724681079737261,-0.078819252,-0.042260643,SRD,dual_type,SRD-JiAn
SHCC88B,0.013605123385992136,-0.101905391,-0.008412207,SRD,dual_type,SRD-JiAn
SHCC89A,0.06747315377773887,-0.045958414,0.014838395071902793,SRD,dual_type,SRD-JiAn
SHCC8A,0.01950720123990985,-0.088192434,-0.130898161,SRD,dual_type,SRD-JiAn
SHCC90A,0.0157398842420527,-0.022480448,0.0771210571352839,SRD,dual_type,SRD-JiAn
SHCC91A,0.0580357619280602,-0.077366454,-0.042991435,SRD,dual_type,SRD-JiAn
SHCC92A,0.013925687809541494,-0.076206817,0.02020681064212147,SRD,dual_type,SRD-JiAn
SHCC93A,0.06756660968127455,-0.068889803,0.00263906139215251,SRD,dual_type,SRD-JiAn
SHCC94A,0.13061059017139925,-0.022231809,0.0180165149934105,SRD,dual_type,SRD-JiAn
SHCC95A,0.032511078587855485,-0.061653076,0.0021161543144187153,SRD,dual_type,SRD-JiAn
SHCC96A,0.1570020329663994,0.015917091335245964,-0.041291161,SRD,dual_type,SRD-JiAn
SHCC97A,0.15184014300144602,-0.025162533,0.01833154231803191,SRD,dual_type,SRD-JiAn
SHCC98A,0.0427547185257297,-0.130130147,-0.089094528,SRD,dual_type,SRD-JiAn
SHCC99A,-0.022638727,-0.096605116,-0.004899246,SRD,dual_type,SRD-JiAn
SHCC9A,-0.218258053,0.165455713500708,0.21037461000674124,SRD,dual_type,SRD-JiAn
SRR28497695,-0.191085851,0.0028753091728441187,0.01981988572590997,MSD,meat_type,MSD-ZheJiang
SRR28497696,-0.383253154,0.02236725933383574,-0.031969183,MSD,meat_type,MSD-ZheJiang
SRR28497697,-0.331055273,0.019339606373649763,0.013874146532513955,MSD,meat_type,MSD-ZheJiang
SRR28497698,-0.277782995,0.052497926248444786,0.11559961452644146,MSD,meat_type,MSD-ZheJiang
SRR28497699,-0.342807077,0.07910396409485494,0.03363363103128844,MSD,meat_type,MSD-ZheJiang
SRR28497700,-0.258274548,0.0117879382642116,-0.050650272,MSD,meat_type,MSD-ZheJiang
SRR28497701,-0.371663971,0.02594524762166148,-0.028691426,MSD,meat_type,MSD-ZheJiang
SRR28497702,-0.217611915,0.061273567630962256,0.13877899281499465,MSD,meat_type,MSD-ZheJiang
SRR28497703,-0.195647523,-7.49E-04,0.019998147166571067,MSD,meat_type,MSD-ZheJiang
SRR28497704,-0.352541714,0.04772084584761205,-0.038054781,MSD,meat_type,MSD-ZheJiang
SRR29449358,-0.146194447,-0.02335566,-0.017114241,PKD,meat_type,PKD-HeiLongJiang
SRR29449359,-0.092087247,-0.095925363,-0.05916384,PKD,meat_type,PKD-HeiLongJiang
SRR29449360,-0.257678905,-0.027658472,-0.031866591,PKD,meat_type,PKD-HeiLongJiang
SRR29449361,-0.169539231,-0.035848565,-0.116169568,PKD,meat_type,PKD-HeiLongJiang
SRR29449362,-0.187985791,-0.01617958,0.0027177158525610247,PKD,meat_type,PKD-HeiLongJiang
SRR29449363,0.028044485282390473,0.10246856024247088,0.07897962760693504,PKD,meat_type,PKD-HeiLongJiang
SRR29449364,-0.073680734,0.0492757117052026,0.04858982406104497,PKD,meat_type,PKD-HeiLongJiang
SRR29449369,-0.271327355,0.06431209622894597,0.05184943659693898,PKD,meat_type,PKD-HeiLongJiang
SRR29449378,-0.22948392,-0.028534066,-0.117642145,PKD,meat_type,PKD-HeiLongJiang
SRR29449379,-0.223793853,-0.041202943,-0.040474108,PKD,meat_type,PKD-HeiLongJiang
SRR29449380,-0.084500367,0.0681740832752605,0.015345714640273424,PKD,meat_type,PKD-HeiLongJiang
SRR29449381,-0.139286152,0.12008296496615012,0.04827196699083654,PKD,meat_type,PKD-HeiLongJiang
SRR29449914,-0.089234525,-0.07451893,-0.168949114,MAL,MAL,MAL-HaiYan
SRR29449915,-0.014624017,-0.13605202,-0.179992019,MAL,MAL,MAL-HaiYan
SRR29449916,-0.001634533,-0.109675613,-0.226347029,MAL,MAL,MAL-HaiYan
SRR29449917,-0.153078418,-0.023887582,-0.125127221,MAL,MAL,MAL-HaiYan
SRR29449918,-0.096280618,-0.077091587,-0.149674699,MAL,MAL,MAL-HaiYan
SRR29449919,-0.063984974,-0.129168594,-0.144992323,MAL,MAL,MAL-HaiYan
SRR29449920,-0.079589996,-0.080260384,-0.085851092,MAL,MAL,MAL-HaiYan
SRR29536163,-0.375656998,0.1241600591334299,0.019220355316509997,MSD,meat_type,MSD-ShangHai
SRR29536164,-0.411512805,0.09174443581396938,-0.087270726,MSD,meat_type,MSD-ShangHai
SRR29536165,-0.391224931,0.1446544791721681,0.006061877157440055,MSD,meat_type,MSD-ShangHai
SRR29536166,-0.370065398,0.07430197945393713,-0.002158569,MSD,meat_type,MSD-ShangHai
SRR29536167,-0.386136691,0.08396320521927796,-0.035179842,MSD,meat_type,MSD-ShangHai
SRR29536168,-0.31666538,0.10750104384956888,0.06964230937403784,MSD,meat_type,MSD-ShangHai
SRR29536169,-0.367083493,0.09635821288434707,-0.005936414,MSD,meat_type,MSD-ShangHai
SRR29536170,-0.196693798,0.5888613746449052,-0.48851539,PKD,meat_type,PKD-ShanDong
SRR29536171,-0.063373608,0.5665194412410163,-0.409085298,PKD,meat_type,PKD-ShanDong
SRR29536172,0.09996278777220007,0.502513030540695,-0.284570332,PKD,meat_type,PKD-ShanDong
SRR29536174,-0.249039297,0.4419953939084603,-0.29578527,PKD,meat_type,PKD-ShanDong
SRR29536175,-0.184584364,0.585149968751207,-0.483826963,PKD,meat_type,PKD-ShanDong
SRR29536176,-0.149899084,0.4273354292353543,-0.282127238,PKD,meat_type,PKD-ShanDong
SRR29536177,-0.317734409,0.298796723709711,0.11002697137684973,PKD,meat_type,PKD-ShanDong
SRR29536178,-0.064066564,0.5669769762785655,-0.370887606,PKD,meat_type,PKD-ShanDong
SRR29536179,-0.382501383,0.057563297081048626,-0.055584728,MSD,meat_type,MSD-ShangHai
SRR29536180,-0.196292539,0.20568560193178065,0.09622571414296126,PKD,meat_type,PKD-ShanDong
SRR29536181,-0.302945621,0.4626346819589233,-0.235847563,PKD,meat_type,PKD-ShanDong
SRR29536182,-0.234944117,-0.048660327,-0.142334589,MAL,MAL,MAL-HangZhou
SRR29536183,-0.353487266,0.09913150448989766,-0.172224821,MAL,MAL,MAL-HangZhou
SRR29536185,-0.011047221,-0.151312116,-0.134734865,MAL,MAL,MAL-HangZhou
SRR29536186,-0.116091721,-0.087623148,-0.043283652,MAL,MAL,MAL-HangZhou
SRR29536187,-0.134411936,-0.124771945,-0.156097722,MAL,MAL,MAL-HangZhou
SRR29536188,-0.401988909,0.07825103013390522,-0.102049927,MSD,meat_type,MSD-ShangHai
SRR29536189,-0.381367386,0.052232240057907844,-0.062392311,MSD,meat_type,MSD-ShangHai
SRR29536190,-0.338929884,0.08106105126722592,0.03480753994764289,MSD,meat_type,MSD-ShangHai
SRR29536191,-0.355032526,0.12985802327225518,0.028935660488184134,MSD,meat_type,MSD-ShangHai
