ARG,Log2_Abundance,Prevalence_percent
BLMT,-2.533045774,4.905335628227195
OXA-10,-3.305834925,28.055077452667813
bacA,-4.841563295,4.819277108433735
OXA-58,-10.0361093,2.1514629948364887
Bifidobacterium adolescentis rpoB mutants conferring resistance to rifampicin,-6.938520733,9.036144578313253
ANT(2'')-Ia,-2.177250431,39.84509466437177
CARB-3,-4.77194195,9.46643717728055
CARB-4,-10.20178551,1.8072289156626504
DfrA37,-5.860190586,9.72461273666093
CARB-8,-9.016288246,1.1187607573149743
CARB-9,-9.620375205,0.5163511187607573
kdpE,-3.191642755,20.051635111876077
Morganella morganii gyrB conferring resistance to fluoroquinolones,-5.637074355,4.475043029259897
lsaE,-7.904391758,8.347676419965575
Erm(49),-6.481938322,7.83132530120482
CDD-2,-9.951641671,0.6884681583476765
OXA-140,-7.622429306,4.561101549053356
aadA11,-7.618293775,8.777969018932874
OXA-184,-7.726189058,5.679862306368331
aadA15,-6.613897644,8.605851979345955
aadA16,-1.638413606,24.95697074010327
OmpA,-2.954465763,3.2702237521514634
aadA17,-7.092495754,3.4423407917383817
AAC(6')-Ia,-5.08818979,4.130808950086059
catA4,-5.388240119,3.1841652323580036
AAC(6')-Ii,-3.084781619,13.253012048192772
mefF,-5.832919377,9.38037865748709
catA8,-0.51634428,47.07401032702238
tet(X),0.13486876973622278,53.35628227194492
mefH,-0.461335041,54.99139414802065
tet(T),-5.376200908,10.327022375215146
AAC(6')-Il,-8.123623126,2.2375215146299485
AAC(6')-Im,-1.878070766,45.26678141135972
tet(D),-12.58313751,0.5163511187607573
AAC(6')-Iy,-5.375137332,2.323580034423408
clbC,-11.1652592,0.17211703958691912
abeS,-4.996758301,1.549053356282272
rsmA,-7.974691375,0.6884681583476765
APH(4)-Ia,-2.957908189,8.175559380378658
qacG,-4.845985842,5.851979345955249
qacJ,-3.920443033,4.475043029259897
qacL,-3.623715769,12.564543889845096
qacEdelta1,1.0582934491543716,42.857142857142854
QnrB6,-2.559413811,3.5283993115318415
Escherichia coli AcrAB-TolC with MarR mutations conferring resistance to ciprofloxacin and tetracycline,0.37493743847968164,38.209982788296045
APH(3'')-Ib,-0.416077888,66.60929432013769
NDM-5,-4.278705715,2.1514629948364887
lnuA,0.6242444414561451,37.52151462994836
lnuB,0.8634560788939684,55.59380378657487
lnuC,4.87549962531546,81.58347676419966
lnuD,-7.199393297,3.9586919104991396
lnuE,-7.000225684,2.0654044750430294
lnuF,-7.797544101,9.122203098106713
lnuG,-6.228319514,10.585197934595525
ACT-77,-8.573618222,0.774526678141136
vanXA,-9.358684118,0.774526678141136
vanXB,-8.722134603,1.8072289156626504
vanTC,-0.948034235,16.437177280550774
vanXF,-3.639333509,44.57831325301205
ErmA,1.020032036632815,65.23235800344234
vanHB,-8.926901476,1.2908777969018932
ErmB,2.29458880664318,77.19449225473322
vanTG,-3.780947955,50.4302925989673
ErmC,-4.295214932,12.478485370051635
nimA,1.381028120046813,63.42512908777969
EreA,-6.120236281,10.240963855421686
vanXI,-7.279497081,6.540447504302927
nimB,-2.393442905,40.18932874354561
nimC,-7.194255768,1.1187607573149743
vanHF,-6.53503897,1.1187607573149743
ErmF,1.7263590701534512,66.00688468158347
nimD,-8.105811316,3.1841652323580036
EreD,0.5852823826739683,59.466437177280554
ErmG,-1.651557223,54.044750430292595
nimE,-5.296211072,12.134251290877797
nimF,-3.069172401,47.16006884681583
nimG,-1.414019351,54.044750430292595
vanXO,-9.802486212,0.774526678141136
nimH,-5.143057252,17.98623063683305
nimI,-7.75115759,2.495697074010327
nimJ,0.6689264609922974,64.71600688468159
vanHO,-12.57883946,0.25817555938037867
ErmQ,-0.203159729,29.862306368330465
ErmT,-0.778144903,20.309810671256454
ErmX,-1.335836623,43.631669535284
ErmY,-6.364862674,5.679862306368331
catP,-3.420421902,20.481927710843372
catQ,-3.02962435,21.084337349397593
catS,-5.269762834,28.313253012048197
SHV-11,-4.043692579,2.8399311531841653
evgA,-1.746988885,33.648881239242684
msrA,-6.007385127,6.110154905335628
msbA,-2.713986081,17.64199655765921
apmA,-4.064207312,3.0120481927710845
Erm(34),-11.63452209,0.08605851979345956
emtA,-8.722964833,4.130808950086059
Escherichia coli ampC beta-lactamase,-4.225766941,21.944922547332187
CblA-1,-7.245373191,3.1841652323580036
evgS,-3.482222544,28.657487091222034
OXA-347,-2.494921595,31.23924268502582
adeF,-2.577308999,28.74354561101549
npmA,0.025563471234330896,39.41480206540447
BRP(MBL),-3.508083199,1.8932874354561102
vanXYC,-1.397551732,8.089500860585199
adeL,-9.483554472,2.0654044750430294
vanXYE,-10.39607234,1.2048192771084338
vanXYG,-2.479913363,53.78657487091222
aadK,-8.9191087,2.0654044750430294
TolC,-2.189907993,26.592082616179002
Helicobacter pylori rpoB mutation conferring resistance to rifampicin,-2.274219303,52.23752151462995
tet(X3),-9.223465583,3.7005163511187606
aadS,-1.769987867,41.9104991394148
"Escherichia coli AcrAB-TolC with AcrR mutation conferring resistance to ciprofloxacin, tetracycline, and ceftazidime",-1.662501544,34.251290877796905
catB11,-9.149660838,3.4423407917383817
Clostridioides difficile gyrB conferring resistance to fluoroquinolones,-5.308184862,5.163511187607573
OXA-21,-5.616569277,8.00344234079174
cphA3,-4.681802953,0.6884681583476765
H-NS,0.2568269550807913,36.83304647160069
APH(3')-VIa,-6.060873849,7.487091222030981
sdiA,-5.388542314,3.098106712564544
salC,-5.844406379,13.59724612736661
salD,-6.448745429,5.76592082616179
salE,-6.45228495,4.991394148020654
APH(6)-Ic,-5.341229682,2.8399311531841653
Streptococcus suis chloramphenicol acetyltransferase,0.41601806543964276,54.13080895008606
APH(6)-Id,-2.563395913,32.96041308089501
Erm(42),-5.519723301,12.564543889845096
OXA-193,-11.41970027,0.4302925989672977
dfrA6 from Proteus mirabilis,-8.111419479,4.3029259896729775
aadA27,-8.240346465,2.323580034423408
Escherichia coli soxR with mutation conferring antibiotic resistance,-6.204033043,9.63855421686747
catB2,-9.73952515,1.549053356282272
gadX,-1.557603853,42.943201376936315
catB3,-2.625587131,21.514629948364888
patB,-4.901023621,10.671256454388985
mecA,-6.972607881,4.561101549053356
mecB,-8.830034686,3.098106712564544
catB8,-5.819802363,7.314974182444062
rgt1438,-11.52733567,0.4302925989672977
tet(Q),6.146619027437978,89.93115318416524
tet(M),3.124138956675789,86.91910499139415
mecI,-7.064053567,3.1841652323580036
tet(A),0.8084552492208196,64.71600688468159
ArnT,-0.213582379,51.46299483648882
RCP-1,-10.34208985,1.376936316695353
Neisseria gonorrhoeae gyrA conferring resistance to fluoroquinolones,-10.81010638,3.4423407917383817
poxtA,1.7229220217636299,74.87091222030982
Staphylococcus intermedius chloramphenicol acetyltransferase,-6.950928459,4.3029259896729775
clcD,-7.866119412,6.626506024096386
Clostridium perfringens mprF,-2.539473441,12.306368330464716
Corynebacterium striatum tetA,-7.883061472,2.9259896729776247
HelR,-8.728707164,0.25817555938037867
msr(G),-5.803275885,10.585197934595525
Haemophilus influenzae PBP3 conferring resistance to beta-lactam antibiotics,-2.221459323,22.117039586919105
APH(2'')-Ie,-8.087669134,10.068846815834767
APH(2'')-If,0.1413018446581883,60.8433734939759
APH(2'')-Ig,-7.936196073,4.130808950086059
rmtB,-4.407880707,2.667814113597246
catIII,-4.26340054,9.036144578313253
QnrS1,-0.41403204,32.87435456110155
ANT(9)-Ia,-3.087264193,11.359724612736661
SAT-2,-7.163149691,5.76592082616179
ANT(9)-Ib,-6.002628147,3.7005163511187606
tet(O/32/O),-0.546941049,67.72805507745267
SAT-4,2.452306949321823,74.01032702237521
vatE,-5.274706456,6.110154905335628
Klebsiella pneumoniae KpnE,0.25588910386525066,28.055077452667813
Klebsiella pneumoniae KpnF,0.570951964198476,29.43201376936317
AAC(3)-IIc,-0.964076172,28.227194492254732
Klebsiella pneumoniae KpnG,-5.100464448,2.323580034423408
Klebsiella pneumoniae KpnH,-0.625569359,42.51290877796902
armA,-8.228326123,1.8932874354561102
CMY-59,-5.233733613,3.5283993115318415
Mrx,-3.324301305,8.00344234079174
aphA15,-9.694875076,1.8072289156626504
catII from Escherichia coli K-12,-6.352744776,7.917383820998279
Mycobacterium tuberculosis folC with mutation conferring resistance to para-aminosalicylic acid,-11.22355316,1.2048192771084338
efmA,-4.524729313,9.63855421686747
erm(45),-7.449699464,5.421686746987952
vanYA,-3.955232039,24.354561101549052
Acinetobacter baumannii AmvA,-5.085770818,3.0120481927710845
vanYB,1.7935705480327415,69.01893287435456
vanYF,-2.051044817,41.65232358003442
vanYG,1.2919230762579204,68.84681583476764
vanUG,-3.034545535,25.903614457831324
vanYM,-2.345729888,45.00860585197935
LlmA 23S ribosomal RNA methyltransferase,-7.050792194,1.1187607573149743
cmeR,-7.358927243,6.024096385542169
ANT(4')-Ia,-1.022028081,21.514629948364888
ANT(4')-Ib,-10.95898169,0.25817555938037867
Streptomyces venezuelae rox,-7.184314415,2.2375215146299485
FusF,-7.783557785,0.774526678141136
AAC(3)-VIIa,-8.29516662,3.2702237521514634
EBR-5,-8.817229277,2.4096385542168677
golS,-5.193138881,2.1514629948364887
Mef(En2),2.5410933136507605,65.49053356282272
Limosilactobacillus reuteri cat-TC,-15.41422782,0.08605851979345956
Erm(35),0.5943508513796198,60.413080895008605
APH(3')-Ia,-1.220436804,65.3184165232358
APH(3')-Ib,-8.879986389,4.388984509466437
linG,-5.064060337,4.216867469879518
FosA7.5,-1.77679576,4.044750430292599
fosA5,-1.402940042,3.0120481927710845
tet(59),-8.196894287,5.851979345955249
FosXCC,1.679425402102821,65.7487091222031
CMH-4,-8.993948484,1.4629948364888123
AAC(6')-Iid,-7.286647357,3.1841652323580036
cepA,-2.950899082,4.3029259896729775
EstT,1.2644289736175875,60.327022375215144
AAC(6')-IIa,-1.168963597,41.996557659208264
AAC(6')-Iaj,-10.70007473,0.25817555938037867
ANT(6)-Ia,0.707277554422656,50.51635111876076
ANT(6)-Ib,-0.586729163,47.93459552495697
cmlA5,-3.826944514,12.822719449225472
dfrA10,-7.662260295,0.5163511187607573
baeR,-1.461957076,38.7263339070568
dfrA12,-2.304586122,19.44922547332186
baeS,-4.740010964,20.91222030981067
dfrA14,-2.252414044,27.710843373493976
dfrA15,-6.339518273,7.056798623063683
dfrA16,-5.033866725,8.175559380378658
dfrA17,-0.775329367,22.977624784853703
dfrA19,-8.271343259,3.614457831325301
VEB-17,-5.269239107,8.605851979345955
sdrM,-4.234518119,13.166953528399311
RanA,-3.926253972,5.593803786574871
RanB,-4.123391312,5.335628227194492
aadA2,-3.70078738,15.404475043029258
CfxA6,-5.801277828,4.733218588640275
aadA5,-1.832669168,30.37865748709122
aadA7,-9.236093933,2.753872633390706
aadA9,-4.432106809,15.49053356282272
tet(Z),-1.91677227,14.371772805507746
tet(B),-1.556622398,21.772805507745264
dfrA1,-3.134702529,13.59724612736661
APH(2'')-IIIa,-6.835284057,0.9466437177280551
AcrE,-1.585941693,37.607573149741825
tet(36),-3.612653284,19.707401032702236
tet(32),2.3782209894437436,79.08777969018934
fexA,3.0251008447752734,83.39070567986231
fexB,-0.417335725,38.03786574870912
Campylobacter jejuni gyrA conferring resistance to fluoroquinolones,-1.086696255,23.06368330464716
PmrF,-1.466419288,40.79173838209983
cfrA,-1.90572181,45.09466437177281
cfrC,-5.053584,11.790017211703958
oqxA,-2.569671246,8.2616179001721175
cfrE,1.5720656152101073,59.552495697074015
AcrS,-1.824452997,26.41996557659208
QnrD1,-3.826585949,3.098106712564544
Escherichia coli parE conferring resistance to fluoroquinolones,-9.550535735,1.376936316695353
CrcB,-2.487378218,1.8072289156626504
sepA,-4.117465793,8.433734939759036
ramA,-7.295889468,1.0327022375215147
ICR-Mo,-8.739220045,1.8072289156626504
AAC(3)-IVa,-3.183086213,20.740103270223752
dfrD,-6.778774727,3.87263339070568
dfrE,-3.270558258,3.098106712564544
TRU-1,-8.305269319,0.25817555938037867
dfrF,-3.41840583,16.179001721170398
APH(3')-IIIa,4.109501026170313,79.08777969018934
dfrG,-1.409655612,19.793459552495698
Klebsiella pneumoniae OmpK37,-3.914138324,3.7865748709122204
OXA-820,-5.296050334,1.0327022375215147
FosA2,-3.834049582,1.6351118760757317
dfrL,-12.04780539,0.34423407917383825
FosA3,-2.764249035,11.101549053356283
Erm(51),-5.637303973,9.38037865748709
RbpA,-7.49137505,1.2908777969018932
FosA8,-2.035643437,7.228915662650602
CcrA,-7.181412573,1.7211703958691909
AAC(6')-Ie-APH(2'')-Ia bifunctional protein,-2.618305866,26.41996557659208
efrA,-4.037880918,3.5283993115318415
ACT-56,-5.356806932,1.376936316695353
fusC,-10.15948827,1.9793459552495698
fusD,-10.12386173,2.1514629948364887
Escherichia coli mdfA,-1.860152204,35.800344234079176
vanRB,-11.26146084,0.9466437177280551
vanRC,-1.828766573,7.83132530120482
vanRG,-7.41169172,11.015490533562824
tet(44),2.3511857691666744,77.19449225473322
tet(40),1.5382638207275972,71.6867469879518
vanRI,-10.65390305,0.17211703958691912
Vibrio anguillarum chloramphenicol acetyltransferase,-0.194436906,60.8433734939759
AAC(6')-Ib',-3.778974529,15.146299483648882
APH(3')-IIa,-3.870912127,3.356282271944923
mecR1,-7.665331363,1.2908777969018932
Erm(36),-3.995345877,12.650602409638553
AAC(6')-Ib7,-2.687025177,22.63339070567986
emrA,-2.881992314,37.693631669535286
AAC(6')-Ib8,-4.46651597,8.777969018932874
AAC(6')-Ib9,-7.977638556,1.6351118760757317
Escherichia coli EF-Tu mutants conferring resistance to Pulvomycin,-1.314060753,45.438898450946645
CTX-M-55,-1.886907567,15.060240963855422
Rhodobacter sphaeroides ampC beta-lactamase,-6.92410263,6.024096385542169
Mycobacterium tuberculosis intrinsic murA conferring resistance to fosfomycin,-9.48254071,1.4629948364888123
LptD,-3.492992321,2.753872633390706
emrK,-3.465731504,16.265060240963855
Campylobacter coli chloramphenicol acetyltransferase,-0.203977974,60.06884681583477
ACI-1,-5.241884592,14.716006884681585
emrR,0.17212244789413758,44.40619621342513
emrY,-3.894014232,17.38382099827883
ANT(3'')-IIa,0.02216712475551927,66.35111876075732
ANT(3'')-IIb,-7.477452026,4.130808950086059
aad(6),-0.001559316,61.35972461273666
APH(2'')-IIa,-8.275206786,1.6351118760757317
tet(X5),-3.405175564,10.499139414802066
APH(3')-VIIa,-7.708185992,2.9259896729776247
tet(X1),-9.570868781,1.6351118760757317
Vibrio cholerae varG,-9.319129847,0.9466437177280551
dfrA20,-9.109186282,2.0654044750430294
MCR-1.1,-2.994201318,5.679862306368331
Acinetobacter baumannii AbaQ,-5.2154513,3.87263339070568
YojI,-3.623824404,24.69879518072289
Escherichia coli emrE,-0.071602328,37.77969018932875
dfrA27,-0.276165566,39.84509466437177
Erm(48),-9.963023211,0.8605851979345954
tmrB,-8.489148729,2.753872633390706
23S rRNA (adenine(2058)-N(6))-methyltransferase Erm(A),-7.742783715,6.454388984509467
OXA-136,-1.060286587,35.714285714285715
LnuH,-4.35241481,15.146299483648882
tet(W),5.671948830691595,87.8657487091222
tet(S),-1.179904442,54.38898450946644
tet(O),4.67144044924791,89.50086058519794
tet(K),-1.429455023,10.499139414802066
LnuP,0.15738897450053546,44.922547332185886
tet(C),-5.65507093,12.306368330464716
tet(33),-3.228965435,19.965576592082616
tetB(P),2.3368831053151875,77.28055077452667
marA,0.016683077273983344,29.43201376936317
arr-2,-2.029696229,39.672977624784856
arr-3,0.32852909151469517,38.468158347676415
msr(I),-10.30930879,2.323580034423408
arr-8,-10.77697701,0.34423407917383825
QnrA3,-9.379442654,1.2048192771084338
AAC(6')-Ib-cr3,-9.012505901,3.356282271944923
AAC(6')-Ib-cr6,-1.139509935,21.25645438898451
Mycobacterium tuberculosis rpsL mutations conferring resistance to Streptomycin,-3.880635836,13.855421686746988
vanB,-10.97609622,1.2048192771084338
vanC,-1.550028007,9.38037865748709
vanF,-4.899583729,36.40275387263339
vanG,-1.044156712,63.25301204819277
FosB3,-1.296883252,38.55421686746988
Erm(52),-0.112909415,58.34767641996558
Sed-1,-12.37664295,0.08605851979345956
almE,-9.757164953,1.4629948364888123
ugd,-4.19584944,22.63339070567986
almF,-8.344204563,0.4302925989672977
almG,-9.42541123,0.774526678141136
OXA-1,-3.298020998,9.63855421686747
acrB,-2.483857368,30.98106712564544
tet(W/N/W),2.0662068261440734,78.14113597246127
acrD,-3.310071598,34.33734939759036
QnrVC5,-8.825143587,1.8932874354561102
leuO,-1.72874033,19.535283993115318
cpxA,-1.796464051,36.660929432013766
norC,-3.658665666,12.994836488812393
sul1,-0.892045411,47.50430292598967
sul2,0.9480041522882076,68.93287435456111
sul3,-4.38370221,3.87263339070568
vanWB,-4.373750985,39.070567986230635
ADC-43,-5.425542864,1.376936316695353
sul4,-10.67734084,1.376936316695353
ykkC,-6.507056578,2.753872633390706
vanSB,-12.85144593,0.4302925989672977
ykkD,-6.999012809,2.495697074010327
tet(O/W/32/O),2.3940364960023164,66.95352839931154
vanWG,-2.442647741,40.103270223752155
tet(45),3.659395823090003,87.77969018932875
vanWI,-3.89834848,27.882960413080895
FosBx1,-2.701992272,11.962134251290877
TEM-1,-0.1109593,39.586919104991395
EC-14,-1.711146634,38.03786574870912
EC-15,-1.588074232,48.88123924268503
FosD,-4.662945231,3.1841652323580036
PC1 beta-lactamase (blaZ),-8.855223808,2.2375215146299485
DHA-1,-9.339494344,1.549053356282272
FosG,-11.13722821,0.17211703958691912
Escherichia coli soxS with mutation conferring antibiotic resistance,0.34120482115621653,25.559380378657487
BRO-2,-9.672954901,0.6884681583476765
FosK,-8.924013524,1.0327022375215147
OXA-912,-4.285612565,0.6024096385542169
eptA,-2.656077216,31.153184165232357
eptB,-3.067700468,3.614457831325301
Escherichia coli acrA,-1.306183929,28.57142857142857
mphA,-3.123337227,4.733218588640275
cfr(D),-3.485704143,4.647160068846816
mphC,-5.947276739,3.87263339070568
CTX-M-65,-6.67371585,2.0654044750430294
mphE,-5.480396368,8.950086058519794
mphF,-10.69552349,0.8605851979345954
OXA-334,-10.17690094,0.8605851979345954
mphG,-6.694293163,8.089500860585199
mphK,-10.06605488,0.4302925989672977
spd,-7.351631984,2.5817555938037864
DfrB9,-6.88804754,1.2908777969018932
mphO,-5.924832115,9.122203098106713
mdtA,-2.785557621,27.022375215146297
mdtB,-3.138102407,27.710843373493976
mdtC,-11.94836399,0.5163511187607573
mdtE,-2.847893688,24.182444061962137
mdtF,-2.329857416,35.88640275387263
mdtG,-3.484867782,20.740103270223752
mdtH,-2.977038489,29.862306368330465
mdtM,-2.300167233,38.81239242685026
mdtN,-1.722645684,39.24268502581756
mdtO,-3.841480016,28.57142857142857
mdtP,-2.462155691,33.13253012048193
