Sample,V1,V2,group
BKDN170793833-1A,0.20185366378104944,-0.143545704,Feces
BKDN170793835-1A,-0.092385895,-0.363172165,Feces
BKDN170793836-1A,-0.130245596,-0.3291945,Feces
BKDN170793837-1A,-0.202003884,-0.451388339,Feces
BKDN170793838-1A,0.04980484516652481,-0.258496065,Feces
BKDN170793839-1A,-0.223243899,-0.400322289,Feces
BKDN170793840-1A,-0.224626621,-0.381008634,Feces
BKDN170793891-1A,-0.22880865,-0.439467354,Feces
BKDN170793892-1A,0.20758356995642696,-0.133563653,Feces
BKDN170793893-1A,-0.181327358,-0.409501333,Feces
BKDN170793894-1A,-0.235009653,-0.450147497,Feces
BKDN170793895-1A,0.10306761423327895,-0.276520701,Feces
BKDN170793896-1A,-0.237057167,-0.445666675,Feces
BKDN170793898-1A,-0.034968077,-0.372278222,Feces
BKDN170793899-1A,-0.269129573,-0.480118567,Feces
BKDN170793901-1A,-0.276888094,-0.463166531,Feces
BKDN170793902-1A,-0.189198562,-0.42110405,Feces
BKDN170793903-1A,-0.229813683,-0.465184038,Feces
BKDN170793904-1A,-0.233710585,-0.433453757,Feces
BKDN170793906-1A,0.2148749171314884,-0.147133259,Feces
BKDN170793907-1A,-0.066499813,-0.364881311,Feces
BKDN170793908-1A,-0.224462687,-0.409594352,Feces
BKDN170793909-1A,-0.212310275,-0.408682139,Feces
BKDN170793993-1A,-0.25989087,-0.421907517,Feces
BKDN170793994-1A,-0.237804465,-0.408715845,Feces
BKDN170793995-1A,-0.247216635,-0.401500151,Feces
BKDN170793998-1A,0.15102670584967307,-0.07444878,Feces
BKDN170794001-1A,0.27780168699336777,0.043426230363971315,Feces
BKDN170794002-1A,0.21945113605581212,-0.058529636,Feces
BKDN170794054-1A,-0.15345316,-0.38580921,Feces
BKDN170794056-1A,0.3009320936552337,0.07699489799439406,Feces
BKDN170794057-1A,0.004858527080641091,-0.350438949,Feces
BKDN170794058-1A,-0.169489924,-0.414693684,Feces
BKDN170794064-1A,-0.188717137,-0.434937828,Feces
BKDN170794065-1A,-0.026808494,-0.372521032,Feces
BKDN170794066-1A,-0.047699354,-0.377705526,Feces
BKDN170794067-1A,-0.230235308,-0.423251124,Feces
BKDN170794068-1A,0.31070824857485724,0.09929945337796676,Feces
BKDN170794148-1A,-0.236587509,-0.415517668,Feces
BKDN170794149-1A,0.019492668979596922,-0.28885657,Feces
BKDN170794152-1A,-0.202909334,-0.459540625,Feces
BKDN170794156-1A,-0.075586883,-0.130650598,Feces
BKDN170794158-1A,-0.260455365,-0.356053506,Feces
BKDN170794159-1A,0.13429580059516436,-0.078378538,Feces
BKDN170794160-1A,0.1856797259574864,-0.084474592,Feces
BKDN170794161-1A,0.27776670920119956,0.057116902801927334,Feces
BKDN170794163-1A,0.013137724720704605,-0.203643236,Feces
BKDN170794164-1A,0.21018133993149038,-0.017348443,Feces
BKDN170794165-1A,0.24591667694569438,0.003523659360079504,Feces
BKDN170794228-1A,0.23453959280406186,-0.051428403,Feces
BKDN170794322-1A,-0.113812838,-0.325282134,Feces
BKDN170794326-1A,-0.23240647,-0.401034157,Feces
BKDN170794327-1A,-0.070841949,-0.362288846,Feces
BKDN170794329-1A,-0.212164014,-0.393224053,Feces
BKDN170794330-1A,0.1509711255741516,-0.123120501,Feces
BKDN170794331-1A,0.224161322369052,-0.092313499,Feces
BKDN170794385-1A,0.24762070418908258,-0.027893417,Feces
BKDN170794387-1A,0.23781230859455077,-0.031056821,Feces
BKDN170794392-1A,-0.169719325,-0.426470676,Feces
BKDN170794393-1A,0.27975580874971484,0.025436824984160132,Feces
BKDN170794394-1A,0.09810091139205931,-0.145251023,Feces
BKDN170794480-1A,0.2796332500085983,0.06306622872416255,Feces
BKDN170794548-1A,0.257316160802528,-0.038419602,Feces
BKDN170794551-1A,0.2936814869640267,0.06603560086046323,Feces
BKDN170794553-1A,0.09751239016997858,-0.172934087,Feces
BKDN170794554-1A,-0.004992834,-0.347067994,Feces
BKDN170794805-1A,0.039562238500429246,-0.142283495,Feces
BKDN170794806-1A,-1.36E-04,-0.122857862,Feces
BKDN170794809-1A,0.04809714035270948,-0.238227223,Feces
BKDN170794811-1A,0.012461748967930687,-0.270682617,Feces
BKDN170794972-1A,-0.033218545,-0.282934386,Feces
BKDN170795140-1A,0.17647797920484015,-0.101784095,Feces
BKDN170795141-1A,-0.039855768,-0.214732304,Feces
BKDN170795142-1A,-0.026941089,-0.292248294,Feces
BKDN170795145-1A,0.27781115640530646,0.07469802464546603,Feces
BKDN170795146-1A,-0.028478145,-0.351343697,Feces
BKDN170795147-1A,0.26142502876819845,0.0017559128900449521,Feces
BKDN170795149-1A,-0.025845568,-0.311608693,Feces
BKDN170795572-1A,0.23650935555073477,-0.084053855,Feces
BKDN170795573-1A,0.13395240089214486,-0.233612439,Feces
BKDN170795574-1A,0.2945866326887631,0.03220705750000571,Feces
BKDN170795575-1A,-0.240042891,-0.476700767,Feces
BKDN170795576-1A,-0.247561138,-0.488338259,Feces
BKDN170795577-1A,-0.229503418,-0.468101085,Feces
BKDN170795578-1A,-0.116244589,-0.291361392,Feces
BKDN170795737-1A,-0.234564452,-0.463628161,Feces
BKDN170795738-1A,-0.26144692,-0.489047032,Feces
BKDN170795739-1A,-0.219627329,-0.479698108,Feces
BKDN170795740-1A,-0.238664358,-0.479692052,Feces
BKDN170795742-1A,-0.196102525,-0.46193811,Feces
BKDN170795743-1A,0.010199037581719876,-0.321903407,Feces
BKDN170795744-1A,-0.038693352,-0.386215033,Feces
BKDN170795745-1A,-0.273536361,-0.464802286,Feces
BKDN170795836-1A,-0.018419156,-0.205757731,Feces
BKDN170795837-1A,0.2576213016602393,-0.019944925,Feces
BKDN170795838-1A,0.0022398910924320043,-0.1661295,Feces
BKDN170795907-1A,-0.229374434,-0.411115006,Feces
BKDN170795910-1A,0.3141793692346771,0.07946659408980448,Feces
BKDN170795911-1A,-0.22609368,-0.492740849,Feces
BKDN170795912-1A,-0.227045359,-0.416200902,Feces
BKDN170795916-1A,-0.175905469,-0.366429056,Feces
BKDN170795999-1A,-0.03893102,-0.322431935,Feces
BKDN170796000-1A,8.456980279228462e-4,-0.139453553,Feces
BKDN170796004-1A,-0.111758367,-0.23855127,Feces
BKDN170796006-1A,-0.028047007,-0.30331456,Feces
BKDN170796077-1A,0.2682225723364494,-0.003882928,Feces
BKDN170796080-1A,0.10386190644476766,-0.290790101,Feces
BKDN170796085-1A,-0.214453938,-0.444054555,Feces
BKDN170796086-1A,-0.085194512,-0.335528359,Feces
BKDN170796173-1A,0.012026680717171305,-0.114951941,Feces
BKDN170796245-1A,-0.193351316,-0.41286795,Feces
BKDN170796247-1A,-0.280165453,-0.497456081,Feces
BKDN170796249-1A,-0.124058545,-0.397666279,Feces
BKDN170796250-1A,-0.216587437,-0.395474274,Feces
BKDN170796251-1A,-0.226352776,-0.385730592,Feces
BKDN170796252-1A,0.2304041482984642,-0.082839413,Feces
BKDN170796253-1A,-0.154293819,-0.457134201,Feces
BKDN170796254-1A,0.1216888640515181,-0.190292379,Feces
BKDN170796413-1A,0.2530480628065229,-0.063284167,Feces
BKDN170796417-1A,-0.268919509,-0.410285411,Feces
BKDN170796418-1A,-0.217736584,-0.386491072,Feces
BKDN170796419-1A,0.18770214480623584,-0.093110677,Feces
BKDN170796420-1A,-0.229111745,-0.353259517,Feces
BKDN170796421-1A,-0.178638987,-0.432752269,Feces
BKDN170796422-1A,-0.25973828,-0.402587262,Feces
BKDN170796424-1A,-0.166181049,-0.433342914,Feces
CCH108A,0.30684925540905245,0.1024510488683636,CC
CCH111-1A,0.2811386000361952,0.0928805220057268,CC
CCH112-2A,0.31175472387862047,0.09562562938099507,CC
CCH119-1A,0.2982531715540396,0.10513134804260703,CC
CCH127-1A,0.2956919252209836,0.08940554253679861,CC
CCH150-1B,0.31256902331319253,0.10124154896974769,CC
CCH151-2A,0.2827130342570194,0.12461595457026144,CC
CCH156-3B,0.30159435728699946,0.11443029493709744,CC
CCH157-2B,0.31251524603767494,0.11019701153318047,CC
CCH162-1A,0.20220447426706,-0.033980504,CC
CCH180-3A,0.29414223087437613,0.06768412062740516,CC
CCH186-1A,0.2905520919516689,0.044370804200343755,CC
CCH209A,0.27717014500534787,0.08971460661453842,CC
CCH210A,0.3105590346139367,0.0808894835794679,CC
CCH212A,0.2847360135589181,0.03247341891739842,CC
CCH221-1A,0.28790013175532686,0.10312298883533483,CC
CCH227-3A,0.3059297595248231,0.06833894483658269,CC
CCH247A,0.2979955833146729,0.06096284559391419,CC
CCH250-2A,0.2828865312156556,0.06696712731225933,CC
CCH251-1A,0.2756088064226891,9.852749391668768e-4,CC
CCH258A,0.3122185723816523,0.07958881415678669,CC
CCH259-3A,0.2957430336335383,0.05750763118622972,CC
CCH263-2A,0.30649666718067275,0.09833938303445884,CC
CCH277-1A,0.3102055733182392,0.11311792919891629,CC
CCH287A,0.24754608750095514,0.04743971231185111,CC
CCH294-1A,0.3033015178810661,0.06483344567416113,CC
CCH295-1A,0.2588813099229503,-0.014999492,CC
CCH306-2A,0.3069269435844213,0.07763928171139688,CC
CCH323-3A,0.2994356150359653,0.08654678576632945,CC
CCH324-4A,0.3092431261693798,0.07981129554436295,CC
CCH325-1A,0.30303414811843055,0.10660334972394712,CC
CCH326A,0.3025482203776578,0.09499707471176784,CC
CCH328A,0.3042446487760437,0.07212302197004891,CC
CCH340-2A,0.3056151103871906,0.11392493413997498,CC
CCH346-1A,0.31102714456048336,0.10177383962214334,CC
CCH57A,0.29357235230440426,0.07402686782592548,CC
CCH74-3A,0.2888777963905394,0.09424130506347912,CC
CCH93-1A,0.2968603827201461,0.11211891338383374,CC
CCH95-1A,0.2853986791844286,0.05709111035636599,CC
CCS15B,0.24909715930793055,0.08860846976534957,CC
CCS16B,0.13477645548645548,0.03604444953016778,CC
CCS17A,0.2585397850726769,0.1326673736962632,CC
CCS18A,0.23572914723560906,0.04849078205061646,CC
CCS19A,0.30296609055746976,0.09375910476839339,CC
CCS20A,0.2350504407840582,0.08458581061657373,CC
CCS24A,0.27863517401017307,0.08664001592311196,CC
CCS25B,0.18589844827591082,-0.023422253,CC
CCS26A,0.19373797827101544,0.14197323297944023,CC
CCS27A,0.1760222756970472,0.09390466050496117,CC
CCS28B,0.27816363780842945,0.12805516622370608,CC
CCS29B,0.2897621528040579,0.09093449968444027,CC
CCS30A,0.27438437100562457,0.12430164257423121,CC
CCS34A,0.2929706043892896,0.14204565045851983,CC
CCY10A,0.2665668397054088,0.0011961256306748072,CC
CCY11A,0.2902395057628236,0.04206038988608494,CC
CCY13A,0.23920753106970208,-0.015877491,CC
CCY17A,0.29010144832495816,0.053174848102409945,CC
CCY20A,0.2682106559871728,0.06031190159025091,CC
CCY23A,0.2548432450220585,0.08033450158752534,CC
CCY24A,0.2876064430105205,0.04654325856832247,CC
CCY25B,0.27565627700291284,0.09354590118870608,CC
CCY26A,0.20443856626496698,0.02566359815495718,CC
CCY27A,0.29842233114133215,0.06477503225768949,CC
CCY28A,0.2784350278562442,0.00203252863740672,CC
CCY30A,0.27574212565222594,0.02520368422274272,CC
CCY33B,0.21814777276951022,0.0017146680757035011,CC
CCY34B,0.287213355463771,0.09016842779673719,CC
CCY35B,0.2674653495892341,-0.008442511,CC
CCY36B,0.24604818914341053,0.02481124161582235,CC
CCY37A,0.27988312820216116,0.015797660388170293,CC
CCY39A,0.25649630078144636,0.026149845543694,CC
CCY41B,0.2304000712513084,-0.007911727,CC
CCY42A,0.20879134535140095,0.0199867483752187,CC
CCY43A,0.23429569306651968,-0.026399493,CC
CCY44A,0.30870595478666796,0.10383542427153458,CC
CCY46B,0.22434824574985063,-0.038325686,CC
CCY47A,0.2651209888286814,0.07586794368238219,CC
CCY48A,0.28336398108308003,0.07755810769127229,CC
CCY49A,0.17191641595693,-0.003014043,CC
CCY50A,0.1892748892085713,0.0015778328167956256,CC
CCY6A,0.30061304091914404,0.072662469873152,CC
CCY8A,0.2558798514360067,0.028292202911617232,CC
CCY9B,0.30080507499723563,0.06954613510949126,CC
FDM11A,0.28876537328562096,0.11442530168847756,Feces
FDM12B,-0.19990536,-0.138625525,Feces
FDM14A,-0.064052778,-0.147095264,Feces
FDM15A,0.23784661525216563,0.04113286092139273,Feces
FDM16A,0.1288245704394458,0.003078531059704012,Feces
FDM17B,-0.002245799,-0.121470948,Feces
FDM18A,0.06836070173308417,-0.080959038,Feces
FDM19A,-0.217396463,-0.36588804,Feces
FDM1B,-0.110836694,-0.229648396,Feces
FDM20B,-0.278491271,-0.232365191,Feces
FDM21B,-0.237497085,-0.112455872,Feces
FDM23A,-0.231417684,-0.265949827,Feces
FDM24B,-0.281767134,-0.158002373,Feces
FDM25B,-0.302128165,-0.2157212,Feces
FDM26A,0.16747143200024547,-0.10085436,Feces
FDM27B,-0.320422266,-0.182481997,Feces
FDM28B,-0.020174395,-0.116470719,Feces
FDM29B,-0.20851975,-0.20698372,Feces
FDM30A,-0.266425439,-0.221557671,Feces
FDM32B,0.2660283082117845,0.06407719715384533,Feces
FDM33A,-0.287626528,-0.349770088,Feces
FDM34B,0.09642285344644505,-0.043728966,Feces
FDM3B,0.28966239201375504,0.07948539303353598,Feces
FDM5B,0.28528222189883873,0.0458313277317061,Feces
FDM6A,0.20091079053323874,-0.005430041,Feces
FDM7A,0.26770192460259074,0.11181244975312317,Feces
FDM8B,-0.331623695,-0.268291423,Feces
FH108B,-0.20095889,-0.320542098,Feces
FH111B,-0.269823005,-0.267603408,Feces
FH127B,-0.275662849,-0.286571908,Feces
FH151A,0.11422877711155699,-0.104921054,Feces
FH157B,0.26272993712109394,-0.026585411,Feces
FH180A,-0.101224252,-0.307567524,Feces
FH206B,0.04266347242391757,-0.281375047,Feces
FH221B,0.25604875560179413,-0.068092005,Feces
FH227B,-0.236304584,-0.30068332,Feces
FH247A,-0.289503624,-0.373881679,Feces
FH251B,-0.155586238,-0.281485522,Feces
FH287B,0.28520907483367397,0.003061909561942785,Feces
FH295A,0.008203830720838471,-0.310717158,Feces
FH306B,-0.162956716,-0.371594414,Feces
FH323B,-0.197650574,-0.399687583,Feces
FH324B,-0.119600138,-0.366072284,Feces
FH326B,0.29357187889614916,0.029020421193937454,Feces
FH328A,0.311092739476275,0.07178117369899659,Feces
FH340B,0.004824458429807218,-0.305645184,Feces
FH74B,-0.309083292,-0.275998438,Feces
FH93B,0.17522461383239077,-0.101042289,Feces
FH95B,-0.305411004,-0.350531108,Feces
FJY10A,-0.18107139,-0.426662923,Feces
FJY12A,0.019484070737970483,-0.337517934,Feces
FJY13B,-0.24833163,-0.387258376,Feces
FJY14A,-0.036828831,-0.345645806,Feces
FJY15A,-0.291521525,-0.316283592,Feces
FJY16B,0.0020111726776370882,-0.250485185,Feces
FJY17A,-0.219662556,-0.394123395,Feces
FJY18A,-0.255948406,-0.331879712,Feces
FJY19A,0.028244901510522953,-0.208470098,Feces
FJY1A,0.07449116278921253,-0.145545859,Feces
FJY20A,0.013926723383948012,-0.180479979,Feces
FJY21A,-0.238397713,-0.335642132,Feces
FJY22A,-0.238141956,-0.402549326,Feces
FJY23A,-0.190301223,-0.387777706,Feces
FJY24B,-0.231966428,-0.402992585,Feces
FJY25B,-0.093075107,-0.385074249,Feces
FJY26A,-0.260306343,-0.399951746,Feces
FJY27B,-0.175944248,-0.24482288,Feces
FJY28A,0.10348737968436422,-0.237583473,Feces
FJY29A,-0.114081516,-0.325723666,Feces
FJY2A,-0.131490257,-0.365001852,Feces
FJY30A,-0.256332396,-0.366691362,Feces
FJY32B,0.06389890214267427,-0.136221064,Feces
FJY35A,-0.254686145,-0.055415437,Feces
FJY37A,0.07231086374590315,-0.159104235,Feces
FJY3A,0.269570303918419,-0.003724892,Feces
FJY43B,0.010294239066268942,-0.194755805,Feces
FJY44A,-0.050297617,-0.273626349,Feces
FJY45A,-0.243208218,-0.114787628,Feces
FJY4A,0.07998854004165955,-0.237863175,Feces
FJY52A,0.10425176598364941,-0.085921021,Feces
FJY53A,0.02627504474852582,-0.074805411,Feces
FJY59A,-0.159346567,-0.025898781,Feces
FJY5A,-0.06779233,-0.314679626,Feces
FJY61B,-0.078069161,-0.276485125,Feces
FJY63B,-0.208761222,-0.236580098,Feces
FJY64B,-0.063233564,-0.254376373,Feces
FJY65A,0.01929034281045334,-0.155820724,Feces
FJY69A,0.21697180800854804,0.01348143641499686,Feces
FJY6B,-0.207308747,-0.387033624,Feces
FJY73A,0.027275501608997835,-0.256214381,Feces
FJY74A,-0.249491189,-0.340364772,Feces
FJY75A,-0.082470751,-0.300139299,Feces
FJY78B,0.028285032678279726,-0.212685324,Feces
FJY79A,0.045530773932411554,-0.177875253,Feces
FJY7A,-0.21831307,-0.400900377,Feces
FJY80B,-0.212803176,-0.298398979,Feces
FJY8A,-0.254253882,-0.344632087,Feces
FJY9B,-0.26581078,-0.348391976,Feces
FM13B,-0.172158763,-0.330255247,Feces
FM14A,-0.095550509,-0.221013738,Feces
FM15B,0.056827299358572954,-0.228851262,Feces
FM17B,0.22899685826645613,-0.040598706,Feces
FM18B,0.003416778937781639,-0.307964505,Feces
FM1B,0.015071958401081187,-0.318661415,Feces
FM21A,0.027811192294011574,-0.266503764,Feces
FM2B,0.027290074899611508,-0.234220493,Feces
FM3B,-0.147130379,-0.388307071,Feces
FM4B,-0.079285877,-0.297887776,Feces
FM5B,0.21221485583976551,-0.069475193,Feces
FM6B,-0.110997294,-0.315902806,Feces
FM7B,-0.126387739,-0.314127908,Feces
FM8B,-0.135963348,-0.292702062,Feces
GCH111B,-0.225045423,0.0368000292931984,GS
GCH112A,-0.393140731,0.1601279443845548,GS
GCH119A,-0.379766621,0.15674498199912765,GS
GCH151B,-0.456166384,0.28530276594140996,GS
GCH156B,-0.384849643,0.2119301389429471,GS
GCH162B,-0.437098522,0.22817597058965694,GS
GCH186B,-0.097152581,-0.145116755,GS
GCH206A,-0.446838847,0.21414701122806007,GS
GCH209B,-0.154664197,-0.144815088,GS
GCH212B,-0.254885632,-0.386266266,GS
GCH221A,-0.357106287,-0.105272818,GS
GCH227B,-0.152022326,-0.137378263,GS
GCH250A,-0.427239365,0.2155629954267267,GS
GCH251A,-0.385285836,0.027973383585016682,GS
GCH263A,-0.3791362,0.15260321325154427,GS
GCH277A,-0.329938679,0.084453272989616,GS
GCH294A,-0.346252375,0.10530761018212824,GS
GCH295A,-0.35286344,0.10589444991848401,GS
GCH323A,-0.323023008,0.07927696690949694,GS
GCH324A,-0.443373426,0.21405164984218916,GS
GCH325A,-0.368825568,0.11283449407182673,GS
GCH326A,-0.394183093,0.1584772893144202,GS
GCH340A,-0.348067364,0.1097459430092164,GS
GCH346A,-0.339363752,0.08272465762868277,GS
GCH74A,-0.408831596,0.191490145908242,GS
ICH108-1A,-0.398523668,0.18270287315240677,IC
ICH127-1A,-0.367475842,0.1430948880268281,IC
ICH150-1A,-0.443634907,0.2156554512084031,IC
ICH151-1A,-0.470110457,0.2587054267760062,IC
ICH180-1A,-0.31760254,-0.093332927,IC
ICH206-1A,-0.481662505,0.31309808255069416,IC
ICH210-1A,-0.41072068,0.1778953560129786,IC
ICH221-1A,-0.417602722,0.21264389072038312,IC
ICH227-1A,-0.326100307,-0.071569959,IC
ICH247-1A,-0.224868436,-0.352185057,IC
ICH250-1A,-0.460696264,0.27960678190699867,IC
ICH258-1A,-0.392760356,0.13943964523408062,IC
ICH259-1A,-0.423787578,0.24803423471084138,IC
ICH263-1A,-0.459862485,0.29377383106420746,IC
ICH277-1A,-0.349718216,0.11959657297156952,IC
ICH287-1A,-0.390552653,0.1865412759933111,IC
ICH294-1A,-0.419527388,0.22659664060786952,IC
ICH295-1A,-0.435114453,0.24230803111227603,IC
ICH306-1A,-0.361847713,0.13909001186793463,IC
ICH323-1A,-0.475558449,0.30350046608071946,IC
ICH324-1A,-0.467863685,0.28973269018683323,IC
ICH325-1A,-0.402198985,0.18922226331583697,IC
ICH326-1A,-0.472569693,0.30188715237925967,IC
ICH328-1A,-0.437906276,0.24826493778264047,IC
ICH346-1A,-0.387716551,0.1703921749969609,IC
ICH57-1A,-0.301208869,-0.117371063,IC
JCH108-1A,-0.444269489,0.2676980621069375,JC
JCH111-1A,-0.423225982,0.23062592690193862,JC
JCH112-1A,-0.438300091,0.2583667501088317,JC
JCH119-1A,-0.475739684,0.30939738709945575,JC
JCH127-1A,-0.465786622,0.299458031472419,JC
JCH157-1A,-0.275928301,-0.360951335,JC
JCH180-1A,-0.45319777,0.24593015743172061,JC
JCH206-1A,-0.510421135,0.3535939959679707,JC
JCH209-1A,-0.370679772,0.016840054859265718,JC
JCH210-1A,-0.490330049,0.32784579991510315,JC
JCH247-1A,-0.3117461,0.030838354468794002,JC
JCH250-1A,-0.465833834,0.29520495276388903,JC
JCH258-1A,-0.450114481,0.24709641918135528,JC
JCH259-1B,-0.470682138,0.27927458275986283,JC
JCH263-1A,-0.400698665,0.18306652526212602,JC
JCH287-1A,-0.330820004,0.09150353119118178,JC
JCH294-1A,-0.453780191,0.27629812917102203,JC
JCH295-1A,-0.347808224,0.11138860117782948,JC
JCH306-1A,-0.321710672,0.07742248422907064,JC
JCH323-1A,-0.427630454,0.2241582481518739,JC
JCH324-1A,-0.444272383,0.25422514345864317,JC
JCH326-1A,-0.463613075,0.2819061930200879,JC
JCH328-1A,-0.326111774,0.07548938223966736,JC
JCH340-1A,-0.451148025,0.26820899761227474,JC
JCH346-1A,-0.398952036,0.18336414125220232,JC
JCH57-1A,-0.500077318,0.33143846073515915,JC
JCH74-1A,-0.457700905,0.28826260187643976,JC
JCH93-1A,-0.410544175,0.21711166417693467,JC
JCH95-1A,-0.499062324,0.3321929446410284,JC
MCH108B,-0.153698788,-0.130408595,MS
MCH111A,-0.356823185,0.12090085349452914,MS
MCH112B,-0.313985292,0.021159291827680803,MS
MCH119B,-0.257318505,-0.043324665,MS
MCH127B,-0.331261656,0.0716791953512403,MS
MCH151A,-0.349488386,0.11261704787612452,MS
MCH156B,-0.383397899,0.1612210579790104,MS
MCH221A,-0.360656456,-0.080966024,MS
MCH259B,-0.350037974,0.024040551149412656,MS
MCH277B,-0.273967378,-0.119261874,MS
MCH287B,-0.366120612,0.09169662350708772,MS
MCH294B,-0.410028181,0.12725983336549432,MS
MCH295B,-0.343138084,0.02780085514503172,MS
MCH306A,-0.446052124,0.23303548817860648,MS
MCH323B,-0.347628276,0.049670577157356725,MS
MCH324B,-0.242728885,-0.106864417,MS
MCH325B,-0.28031566,-0.129761593,MS
MCH326B,-0.25910072,-0.072175788,MS
MCH328B,-0.295498452,0.015893746468141325,MS
MCH340B,-0.30828772,-0.026156429,MS
MCH346B,-0.314600841,0.011603365567832691,MS
MCH74B,-0.290788936,-0.089590283,MS
MCH95A,-0.452631538,0.22977150956791037,MS
SHCC100A,0.28248335262545554,0.06678709538980805,CC
SHCC101A,0.28790167466262284,0.07136229135007406,CC
SHCC102A,0.2952541906863939,0.08216092688580166,CC
SHCC103A,0.29761839154027925,0.11067556771914114,CC
SHCC104A,0.2894907899654377,0.04953121858859696,CC
SHCC105A,0.31033218723624784,0.05747574966502259,CC
SHCC106A,0.31217329092544027,0.08842147660008312,CC
SHCC107A,0.23027507502434283,0.053956786652293386,CC
SHCC108A,0.30486025031120734,0.0827248466940563,CC
SHCC109A,0.09463412350120842,-0.106440895,CC
SHCC10A,0.30963597983941027,0.07884629948069298,CC
SHCC110A,0.3123462941556785,0.0810929241244818,CC
SHCC111A,0.2919366294016017,0.04317644363561082,CC
SHCC112A,0.2987576034843348,0.10822090994920239,CC
SHCC113A,0.29545526604393074,0.06061044105916385,CC
SHCC114A,0.3107363868423447,0.07227099635880993,CC
SHCC115A,0.2917080998261759,0.026378042772930755,CC
SHCC116A,0.3053761977110277,0.08625481870794606,CC
SHCC117A,0.30674348898609755,0.10970255617571217,CC
SHCC118A,-0.316793273,0.12433496159995445,CC
SHCC119A,0.29057784208168513,0.05615434912178217,CC
SHCC11A,0.29623938260930954,0.06717499472515746,CC
SHCC120A,-0.001991207,0.03850676859696105,CC
SHCC121A,0.29437880921607534,0.07038154215424275,CC
SHCC122B,0.3105459498078857,0.0759405573964094,CC
SHCC123A,0.24801803754056875,0.06734146596001755,CC
SHCC124B,0.3060691393402542,0.09248683051629189,CC
SHCC125A,0.2927242249168495,0.09056275540135138,CC
SHCC126A,0.3104075543630625,0.08017847342289436,CC
SHCC127A,0.05370077245795256,0.029778354839294613,CC
SHCC128A,0.2990029193338675,0.041535244861841535,CC
SHCC129A,0.07082563268836871,0.012014275751777536,CC
SHCC12A,0.29469600244799105,0.10195627405777306,CC
SHCC130A,0.26796739524883584,0.03908050332721543,CC
SHCC131A,0.2655508561989485,0.051365853214410506,CC
SHCC132A,0.2840787044685611,0.09820743912981303,CC
SHCC133A,0.24739014282539584,0.06252874175955503,CC
SHCC134A,0.2274489449058304,0.03941224484910019,CC
SHCC135A,0.29608210265043505,0.0945994800699309,CC
SHCC136A,0.3015023079526137,0.0427275413644071,CC
SHCC137A,0.29671692301118857,0.09113856016371968,CC
SHCC138A,0.2927786944215003,0.062156626542005336,CC
SHCC139A,0.31902747727252756,0.09866057823186304,CC
SHCC13A,0.29973675649034875,0.07403673751108776,CC
SHCC140A,0.28277849415680184,0.07704663744640025,CC
SHCC141A,0.3079891018351758,0.11541356306963038,CC
SHCC142B,0.2967176999545531,0.07590592032495895,CC
SHCC143A,0.30511674929554516,0.05850896747419879,CC
SHCC144A,0.28201151319668794,0.06560185200659852,CC
SHCC145A,0.2316301798768641,0.04772149091344282,CC
SHCC146A,0.3073396441126428,0.06647085909606433,CC
SHCC147A,0.28826824706437293,0.052919561340072384,CC
SHCC148A,0.3021427083430542,0.06153112040150016,CC
SHCC149A,0.2907706079735972,0.07679858665943057,CC
SHCC14A,-0.009392968,0.013679511876385301,CC
SHCC150A,0.30535705394290863,0.08664012620364776,CC
SHCC151A,0.3015131409245223,0.08034638799703145,CC
SHCC152A,0.2651384978332288,0.004797706701925521,CC
SHCC153A,0.2591181844408052,0.037889272884593726,CC
SHCC154A,0.29312541941116793,0.059936463268943564,CC
SHCC155A,0.3007301669889493,0.06652030693228748,CC
SHCC156A,0.3003254173009218,0.0939323432769005,CC
SHCC157B,0.2738494509747399,0.062337454454686025,CC
SHCC158A,0.2291827217339689,0.03547994274142226,CC
SHCC159A,0.2868234808562975,0.08723735248133514,CC
SHCC15A,0.30595479548299775,0.04403927330269291,CC
SHCC160B,0.23905571209563925,-0.001027734,CC
SHCC161A,0.3072488589065097,0.09027696966630881,CC
SHCC162A,0.3097527486645017,0.12062665196173336,CC
SHCC163A,0.28307083038660563,0.019325228272736552,CC
SHCC164B,0.3028526698386859,0.0693020261915774,CC
SHCC165A,0.29813457929676745,0.05434440148925693,CC
SHCC166A,0.2994260987189051,0.0784193545931399,CC
SHCC167A,0.30521646758604826,0.09217547210678118,CC
SHCC168A,0.29320956218070565,0.024245623884201376,CC
SHCC169A,0.2694917991904768,0.041609308655569645,CC
SHCC16A,0.2721167602573759,0.056842824287597724,CC
SHCC170A,0.27047970146273465,0.08040686588727528,CC
SHCC171A,0.31059120962265496,0.07559369923276735,CC
SHCC172A,0.21353759568901048,0.04662355587298584,CC
SHCC173A,0.18971821081138138,0.004065390575151078,CC
SHCC174A,0.27441392946970405,0.0693682055511068,CC
SHCC175A,0.316236240178241,0.0939212137868693,CC
SHCC176A,0.29790055910739704,0.04015737539671882,CC
SHCC177A,0.303389671040943,0.10237443062186091,CC
SHCC178A,0.2619703159767014,0.013724825660363406,CC
SHCC179A,0.2821462020615601,-0.027182214,CC
SHCC17A,0.2933215937299422,0.09609321783465188,CC
SHCC180A,0.31400994493445444,0.08912578666244486,CC
SHCC181A,0.2981257904979344,0.07658665813437684,CC
SHCC182A,0.29752413486516777,0.08623422660015465,CC
SHCC183A,0.2433510965356834,0.05152552548747482,CC
SHCC184A,0.3176878760635108,0.09327177141581122,CC
SHCC185B,0.2994749853707124,0.05585427848087569,CC
SHCC186A,0.3115491847073175,0.09662605876942781,CC
SHCC187A,0.28416017703649865,0.06338658107338392,CC
SHCC188A,0.29734674237688197,0.04852695602410072,CC
SHCC189A,0.30318372843949803,0.04864959758549844,CC
SHCC18A,0.2887261566918515,0.06884067671595695,CC
SHCC190A,0.3099219475876863,0.08955699765471992,CC
SHCC191A,0.31804199283713125,0.10120158219125433,CC
SHCC192A,0.311742308433897,0.1010343127884171,CC
SHCC193A,0.3043054303922001,0.09382062238924696,CC
SHCC194A,0.29924000747400464,0.09121873710214916,CC
SHCC195A,0.2395126134397296,-0.044774656,CC
SHCC196A,0.30280209269062447,0.06797062951945737,CC
SHCC197A,0.3066129418806791,0.09520076410154209,CC
SHCC198A,0.2832304370260421,0.076147966639566,CC
SHCC199A,0.315196595990837,0.055911884633447706,CC
SHCC19A,0.10990184534121912,-0.001870958,CC
SHCC1A,0.31324263975944555,0.1139323626507811,CC
SHCC200A,0.2850025784462212,0.03807384730257485,CC
SHCC201A,0.3165470250077318,0.09540804244571173,CC
SHCC202A,0.31588062540653017,0.10822544119147974,CC
SHCC203A,0.2970985249503356,0.06930779040181462,CC
SHCC204B,0.31948497633125766,0.081024187734396,CC
SHCC205A,0.30200503568041415,0.06975512025044045,CC
SHCC206A,0.3156482856378588,0.09305141230785789,CC
SHCC207A,0.3062734118504416,0.07358371220972741,CC
SHCC208A,0.3139232215649216,0.08808343312845988,CC
SHCC209A,0.29178541715758155,0.014211709183035215,CC
SHCC20A,0.2777131581966397,0.07123960485077127,CC
SHCC210A,0.3093942799489411,0.03927358053760306,CC
SHCC211A,0.2613784216101488,0.02009592538100909,CC
SHCC212A,0.3117359811608144,0.0637787836253103,CC
SHCC213A,0.2875536796841443,0.020762824849736065,CC
SHCC214A,0.2925930898446808,0.029147262315335674,CC
SHCC215A,0.25466925938721924,0.025697235722008258,CC
SHCC216A,0.30218210512742494,0.09703451903650671,CC
SHCC217A,0.29353308465718286,-0.003832919,CC
SHCC218A,0.2739391402908013,-0.009483402,CC
SHCC219A,0.31425922474237644,0.06647097086107666,CC
SHCC21A,0.09841755817396353,-0.054474838,CC
SHCC220A,0.20092408724255512,0.03870243849053544,CC
SHCC221A,0.3024527595279603,0.06927113368042281,CC
SHCC222A,0.29756487395497005,0.08155121830538804,CC
SHCC223A,0.2886176666932377,0.05197455167605991,CC
SHCC224A,0.3137121487603638,0.09378048550133418,CC
SHCC225B,0.288033725917957,0.06592439794314736,CC
SHCC226A,0.2802980421310202,0.03227365517074501,CC
SHCC227A,0.2815013973958011,0.05191116430673894,CC
SHCC228A,0.31296511452704984,0.07185022774284254,CC
SHCC229A,0.30391079362803974,0.05088668293362354,CC
SHCC22A,-0.087455961,0.026291914537821197,CC
SHCC230A,0.30615515360945017,0.09326840127209966,CC
SHCC231A,0.28027002118213595,0.06802705591423153,CC
SHCC232A,0.3108666714410993,0.07054683702436529,CC
SHCC233A,0.15379423437431175,0.011274856842603011,CC
SHCC234B,0.2974679448871574,0.08758240101746964,CC
SHCC235A,0.27276351377196223,0.0730442361064943,CC
SHCC236A,0.2895353171364483,0.01812286587548837,CC
SHCC237A,0.20073868481144957,0.050636666012397066,CC
SHCC238A,0.29422920529680174,0.039690510391941373,CC
SHCC239A,0.13755459602781137,0.011142017365344176,CC
SHCC23A,0.24440107664724456,0.060676835368769756,CC
SHCC240A,0.29699170217733145,0.041788600080881214,CC
SHCC241A,0.2786595437677453,0.031053110970345705,CC
SHCC242A,0.3150034566660779,0.08838195705716895,CC
SHCC243A,0.30561272424926,0.0909908513535614,CC
SHCC244A,0.3119633126119379,0.0820194758154481,CC
SHCC245A,0.14876896671411222,-0.06089522,CC
SHCC246A,0.3094672880967969,0.08951951911247762,CC
SHCC247A,0.2807468971746691,0.06457012994956998,CC
SHCC248A,0.30453072322375785,0.07200950073399762,CC
SHCC249A,0.27919625056592784,0.06789127687377475,CC
SHCC24A,0.2953762237838403,0.05806803909776473,CC
SHCC250A,0.30172959408104544,0.10684827303447761,CC
SHCC251B,0.3182869512260136,0.07113303808732836,CC
SHCC252A,0.3155717672592798,0.1041161638568884,CC
SHCC253A,0.287935090443176,0.0779899837966301,CC
SHCC254B,0.29983697299250517,0.07227293616524476,CC
SHCC255B,0.2896027452830193,0.06927283928309383,CC
SHCC256A,0.31438256890979904,0.10011518931399763,CC
SHCC257A,0.2921737053626908,0.08951359136060791,CC
SHCC258A,0.2956629569360344,0.1048721465518546,CC
SHCC259A,0.31435212861378253,0.06425000980918782,CC
SHCC25A,0.3140452990216394,0.09601838834836296,CC
SHCC260A,0.2655047882234472,0.04935142173658563,CC
SHCC261A,0.30647422864918317,0.12670940440343267,CC
SHCC262A,0.3069700690530487,0.103741864721924,CC
SHCC263A,0.28614626595298565,0.06535321363341087,CC
SHCC264A,0.30937310616353497,0.09252667322792531,CC
SHCC265A,0.25991673943578236,0.08719523244671322,CC
SHCC266B,0.31512734582795343,0.08312631021550242,CC
SHCC267A,0.2989425034612348,0.0672489006908018,CC
SHCC268A,0.2763382409149695,0.0699477426501621,CC
SHCC269A,0.17452466161457644,-0.119411077,CC
SHCC26B,0.2971585275214059,0.09129580827476506,CC
SHCC270A,0.3008427674016337,0.0616544534980309,CC
SHCC271B,0.31738323937989404,0.08975358595086426,CC
SHCC272B,0.3092673332494823,0.10813420346090187,CC
SHCC273B,0.29164081061425284,0.06440711770204932,CC
SHCC274A,0.30554981461528846,0.05785200646454216,CC
SHCC275A,0.21394886516949602,0.059139177620170895,CC
SHCC276A,0.27090857686298625,0.1105698928232312,CC
SHCC277A,0.2674006491498567,0.04618912259899135,CC
SHCC278A,0.30918872680104437,0.09363370336353234,CC
SHCC279A,0.29470899778459403,0.0666956886349842,CC
SHCC27A,0.3142939953629057,0.09444638923716125,CC
SHCC280A,0.19957076418322353,-0.041401311,CC
SHCC281A,0.2848917047793693,0.12680584656988125,CC
SHCC282A,0.2979261584086404,0.05306423184702231,CC
SHCC283A,0.3057650447967051,0.07733747431997354,CC
SHCC284A,0.16295409612862116,0.030421974999590776,CC
SHCC285A,0.31044810807264694,0.09388523789329621,CC
SHCC286A,0.13680977815962944,0.005308023563277541,CC
SHCC287A,0.30139602925973624,0.0855727940254176,CC
SHCC288A,0.30844042049917914,0.07993701364912614,CC
SHCC289A,0.31574649860691617,0.09039247555392052,CC
SHCC28B,0.2980030268584743,0.07093866034768853,CC
SHCC290A,0.30207958046613775,0.11099002595845728,CC
SHCC291A,0.045147232481736056,0.04610892470890624,CC
SHCC292A,0.3074227579594295,0.08619856253706472,CC
SHCC293A,0.2970261568938717,0.06748055101735485,CC
SHCC294A,-0.157274373,0.076778597532369125,CC
SHCC295A,0.06060136653849394,-0.022947913,CC
SHCC296A,0.30241488382152826,0.08681164270372967,CC
SHCC297B,0.30780571187240435,0.09960455189685222,CC
SHCC298A,0.28786490123351244,0.021646341010079687,CC
SHCC299B,0.30505516036212066,0.05410479969229813,CC
SHCC29A,0.3042625414052227,0.06844471490340662,CC
SHCC2A,0.20453091498267667,0.07186365109254994,CC
SHCC300A,0.30836882416821393,0.12618664014112743,CC
SHCC30A,0.2850290272595932,0.06681657090843163,CC
SHCC31A,0.31254575308292415,0.08359412594672994,CC
SHCC32A,0.29779274317928145,0.08619318699680342,CC
SHCC33A,0.3162058653460451,0.08358671266353912,CC
SHCC34A,0.1441324677036612,0.017944593240973656,CC
SHCC35A,0.31340704547749687,0.053585298047429925,CC
SHCC36A,0.30623199503126836,0.09391894039806181,CC
SHCC37A,0.18762369097086756,0.04527645250336296,CC
SHCC38A,0.3149346636039161,0.09454613950048822,CC
SHCC39A,0.3122934117978198,0.09921829951796322,CC
SHCC3A,0.3155190801342797,0.09219131889271011,CC
SHCC40A,0.03731471186558651,0.01803516833022268,CC
SHCC41A,0.32256022727184464,0.08990546012769518,CC
SHCC42A,0.3128319362321346,0.062268406824749226,CC
SHCC43A,0.30750150721775954,0.08575740906732203,CC
SHCC44A,0.29610195009898527,0.04880318730593843,CC
SHCC45A,0.3090438401764287,0.0870294068914839,CC
SHCC46B,0.30580019987937435,0.08428682296747242,CC
SHCC47A,0.31033099475169734,0.09917781526271287,CC
SHCC48A,0.2292935649195483,0.06760147696781592,CC
SHCC49A,0.308064985342775,0.07892380480016097,CC
SHCC4A,0.3153617528408335,0.12671882490157763,CC
SHCC50A,0.3139559148093974,0.09376341418061761,CC
SHCC51A,0.3121894973587604,0.09362323021092216,CC
SHCC52A,0.2908610515424446,0.06775580958757724,CC
SHCC53A,0.30895551051680625,0.1032093610837977,CC
SHCC54A,0.31059899659478185,0.11749527088570902,CC
SHCC55A,0.3020895819454872,0.09347016960205456,CC
SHCC56A,0.3086784350222397,0.06949193227170625,CC
SHCC57B,0.19946759590705343,-0.008098065,CC
SHCC58A,0.29611383962874266,0.07810461036238363,CC
SHCC59A,0.27916201980674643,0.03790973720208099,CC
SHCC5A,0.2979400803872659,0.10588001414926732,CC
SHCC60A,0.2793416608671029,0.042834849349258936,CC
SHCC61A,0.28131607449604484,0.08229606987876924,CC
SHCC62A,0.23562279356647126,0.06308006319699969,CC
SHCC63A,0.2960810781293805,0.07528281106492096,CC
SHCC64A,0.2813773717664214,0.07105122469734569,CC
SHCC65A,0.3132401788752035,0.10336440261591397,CC
SHCC66A,0.31685999594175934,0.0929553397788898,CC
SHCC67A,0.2965123816209621,0.04363977901495011,CC
SHCC68A,0.2914025274968519,0.07467454574272869,CC
SHCC69B,0.28294798174193425,0.04542489176032814,CC
SHCC6A,0.27154968201444796,0.016015962042976065,CC
SHCC70A,0.30822035288609195,0.07782112903203621,CC
SHCC71A,0.3152216073624381,0.08856782514812618,CC
SHCC72A,0.23489149738303203,0.029778596733882143,CC
SHCC73A,0.3080318361611828,0.07453449041045326,CC
SHCC74A,0.3150621314806977,0.0819210474929987,CC
SHCC75A,0.3054778451563552,0.06702888166711411,CC
SHCC76A,0.3038009698785239,0.07505774671093485,CC
SHCC77B,0.3048572129595595,0.08748872301551985,CC
SHCC78A,0.31542776064296013,0.09613949087919949,CC
SHCC79A,0.2946754412810668,0.08658792374693292,CC
SHCC7A,0.28564575042154333,0.03799889484041935,CC
SHCC80A,0.26522951684874974,-0.011828513,CC
SHCC81A,0.2730720888255753,-0.009068327,CC
SHCC82A,0.2845122152368507,0.07449488646613311,CC
SHCC83A,0.3087114234928286,0.07399732205281986,CC
SHCC84A,0.28093530795699356,0.06205346802954243,CC
SHCC85B,0.3119548789645248,0.07496040400742025,CC
SHCC86A,0.25792563894122283,0.0761261524027825,CC
SHCC87A,0.2995531006402476,0.0938654795918565,CC
SHCC88B,0.31692064487361904,0.1026670361959213,CC
SHCC89A,0.3027578491713719,0.07022467477784912,CC
SHCC8A,0.2580712880305907,0.05157954646048659,CC
SHCC90A,0.30829122913411566,0.06516599649213625,CC
SHCC91A,0.3043537423104057,0.07768787796263169,CC
SHCC92A,0.30819866352252373,0.08552670466234558,CC
SHCC93A,0.3081933132825212,0.09478844875036821,CC
SHCC94A,0.2856777582773977,0.0862894583726983,CC
SHCC95A,0.31143593245411855,0.07380153018403851,CC
SHCC96A,0.2546096320750547,0.03959867768611138,CC
SHCC97A,0.28249758805413977,0.09025223628567365,CC
SHCC98A,0.30019741627403485,0.1059768498847542,CC
SHCC99A,0.3186958016269412,0.09791638348490207,CC
SHCC9A,0.17759807061894492,0.03972637383201824,CC
SHDC104A,-0.450447285,0.26209644881519245,DC
SHDC107A,-0.453056743,0.2696665533365685,DC
SHDC111A,-0.491115027,0.3231531525333325,DC
SHDC11C,-0.371898904,0.09902002959825369,DC
SHDC12A,-0.512057195,0.3453221001306048,DC
SHDC139A,-0.449306417,0.26732278850428426,DC
SHDC141A,-0.47208549,0.29842050893113536,DC
SHDC14A,-0.438922129,0.21249011783383953,DC
SHDC154A,-0.459548481,0.28076070368580347,DC
SHDC157A,-0.455748065,0.2613875334619621,DC
SHDC170A,-0.474471271,0.3011678426949555,DC
SHDC174A,-0.405650137,0.19864334761145722,DC
SHDC178A,-0.401210646,0.1862533004990317,DC
SHDC191A,-0.411420624,0.20254653219691424,DC
SHDC203A,-0.415029124,0.22182797888066041,DC
SHDC207A,-0.444354655,0.2445907306665619,DC
SHDC212A,-0.43029014,0.24384267867992052,DC
SHDC213A,-0.492861927,0.31938373474161325,DC
SHDC214A,-0.493178069,0.32513313084197415,DC
SHDC239A,-0.448573969,0.25732643691054574,DC
SHDC23A,-0.479246816,0.2717598214051926,DC
SHDC245A,-0.490528547,0.3207792268612552,DC
SHDC247A,-0.398571701,0.18153941702512383,DC
SHDC249A,-0.332915469,0.09248839308716146,DC
SHDC260A,-0.328478682,0.08642445717255438,DC
SHDC262A,-0.388934492,0.16923318828206574,DC
SHDC285A,-0.448845756,0.24902017380432484,DC
SHDC288A,-0.384313652,0.16052627151686508,DC
SHDC294A,-0.487181609,0.3232941278773193,DC
SHDC298A,-0.38305844,0.16804491328787932,DC
SHDC301A,-0.405119129,0.19811572680809586,DC
SHDC302A,-0.445339601,0.26766340679884515,DC
SHDC34A,-0.40236146,0.19273130961426035,DC
SHDC39A,-0.395113532,0.18495494194215656,DC
SHDC46A,-0.482582384,0.3148312344579796,DC
SHDC47A,-0.42575747,0.22343786792757314,DC
SHDC61A,-0.440218452,0.254239282397908,DC
SHDC68A,-0.393713328,0.17991418990927308,DC
SHDC78A,-0.422419095,0.2130623154784239,DC
SHDC93A,-0.45239789,0.264217900707821,DC
SHIC104A,-0.240472392,0.08282466654330363,IC
SHIC107A,-0.343463465,0.012859574854440484,IC
SHIC111A,-0.276709115,-0.222568749,IC
SHIC11C,-0.445695833,0.2387804184786219,IC
SHIC12A,-0.477224333,0.2829688263410691,IC
SHIC139A,-0.387161953,0.21453305706640788,IC
SHIC141A,-0.433759141,0.17013277264759002,IC
SHIC14A,-0.446131737,0.19801134097128117,IC
SHIC154A,-0.428764569,0.205984267381129,IC
SHIC157A,-0.410446626,0.11401325172440897,IC
SHIC170A,-0.379442696,0.02438414643284511,IC
SHIC174A,0.01819477369082838,-0.129863057,IC
SHIC178A,-0.407021607,0.0418446880128816,IC
SHIC191A,-0.361677062,0.12780719393326379,IC
SHIC203A,-0.464563051,0.26103578641823844,IC
SHIC207A,-0.466915368,0.2578889429991237,IC
SHIC212A,-0.504151987,0.3204475911714607,IC
SHIC213A,-0.373956562,0.09873032664328796,IC
SHIC214A,-0.156734495,-0.124116225,IC
SHIC239A,-0.417407995,0.11162839474644988,IC
SHIC23A,-0.434733896,0.20712403627242304,IC
SHIC243A,-0.364995056,0.046786190700226146,IC
SHIC245A,-0.278930404,0.04007034819746885,IC
SHIC247A,-0.422049627,0.1480814682392161,IC
SHIC249A,-0.472808855,0.24129303202383176,IC
SHIC260A,-0.422471534,0.17269790737112709,IC
SHIC262A,-0.262643599,0.1359511624946038,IC
SHIC285A,-0.381585353,0.13779746354218872,IC
SHIC288A,-0.302043018,0.17708493045016493,IC
SHIC294A,-0.49697306,0.3318171048837755,IC
SHIC301A,-0.377736628,0.039125082447933016,IC
SHIC34A,-0.321649665,0.08055609252456035,IC
SHIC39A,-0.454234675,0.27402910768144095,IC
SHIC46A,-0.508872935,0.33085187164699575,IC
SHIC47A,-0.450526245,0.24244478041438325,IC
SHIC58A,-0.402058876,0.10502140866212084,IC
SHIC61A,-0.432438069,0.22147611897393663,IC
SHIC68A,-0.420949142,0.09505134000231046,IC
SHIC78A,-0.476556358,0.2752545714265227,IC
SHIC93A,-0.408155202,0.16854615333788228,IC
SHMC11B,-0.425922498,0.13217757918244996,MS
SHMC12B,-0.424447134,0.11329982164877381,MS
SHMC139B,-0.312382521,0.01795873984206931,MS
SHMC141B,-0.492630969,0.302474262413712,MS
SHMC14B,-0.448678055,0.20482174428461722,MS
SHMC154A,-0.455428617,0.27364301962876236,MS
SHMC157B,-0.435138571,0.21646868523372995,MS
SHMC191B,-0.347747501,0.1236639256428735,MS
SHMC207A,-0.465245206,0.2205491791487016,MS
SHMC212B,-0.082679649,-0.045704027,MS
SHMC213B,-0.183929107,0.01317961149614919,MS
SHMC239B,-0.341468832,-0.055390648,MS
SHMC243B,-0.42016164,0.14555834822828542,MS
SHMC245A,-0.492835399,0.2908021959939212,MS
SHMC247B,-0.459443599,0.22438511814629206,MS
SHMC249B,-0.3922835,0.18228974664652162,MS
SHMC260A,-0.487037485,0.2849754675753945,MS
SHMC262B,-0.313015953,-0.063098325,MS
SHMC285A,-0.401276886,0.19871206446047912,MS
SHMC288B,-0.295569441,0.10687909178485495,MS
SHMC294B,-0.057479104,-0.111097465,MS
SHMC298A,-0.486295318,0.3196695154737472,MS
SHMC34A,-0.485531996,0.31341471496167733,MS
SHMC39B,-0.488328681,0.3186305355845058,MS
SHMC47B,-0.24185366,-0.033903513,MS
SHMC58B,-0.47752528,0.2753121195403125,MS
SHMC68B,-0.448836479,0.20156527255148338,MS
SHMC78B,-0.481110757,0.25688432845751874,MS
SHMC93B,-0.417280635,0.11358606150078109,MS
SRR21163417,-0.40692432,-0.097171366,CR
SRR21163418,0.23857565230506117,0.027798882559071987,CR
SRR21163419,0.24755015368996144,0.005963911592262305,CR
SRR21163420,-0.46088567,0.2635814653185789,CR
SRR21163421,-0.416523901,-0.085962274,CR
SRR21163422,0.24680354229005302,0.12013388405433727,CC
SRR21163423,0.12321524628091016,0.10501993076752307,CC
SRR21163424,0.2192517250922147,0.12815241093015317,CC
SRR21163425,0.26808259215351027,0.08262001275956508,CC
SRR21163426,0.2271202029707861,0.11561374141700086,CC
SRR21163428,0.22074115546884937,0.12049516568356398,CC
SRR21163429,0.26971561405358857,0.018959580621905454,CC
SRR21163430,0.2639906266162228,-0.013565607,CC
SRR21163431,0.29806706720427917,0.06250327982117686,CC
SRR21163432,0.29213291298251143,0.05339478377127732,CC
SRR21163433,0.28741125466348977,0.012671484252062095,CC
SRR21163434,0.2832152591237345,0.03776122068098662,CC
SRR21163435,0.24055741717534837,0.017794521079969084,CC
SRR21163436,0.23279848088185848,0.016273853258307974,CC
SRR21163437,0.24942624820684764,0.030173736357883726,CC
SRR21163438,-0.347956297,0.14349645393543364,DC
SRR21163439,0.24184125714171684,0.02588879694618227,CC
SRR21163440,0.23119534553221222,0.015411342368022243,CC
SRR21163441,0.22538402195247262,0.002480639356468015,CC
SRR21163442,0.24941272348167898,0.014436867099881663,CC
SRR21163443,0.24636308742664886,0.024941372920569724,CC
SRR21163444,0.27004415823076333,0.04177202706763006,CC
SRR21163445,0.23921195118039995,0.014439410619320112,CC
SRR21163446,0.26479207637940405,0.019112723420281544,CC
SRR21163447,0.2494446072250151,0.023796814652595224,CC
SRR21163448,-0.428909078,0.2046273910736941,IC
SRR21163449,-0.32101938,0.07721675163807519,DC
SRR21163450,-0.324411612,-0.028602384,IC
SRR21163451,0.11930904617907642,0.0869915426748091,IC
SRR21163452,-0.256017266,-0.19999343,IC
SRR21163453,-0.172937547,-0.257199319,IC
SRR21163454,-0.394140891,0.22231957393201016,IC
SRR21163455,-0.036507604,-0.135606661,IC
SRR21163456,-0.275597498,-0.211724931,IC
SRR21163457,-0.210641766,-0.35208468,IC
SRR21163458,-0.20100306,-0.258420333,IC
SRR21163459,-0.256025895,-0.327750194,IC
SRR21163460,-0.320965942,0.07719185196480527,DC
SRR21163461,-0.145657958,-0.337388512,IC
SRR21163462,-0.404494748,0.17841416222616333,IC
SRR21163463,-0.37074172,-0.009340624,IC
SRR21163464,-0.380605383,0.025502146309951526,IC
SRR21163465,-0.307257405,-0.306643759,IC
SRR21163466,-0.361754214,0.1277143837643171,IC
SRR21163467,-0.39361686,0.014722560508354056,IC
SRR21163468,-0.375260427,0.13336081573058675,IC
SRR21163469,-0.466313664,0.2785048601753516,IC
SRR21163470,-0.394093656,-0.126610512,IC
SRR21163472,-0.373814919,0.14274002186996126,IC
SRR21163473,-0.410858976,-0.049702087,IC
SRR21163474,-0.444088608,0.2571473880956285,IC
SRR21163475,-0.448147999,0.2674961771338335,JC
SRR21163476,-0.496470918,0.33719842459515326,JC
SRR21163477,-0.406059062,0.2293715201421518,JC
SRR21163478,-0.450760502,0.27668167580047587,JC
SRR21163479,-0.462791858,0.2893985416735068,JC
SRR21163480,-0.491550204,0.32059806769522187,JC
SRR21163481,-0.373155459,0.14059851387369052,JC
SRR21163482,-0.325370957,0.08387706458851185,DC
SRR21163483,-0.406442686,0.1527234573027794,JC
SRR21163484,-0.391692824,0.12778089382752905,JC
SRR21163485,-0.453998813,0.2763449475073026,JC
SRR21163486,-0.341088579,0.17720034617251662,JC
SRR21163487,-0.397672466,0.2336217819645066,JC
SRR21163489,-0.37872182,0.16715531759599112,JC
SRR21163490,-0.302237418,0.10342236355844253,JC
SRR21163491,-0.448513215,0.24895674333793957,JC
SRR21163492,-0.354201348,0.1181357642577217,JC
SRR21163493,-0.340939906,0.10530335689781453,DC
SRR21163494,-0.331463585,0.09155498607891091,JC
SRR21163497,-0.40377949,0.19467519110880205,JC
SRR21163499,-0.321675867,0.07742870904537862,JC
SRR21163501,-0.506305252,0.3252496144106574,DC
SRR21163502,-0.469392904,0.27498107772518765,DC
SRR21163503,-0.398331146,0.2367352927862562,DC
SRR21163504,-0.410217668,0.2117975380457831,DC
SRR21163505,-0.452548249,0.27441208137524187,DC
SRR21163506,-0.492940861,0.325562955156307,DC
SRR21163507,-0.217457635,0.083365455410782,DC
SRR21163508,-0.455542029,0.23256098012415202,DC
SRR21163509,-0.414790293,0.25226091417206387,DC
SRR21163510,0.0035942522622401515,0.09704280389403604,DC
SRR21163511,-0.357624192,0.09868786091208068,DC
SRR21163512,-0.013192494,0.07537516520227021,DC
SRR21163513,0.051694739471857536,-0.257625005,CR
SRR21163514,0.25634731189278664,-0.028404878,CR
SRR21163515,0.19742478818880652,0.1309501933316353,CR
SRR21163516,0.20771666262151006,-0.035903818,CR
SRR21163517,-0.273021191,-0.242595593,CR
SRR21163518,0.22222264359098548,0.0824835120648348,CR
SRR21163519,-0.213621413,-0.422621034,CR
SRR21163520,0.18482510228074478,-0.149111014,CR
SRR21163521,-0.230688991,-0.356432146,CR
SRR21163523,-0.063491829,-0.287168797,CR
SRR21163524,0.1414541215650876,-0.244426221,CR
SRR21163525,0.15877658498826056,-0.082125124,CR
SRR21163526,-0.162604456,0.03981327829374037,CR
SRR21163527,0.21383219051586522,-0.05498904,CR
SRR21163528,0.19010246711438833,-0.083206331,CR
SRR21163529,0.085757879853858,-0.23552572,CR
SRR21163530,-0.179192838,0.011076621094535456,CR
SRR21163531,0.21184982500658503,-0.056263169,CR
SRR21163532,0.2493274007145234,0.004606422234609664,CR
SRR21163533,-0.389799716,0.17705142344616018,DC
SRR21163534,-0.324385759,0.08535233180954989,DC
SRR27680213,-0.380605677,0.0254531076995369,IC
SRR27680214,-0.30719883,-0.306682745,IC
SRR27680215,-0.361741882,0.12769942215341462,IC
SRR27680216,-0.393599502,0.014685086549161546,IC
SRR27680217,-0.375260282,0.1333638053505081,IC
SRR27680218,-0.466327407,0.2785231055266787,IC
SRR27680219,-0.394088082,-0.126633661,IC
SRR27680220,-0.428905978,0.20462978709598328,IC
SRR27680221,-0.324414562,-0.028593693,IC
SRR27680222,0.11930781706215277,0.08700363338217536,IC
SRR27680223,-0.256088509,-0.199832354,IC
SRR27680224,-0.373824566,0.14275142317677778,IC
SRR27680225,-0.172947013,-0.257173432,IC
SRR27680226,-0.394148655,0.22232270024728754,IC
SRR27680227,-0.036466924,-0.135643855,IC
SRR27680228,-0.275562473,-0.211936528,IC
SRR27680229,-0.210638453,-0.35209903,IC
SRR27680230,-0.201007769,-0.258417034,IC
SRR27680231,-0.256030805,-0.327754254,IC
SRR27680232,-0.145700214,-0.337348129,IC
SRR27680233,-0.404494627,0.17841412193654477,IC
SRR27680234,-0.370770084,-0.009296029,IC
SRR27680235,-0.410855092,-0.049757758,IC
SRR27680236,-0.444072495,0.2571233470194343,IC
SRR28497695,0.2838590458268746,0.05299339608579265,CC
SRR28497696,0.2330187439945702,0.06220932766946102,CC
SRR28497697,0.2633859648066767,0.05376066840448803,CC
SRR28497698,0.2643709143146967,0.04248042184460005,CC
SRR28497699,0.23892281781062547,0.0029693112159631394,CC
SRR28497700,0.2608841233983454,-0.033318248,CC
SRR28497701,0.2348290525467209,0.05053748939977857,CC
SRR28497702,0.2742659636452111,0.03858227210898477,CC
SRR28497703,0.2964628224870711,0.027952359837080956,CC
SRR28497704,0.24527729110159063,0.011194043558698907,CC
SRR29354198,-0.367188673,0.0924847212032602,CC
SRR29354199,-0.308247828,-0.135884732,CC
SRR29354200,-0.272204089,-0.16013745,CC
SRR29354202,-0.344391512,-0.174474536,CC
SRR29354203,-0.294591418,-0.153572413,CC
SRR29354204,0.11101370916821948,-0.03858602,CC
SRR29354205,0.12248041123598044,-0.009750914,CC
SRR29354206,0.14389761612940857,-0.01167445,CC
SRR29354207,-0.329808323,-0.192109155,CC
SRR29354208,-0.356510947,-0.120036018,CC
SRR29354209,-0.440608501,0.21972039734564552,CC
SRR29354210,-0.354764155,-0.030151595,CC
SRR29354211,-0.331651568,0.06449457844770848,CC
SRR29354212,-0.439077359,0.23992416950347598,CC
SRR29354213,-0.381426997,0.15883042725207625,CC
SRR29354214,-0.3834069,0.13789846914966128,CC
SRR29354215,-0.356792569,-0.066722484,CC
SRR29354216,0.07879829784598712,-0.062836713,CC
SRR29354217,0.06915512095896065,-0.022147265,CC
SRR29409633,-0.354046628,-0.14966835,CC
SRR29409634,-0.354983197,-0.17755933,CC
SRR29409635,-0.355772451,-0.006966676,CC
SRR29409636,-0.360408243,-0.028779431,CC
SRR29409637,-0.359084015,-0.030226136,CC
SRR29409638,-0.355205056,-0.034887621,CC
SRR29409639,-0.356787433,-0.014353583,CC
SRR29409640,0.25804566190666056,0.022171928280397928,CC
SRR29409641,0.25031828150976726,-0.002600949,CC
SRR29409642,0.24782764290924708,-0.009157912,CC
SRR29409643,0.24090537880728655,-0.021219973,CC
SRR29409644,0.24441436640595954,0.030342959652431535,CC
SRR29409645,0.19078095494587563,-0.002551752,CC
SRR29409646,0.2238481693740561,-0.001221216,CC
SRR29409647,0.181072093703519,0.02657909620520878,CC
SRR29409648,0.1249655679398849,-0.069876134,CC
SRR29409649,0.09057201037991647,-0.074571613,CC
SRR29409650,-0.361805929,-0.038527744,CC
SRR29409651,0.15014377129997825,-0.047271605,CC
SRR29409652,0.1241909535152432,-0.072924275,CC
SRR29409653,0.17178906261627327,0.004263734333957132,CC
SRR29409654,0.14783022904059398,-0.04227034,CC
SRR29409655,0.09023085248419407,-0.067116154,CC
SRR29409656,-0.355766386,-0.163943388,CC
SRR29409657,-0.356174807,-0.154171301,CC
SRR29409658,-0.346519626,-0.159286758,CC
SRR29409659,-0.346907211,-0.145740089,CC
SRR29409660,-0.346529652,-0.163801343,CC
SRR29409661,-0.360141243,-0.035011862,CC
SRR29409662,-0.357369235,-0.040585109,CC
SRR29429232,0.21905365465095175,-0.078746052,CC
SRR29429233,-0.084317533,-0.159830296,CC
SRR29429234,-0.021746064,-0.16968744,CC
SRR29429235,-0.170123984,-0.096275372,CC
SRR29429236,-0.303128403,0.11770059629804426,CC
SRR29429237,-0.335174474,0.0756106819980116,CC
SRR29429238,-0.248895759,0.0927436950255175,CC
SRR29429239,-0.326740536,-0.241292376,CC
SRR29429240,0.21479102418901716,-0.044179593,CC
SRR29429241,0.19749870727521582,-0.021595656,CC
SRR29429242,0.22665295974497135,-0.034668621,CC
SRR29429243,0.24961871260198096,-0.033419694,CC
SRR29429244,0.2092258555338603,-0.07407206,CC
SRR29429245,-0.327496315,-0.182774004,CC
SRR29429246,-0.332308621,-0.194237823,CC
SRR29429269,0.20456157992722587,-0.036656612,CC
SRR29429270,0.03930788098868912,-0.152251171,CC
SRR29429271,0.015267285266375216,-0.213109001,CC
SRR29429272,0.03408870039291544,-0.158093069,CC
SRR29429273,-0.01246166,-0.148898781,CC
SRR29429274,0.014488485242469543,-0.103329853,CC
SRR29429275,0.00972008301778485,-0.111343362,CC
SRR29429276,-0.344337866,-0.069918125,CC
SRR29429277,0.18880712776280212,0.01957200308331964,CC
SRR29429278,0.17778547854094323,-0.02698247,CC
SRR29429279,0.2198307240542979,-0.052462885,CC
SRR29429280,0.21420924444865916,-0.034541447,CC
SRR29429281,0.2229936878817846,-0.033222339,CC
SRR29429282,-0.350165614,-0.05833638,CC
SRR29429283,-0.370488687,0.04596139266722274,CC
SRR29449358,0.29870659482671913,0.04937402545302899,CC
SRR29449359,0.31011072024785485,0.0989593394905576,CC
SRR29449360,0.2833076956161499,0.05823700704618431,CC
SRR29449361,0.26846443421469923,0.006851037137651521,CC
SRR29449362,0.28224741210143006,0.05810147507958214,CC
SRR29449363,0.2672709951601549,0.003608409041806956,CC
SRR29449364,0.27896931066746067,-0.002577854,CC
SRR29449365,0.27398540259876436,0.04926811585978365,CC
SRR29449366,-0.302725426,0.06161474230924172,CC
SRR29449367,0.10736120188337216,-0.155939973,CC
SRR29449368,-0.382162342,0.18807074429819878,CC
SRR29449369,0.24200743349228096,0.007823903006172337,CC
SRR29449370,0.26987026288658,0.07168123736996854,CC
SRR29449371,-0.116154032,-0.210535413,CC
SRR29449372,-0.245481528,0.07354920738823209,CC
SRR29449373,0.2493990528452465,0.04094515531085512,CC
SRR29449374,0.018053687486601647,-0.198397785,CC
SRR29449375,0.22424876031833374,-0.050933721,CC
SRR29449376,-0.102569759,0.09528996748550202,CC
SRR29449377,0.2772222320174672,0.09795803892903134,CC
SRR29449378,0.268400004011789,0.033166595800858976,CC
SRR29449379,0.2900440081469159,0.05421077722880284,CC
SRR29449380,0.2670893097756888,-0.035208113,CC
SRR29449381,0.2519348549207642,-0.053307529,CC
SRR29449905,0.2270278733223077,0.10743576280211327,CC
SRR29449906,0.23589091319154926,0.10107815754734809,CC
SRR29449907,0.28382581031973575,0.09970452204782604,CC
SRR29449908,0.26671518114039466,0.0639931835463127,CC
SRR29449909,0.28819851213512526,0.11012399304602602,CC
SRR29449910,0.28590966272475454,0.10840256465126995,CC
SRR29449911,0.24146737525208506,0.023701345467888425,CC
SRR29449912,0.2217232844326662,0.06692925592639168,CC
SRR29449914,0.27153317255230297,0.05754438155117848,CC
SRR29449915,0.2787610260758406,0.1198503799282715,CC
SRR29449916,0.25054393031431904,0.10064180063363046,CC
SRR29449917,0.2685250449361601,0.005976674103967185,CC
SRR29449918,0.2773971901402129,0.07277282102563667,CC
SRR29449919,0.27766480353853035,0.11429441143771864,CC
SRR29449920,0.2946333685532528,0.07359010584018624,CC
SRR29449921,0.25753790258480896,0.07970898667466107,CC
SRR29449922,0.26883401900777176,0.09027510046208694,CC
SRR29472726,0.2822975325209515,0.01742142628936438,CC
SRR29472727,0.2621203123799987,0.09703610571262564,CC
SRR29472728,0.25228031803245227,0.05353711276835339,CC
SRR29472729,0.256525270590635,0.07936056446895104,CC
SRR29472730,0.2090582422349376,0.06864810905224944,CC
SRR29472731,0.24083366994017325,0.03418435424292146,CC
SRR29472732,0.2130568456407636,0.08787364733036379,CC
SRR29472733,0.2786710853155023,0.14461651800945308,CC
SRR29472734,0.262763712022168,0.03956194898097363,CC
SRR29472735,0.24252628350982647,-0.007360297,CC
SRR29472736,0.25951172913822335,0.034131519801759075,CC
SRR29472737,0.2662528076218895,0.022257598981457842,CC
SRR29472738,0.279749758517125,0.044677538252246976,CC
SRR29472739,0.28611815440273236,0.04705701545042556,CC
SRR29472740,0.2732053977429717,0.08269649562404642,CC
SRR29472741,0.2692650215116477,0.023183783412881458,CC
SRR29472742,0.2479962210080234,0.05984367467045852,CC
SRR29472743,0.2574159920749455,-0.010092237,CC
SRR29472744,0.2590291201965197,0.11147119067255364,CC
SRR29472745,0.2550859756085547,0.10538195012579826,CC
SRR29536163,0.20176857173843493,-0.029901537,CC
SRR29536164,0.1983496488010514,-0.01262518,CC
SRR29536165,0.19083568867450137,-6.31E-04,CC
SRR29536166,0.23139187698728483,0.008867428253496042,CC
SRR29536167,0.21694938913477918,0.0025442278196912142,CC
SRR29536168,0.23362237034966135,-1.68E-04,CC
SRR29536169,0.22055207780441002,0.010793548279730732,CC
SRR29536170,-0.278369571,-0.274605668,CC
SRR29536171,-0.198612376,-0.259982214,CC
SRR29536172,-0.152971316,-0.158901177,CC
SRR29536174,-0.13931491,-0.271107629,CC
SRR29536175,-0.279171181,-0.20860868,CC
SRR29536176,-0.089226548,-0.279079282,CC
SRR29536177,0.16349024204490592,-0.061965258,CC
SRR29536178,-0.169763267,-0.228142613,CC
SRR29536179,0.22770637862666013,0.014027500563328705,CC
SRR29536180,0.2123762353036056,-0.046844086,CC
SRR29536181,-0.088991817,-0.216607198,CC
SRR29536182,0.17822265165006662,0.08593398469953771,CC
SRR29536183,0.14566144521765445,-0.156719615,CC
SRR29536185,0.29069883453543904,0.1474525110153455,CC
SRR29536186,0.29639643770372004,0.11819206999419345,CC
SRR29536187,0.25261524047998907,0.14874170300123632,CC
SRR29536188,0.20354914181350106,0.00789352420903697,CC
SRR29536189,0.22227464485225565,0.011966752559704792,CC
SRR29536190,0.2285713204368181,-0.002005633,CC
SRR29536191,0.20918038764469513,-0.036618795,CC
