id	Group	time	OD_value
L.johnsonii	0ug/ml	0	0.0111
L.johnsonii	250ug/ml	0	0.0178
L.johnsonii	500ug/ml	0	0.02
L.johnsonii	1000ug/ml	0	0.0255
L.johnsonii	0ug/ml	2	0.0387
L.johnsonii	250ug/ml	2	0.041
L.johnsonii	500ug/ml	2	0.0426
L.johnsonii	1000ug/ml	2	0.0418
L.johnsonii	0ug/ml	4	0.1612
L.johnsonii	250ug/ml	4	0.1631
L.johnsonii	500ug/ml	4	0.3114
L.johnsonii	1000ug/ml	4	0.3495
L.johnsonii	0ug/ml	6	0.3652
L.johnsonii	250ug/ml	6	0.4099
L.johnsonii	500ug/ml	6	0.4231
L.johnsonii	1000ug/ml	6	0.4386
L.johnsonii	0ug/ml	8	0.3512
L.johnsonii	250ug/ml	8	0.3998
L.johnsonii	500ug/ml	8	0.4166
L.johnsonii	1000ug/ml	8	0.412
L.johnsonii	0ug/ml	10	0.37
L.johnsonii	250ug/ml	10	0.427
L.johnsonii	500ug/ml	10	0.4135
L.johnsonii	1000ug/ml	10	0.4083
L.johnsonii	0ug/ml	15	0.3655
L.johnsonii	250ug/ml	15	0.3952
L.johnsonii	500ug/ml	15	0.4026
L.johnsonii	1000ug/ml	15	0.3994
L.johnsonii	0ug/ml	21	0.3561
L.johnsonii	250ug/ml	21	0.4077
L.johnsonii	500ug/ml	21	0.4081
L.johnsonii	1000ug/ml	21	0.4053
L.johnsonii	0ug/ml	27	0.3271
L.johnsonii	250ug/ml	27	0.3761
L.johnsonii	500ug/ml	27	0.3566
L.johnsonii	1000ug/ml	27	0.3751
L.johnsonii	0ug/ml	30	0.3379
L.johnsonii	250ug/ml	30	0.3766
L.johnsonii	500ug/ml	30	0.3549
L.johnsonii	1000ug/ml	30	0.3765
L.johnsonii	0ug/ml	0	0.0215
L.johnsonii	250ug/ml	0	0.0116
L.johnsonii	500ug/ml	0	0.0199
L.johnsonii	1000ug/ml	0	0.0283
L.johnsonii	0ug/ml	2	0.0295
L.johnsonii	250ug/ml	2	0.0476
L.johnsonii	500ug/ml	2	0.0444
L.johnsonii	1000ug/ml	2	0.0447
L.johnsonii	0ug/ml	4	0.1741
L.johnsonii	250ug/ml	4	0.2217
L.johnsonii	500ug/ml	4	0.2803
L.johnsonii	1000ug/ml	4	0.3259
L.johnsonii	0ug/ml	6	0.3607
L.johnsonii	250ug/ml	6	0.396
L.johnsonii	500ug/ml	6	0.4266
L.johnsonii	1000ug/ml	6	0.4336
L.johnsonii	0ug/ml	8	0.3596
L.johnsonii	250ug/ml	8	0.4376
L.johnsonii	500ug/ml	8	0.409
L.johnsonii	1000ug/ml	8	0.4136
L.johnsonii	0ug/ml	10	0.3781
L.johnsonii	250ug/ml	10	0.415
L.johnsonii	500ug/ml	10	0.4017
L.johnsonii	1000ug/ml	10	0.4045
L.johnsonii	0ug/ml	15	0.3395
L.johnsonii	250ug/ml	15	0.4109
L.johnsonii	500ug/ml	15	0.4003
L.johnsonii	1000ug/ml	15	0.4
L.johnsonii	0ug/ml	21	0.3523
L.johnsonii	250ug/ml	21	0.3902
L.johnsonii	500ug/ml	21	0.4067
L.johnsonii	1000ug/ml	21	0.4065
L.johnsonii	0ug/ml	27	0.3258
L.johnsonii	250ug/ml	27	0.3764
L.johnsonii	500ug/ml	27	0.3725
L.johnsonii	1000ug/ml	27	0.3849
L.johnsonii	0ug/ml	30	0.3332
L.johnsonii	250ug/ml	30	0.3738
L.johnsonii	500ug/ml	30	0.3632
L.johnsonii	1000ug/ml	30	0.3737
L.johnsonii	0ug/ml	0	0.0096
L.johnsonii	250ug/ml	0	0.0096
L.johnsonii	500ug/ml	0	0.0229
L.johnsonii	1000ug/ml	0	0.0212
L.johnsonii	0ug/ml	2	0.0308
L.johnsonii	250ug/ml	2	0.0401
L.johnsonii	500ug/ml	2	0.0428
L.johnsonii	1000ug/ml	2	0.0484
L.johnsonii	0ug/ml	4	0.1611
L.johnsonii	250ug/ml	4	0.2241
L.johnsonii	500ug/ml	4	0.326
L.johnsonii	1000ug/ml	4	0.3354
L.johnsonii	0ug/ml	6	0.3623
L.johnsonii	250ug/ml	6	0.4141
L.johnsonii	500ug/ml	6	0.4266
L.johnsonii	1000ug/ml	6	0.4047
L.johnsonii	0ug/ml	8	0.3354
L.johnsonii	250ug/ml	8	0.4007
L.johnsonii	500ug/ml	8	0.4146
L.johnsonii	1000ug/ml	8	0.4154
L.johnsonii	0ug/ml	10	0.3574
L.johnsonii	250ug/ml	10	0.4047
L.johnsonii	500ug/ml	10	0.4273
L.johnsonii	1000ug/ml	10	0.4202
L.johnsonii	0ug/ml	15	0.3501
L.johnsonii	250ug/ml	15	0.4239
L.johnsonii	500ug/ml	15	0.4167
L.johnsonii	1000ug/ml	15	0.429
L.johnsonii	0ug/ml	21	0.3539
L.johnsonii	250ug/ml	21	0.3912
L.johnsonii	500ug/ml	21	0.3885
L.johnsonii	1000ug/ml	21	0.4162
L.johnsonii	0ug/ml	27	0.3186
L.johnsonii	250ug/ml	27	0.3798
L.johnsonii	500ug/ml	27	0.3739
L.johnsonii	1000ug/ml	27	0.3776
L.johnsonii	0ug/ml	30	0.3268
L.johnsonii	250ug/ml	30	0.3804
L.johnsonii	500ug/ml	30	0.369
L.johnsonii	1000ug/ml	30	0.386
L.johnsonii	0ug/ml	0	-0.0059
L.johnsonii	250ug/ml	0	0.0163
L.johnsonii	500ug/ml	0	0.0105
L.johnsonii	1000ug/ml	0	0.0287
L.johnsonii	0ug/ml	2	0.0389
L.johnsonii	250ug/ml	2	0.0411
L.johnsonii	500ug/ml	2	0.0405
L.johnsonii	1000ug/ml	2	0.0459
L.johnsonii	0ug/ml	4	0.152
L.johnsonii	250ug/ml	4	0.2151
L.johnsonii	500ug/ml	4	0.2631
L.johnsonii	1000ug/ml	4	0.3241
L.johnsonii	0ug/ml	6	0.3603
L.johnsonii	250ug/ml	6	0.412
L.johnsonii	500ug/ml	6	0.4491
L.johnsonii	1000ug/ml	6	0.4328
L.johnsonii	0ug/ml	8	0.3892
L.johnsonii	250ug/ml	8	0.4174
L.johnsonii	500ug/ml	8	0.4139
L.johnsonii	1000ug/ml	8	0.4005
L.johnsonii	0ug/ml	10	0.3428
L.johnsonii	250ug/ml	10	0.414
L.johnsonii	500ug/ml	10	0.4383
L.johnsonii	1000ug/ml	10	0.416
L.johnsonii	0ug/ml	15	0.3548
L.johnsonii	250ug/ml	15	0.3978
L.johnsonii	500ug/ml	15	0.417
L.johnsonii	1000ug/ml	15	0.4158
L.johnsonii	0ug/ml	21	0.341
L.johnsonii	250ug/ml	21	0.3881
L.johnsonii	500ug/ml	21	0.4073
L.johnsonii	1000ug/ml	21	0.419
L.johnsonii	0ug/ml	27	0.3241
L.johnsonii	250ug/ml	27	0.3814
L.johnsonii	500ug/ml	27	0.3787
L.johnsonii	1000ug/ml	27	0.372
L.johnsonii	0ug/ml	30	0.3422
L.johnsonii	250ug/ml	30	0.3733
L.johnsonii	500ug/ml	30	0.3716
L.johnsonii	1000ug/ml	30	0.389
L.johnsonii	0ug/ml	0	0.005
L.johnsonii	250ug/ml	0	0.0156
L.johnsonii	500ug/ml	0	0.0185
L.johnsonii	1000ug/ml	0	0.0237
L.johnsonii	0ug/ml	2	0.0382
L.johnsonii	250ug/ml	2	0.0461
L.johnsonii	500ug/ml	2	0.0454
L.johnsonii	1000ug/ml	2	0.0426
L.johnsonii	0ug/ml	4	0.1613
L.johnsonii	250ug/ml	4	0.2039
L.johnsonii	500ug/ml	4	0.32
L.johnsonii	1000ug/ml	4	0.3016
L.johnsonii	0ug/ml	6	0.3393
L.johnsonii	250ug/ml	6	0.4077
L.johnsonii	500ug/ml	6	0.4224
L.johnsonii	1000ug/ml	6	0.429
L.johnsonii	0ug/ml	8	0.3659
L.johnsonii	250ug/ml	8	0.4579
L.johnsonii	500ug/ml	8	0.4169
L.johnsonii	1000ug/ml	8	0.4408
L.johnsonii	0ug/ml	10	0.3766
L.johnsonii	250ug/ml	10	0.4271
L.johnsonii	500ug/ml	10	0.4138
L.johnsonii	1000ug/ml	10	0.417
L.johnsonii	0ug/ml	15	0.368
L.johnsonii	250ug/ml	15	0.4168
L.johnsonii	500ug/ml	15	0.4159
L.johnsonii	1000ug/ml	15	0.3929
L.johnsonii	0ug/ml	21	0.3472
L.johnsonii	250ug/ml	21	0.4004
L.johnsonii	500ug/ml	21	0.4012
L.johnsonii	1000ug/ml	21	0.3899
L.johnsonii	0ug/ml	27	0.3136
L.johnsonii	250ug/ml	27	0.373
L.johnsonii	500ug/ml	27	0.3626
L.johnsonii	1000ug/ml	27	0.3885
L.johnsonii	0ug/ml	30	0.3242
L.johnsonii	250ug/ml	30	0.376
L.johnsonii	500ug/ml	30	0.3618
L.johnsonii	1000ug/ml	30	0.3639
L.johnsonii	0ug/ml	0	0.0185
L.johnsonii	250ug/ml	0	0.0158
L.johnsonii	500ug/ml	0	0.0091
L.johnsonii	1000ug/ml	0	0.0264
L.johnsonii	0ug/ml	2	0.0253
L.johnsonii	250ug/ml	2	0.0362
L.johnsonii	500ug/ml	2	0.0434
L.johnsonii	1000ug/ml	2	0.0401
L.johnsonii	0ug/ml	4	0.1583
L.johnsonii	250ug/ml	4	0.1824
L.johnsonii	500ug/ml	4	0.3114
L.johnsonii	1000ug/ml	4	0.3362
L.johnsonii	0ug/ml	6	0.3529
L.johnsonii	250ug/ml	6	0.4231
L.johnsonii	500ug/ml	6	0.4442
L.johnsonii	1000ug/ml	6	0.4317
L.johnsonii	0ug/ml	8	0.3637
L.johnsonii	250ug/ml	8	0.4047
L.johnsonii	500ug/ml	8	0.4181
L.johnsonii	1000ug/ml	8	0.4123
L.johnsonii	0ug/ml	10	0.3558
L.johnsonii	250ug/ml	10	0.4213
L.johnsonii	500ug/ml	10	0.4327
L.johnsonii	1000ug/ml	10	0.4331
L.johnsonii	0ug/ml	15	0.3552
L.johnsonii	250ug/ml	15	0.404
L.johnsonii	500ug/ml	15	0.4018
L.johnsonii	1000ug/ml	15	0.4097
L.johnsonii	0ug/ml	21	0.3482
L.johnsonii	250ug/ml	21	0.3848
L.johnsonii	500ug/ml	21	0.3913
L.johnsonii	1000ug/ml	21	0.3966
L.johnsonii	0ug/ml	27	0.3379
L.johnsonii	250ug/ml	27	0.3722
L.johnsonii	500ug/ml	27	0.377
L.johnsonii	1000ug/ml	27	0.3896
L.johnsonii	0ug/ml	30	0.3252
L.johnsonii	250ug/ml	30	0.3788
L.johnsonii	500ug/ml	30	0.371
L.johnsonii	1000ug/ml	30	0.3828
L.johnsonii	0ug/ml	0	0.016
L.johnsonii	250ug/ml	0	0.0087
L.johnsonii	500ug/ml	0	0.0211
L.johnsonii	1000ug/ml	0	0.026
L.johnsonii	0ug/ml	2	0.0356
L.johnsonii	250ug/ml	2	0.0421
L.johnsonii	500ug/ml	2	0.0462
L.johnsonii	1000ug/ml	2	0.0503
L.johnsonii	0ug/ml	4	0.1678
L.johnsonii	250ug/ml	4	0.2097
L.johnsonii	500ug/ml	4	0.3075
L.johnsonii	1000ug/ml	4	0.3237
L.johnsonii	0ug/ml	6	0.3531
L.johnsonii	250ug/ml	6	0.3846
L.johnsonii	500ug/ml	6	0.4173
L.johnsonii	1000ug/ml	6	0.4133
L.johnsonii	0ug/ml	8	0.3644
L.johnsonii	250ug/ml	8	0.412
L.johnsonii	500ug/ml	8	0.4271
L.johnsonii	1000ug/ml	8	0.4181
L.johnsonii	0ug/ml	10	0.3599
L.johnsonii	250ug/ml	10	0.4133
L.johnsonii	500ug/ml	10	0.4257
L.johnsonii	1000ug/ml	10	0.4272
L.johnsonii	0ug/ml	15	0.347
L.johnsonii	250ug/ml	15	0.4113
L.johnsonii	500ug/ml	15	0.4182
L.johnsonii	1000ug/ml	15	0.4216
L.johnsonii	0ug/ml	21	0.3549
L.johnsonii	250ug/ml	21	0.3836
L.johnsonii	500ug/ml	21	0.3899
L.johnsonii	1000ug/ml	21	0.4212
L.johnsonii	0ug/ml	27	0.3042
L.johnsonii	250ug/ml	27	0.3621
L.johnsonii	500ug/ml	27	0.3793
L.johnsonii	1000ug/ml	27	0.3869
L.johnsonii	0ug/ml	30	0.3198
L.johnsonii	250ug/ml	30	0.3844
L.johnsonii	500ug/ml	30	0.3752
L.johnsonii	1000ug/ml	30	0.3773
L.johnsonii	0ug/ml	0	0.0033
L.johnsonii	250ug/ml	0	0.0177
L.johnsonii	500ug/ml	0	0.012
L.johnsonii	1000ug/ml	0	0.0249
L.johnsonii	0ug/ml	2	0.0308
L.johnsonii	250ug/ml	2	0.0403
L.johnsonii	500ug/ml	2	0.0408
L.johnsonii	1000ug/ml	2	0.0475
L.johnsonii	0ug/ml	4	0.1517
L.johnsonii	250ug/ml	4	0.2435
L.johnsonii	500ug/ml	4	0.3538
L.johnsonii	1000ug/ml	4	0.3534
L.johnsonii	0ug/ml	6	0.3494
L.johnsonii	250ug/ml	6	0.4251
L.johnsonii	500ug/ml	6	0.4047
L.johnsonii	1000ug/ml	6	0.4115
L.johnsonii	0ug/ml	8	0.3622
L.johnsonii	250ug/ml	8	0.48
L.johnsonii	500ug/ml	8	0.4065
L.johnsonii	1000ug/ml	8	0.4259
L.johnsonii	0ug/ml	10	0.3384
L.johnsonii	250ug/ml	10	0.421
L.johnsonii	500ug/ml	10	0.4367
L.johnsonii	1000ug/ml	10	0.4133
L.johnsonii	0ug/ml	15	0.3763
L.johnsonii	250ug/ml	15	0.3969
L.johnsonii	500ug/ml	15	0.407
L.johnsonii	1000ug/ml	15	0.4158
L.johnsonii	0ug/ml	21	0.3513
L.johnsonii	250ug/ml	21	0.3949
L.johnsonii	500ug/ml	21	0.4012
L.johnsonii	1000ug/ml	21	0.4063
L.johnsonii	0ug/ml	27	0.3231
L.johnsonii	250ug/ml	27	0.3781
L.johnsonii	500ug/ml	27	0.3721
L.johnsonii	1000ug/ml	27	0.3676
L.johnsonii	0ug/ml	30	0.3324
L.johnsonii	250ug/ml	30	0.3677
L.johnsonii	500ug/ml	30	0.3691
L.johnsonii	1000ug/ml	30	0.3863
L.johnsonii	0ug/ml	0	0.0116
L.johnsonii	250ug/ml	0	0.0169
L.johnsonii	500ug/ml	0	0.0104
L.johnsonii	1000ug/ml	0	0.0241
L.johnsonii	0ug/ml	2	0.0413
L.johnsonii	250ug/ml	2	0.0429
L.johnsonii	500ug/ml	2	0.0389
L.johnsonii	1000ug/ml	2	0.0438
L.johnsonii	0ug/ml	4	0.1438
L.johnsonii	250ug/ml	4	0.1928
L.johnsonii	500ug/ml	4	0.3187
L.johnsonii	1000ug/ml	4	0.3219
L.johnsonii	0ug/ml	6	0.3508
L.johnsonii	250ug/ml	6	0.4181
L.johnsonii	500ug/ml	6	0.4131
L.johnsonii	1000ug/ml	6	0.4297
L.johnsonii	0ug/ml	8	0.3458
L.johnsonii	250ug/ml	8	0.4231
L.johnsonii	500ug/ml	8	0.4173
L.johnsonii	1000ug/ml	8	0.4225
L.johnsonii	0ug/ml	10	0.3708
L.johnsonii	250ug/ml	10	0.4288
L.johnsonii	500ug/ml	10	0.4234
L.johnsonii	1000ug/ml	10	0.4159
L.johnsonii	0ug/ml	15	0.3525
L.johnsonii	250ug/ml	15	0.4121
L.johnsonii	500ug/ml	15	0.4181
L.johnsonii	1000ug/ml	15	0.4067
L.johnsonii	0ug/ml	21	0.3505
L.johnsonii	250ug/ml	21	0.3954
L.johnsonii	500ug/ml	21	0.395
L.johnsonii	1000ug/ml	21	0.391
L.johnsonii	0ug/ml	27	0.3181
L.johnsonii	250ug/ml	27	0.3736
L.johnsonii	500ug/ml	27	0.3666
L.johnsonii	1000ug/ml	27	0.3846
L.johnsonii	0ug/ml	30	0.3267
L.johnsonii	250ug/ml	30	0.3746
L.johnsonii	500ug/ml	30	0.3611
L.johnsonii	1000ug/ml	30	0.3708
L.johnsonii	0ug/ml	0	0.0158
L.johnsonii	250ug/ml	0	0.0102
L.johnsonii	500ug/ml	0	0.0193
L.johnsonii	1000ug/ml	0	0.0233
L.johnsonii	0ug/ml	2	0.0334
L.johnsonii	250ug/ml	2	0.0404
L.johnsonii	500ug/ml	2	0.05
L.johnsonii	1000ug/ml	2	0.0481
L.johnsonii	0ug/ml	4	0.162
L.johnsonii	250ug/ml	4	0.2011
L.johnsonii	500ug/ml	4	0.322
L.johnsonii	1000ug/ml	4	0.305
L.johnsonii	0ug/ml	6	0.3882
L.johnsonii	250ug/ml	6	0.4211
L.johnsonii	500ug/ml	6	0.4243
L.johnsonii	1000ug/ml	6	0.4222
L.johnsonii	0ug/ml	8	0.3664
L.johnsonii	250ug/ml	8	0.4174
L.johnsonii	500ug/ml	8	0.4274
L.johnsonii	1000ug/ml	8	0.4233
L.johnsonii	0ug/ml	10	0.3365
L.johnsonii	250ug/ml	10	0.4264
L.johnsonii	500ug/ml	10	0.4063
L.johnsonii	1000ug/ml	10	0.4133
L.johnsonii	0ug/ml	15	0.3579
L.johnsonii	250ug/ml	15	0.4152
L.johnsonii	500ug/ml	15	0.417
L.johnsonii	1000ug/ml	15	0.4112
L.johnsonii	0ug/ml	21	0.3453
L.johnsonii	250ug/ml	21	0.3978
L.johnsonii	500ug/ml	21	0.3931
L.johnsonii	1000ug/ml	21	0.4014
L.johnsonii	0ug/ml	27	0.3243
L.johnsonii	250ug/ml	27	0.3599
L.johnsonii	500ug/ml	27	0.3704
L.johnsonii	1000ug/ml	27	0.3871
L.johnsonii	0ug/ml	30	0.3148
L.johnsonii	250ug/ml	30	0.3861
L.johnsonii	500ug/ml	30	0.3729
L.johnsonii	1000ug/ml	30	0.3825
L.johnsonii	0ug/ml	0	0.005
L.johnsonii	250ug/ml	0	0.0113
L.johnsonii	500ug/ml	0	0.0228
L.johnsonii	1000ug/ml	0	0.024
L.johnsonii	0ug/ml	2	0.0354
L.johnsonii	250ug/ml	2	0.0399
L.johnsonii	500ug/ml	2	0.0443
L.johnsonii	1000ug/ml	2	0.0416
L.johnsonii	0ug/ml	4	0.1671
L.johnsonii	250ug/ml	4	0.2027
L.johnsonii	500ug/ml	4	0.3253
L.johnsonii	1000ug/ml	4	0.2936
L.johnsonii	0ug/ml	6	0.3634
L.johnsonii	250ug/ml	6	0.4125
L.johnsonii	500ug/ml	6	0.4243
L.johnsonii	1000ug/ml	6	0.4243
L.johnsonii	0ug/ml	8	0.3634
L.johnsonii	250ug/ml	8	0.4079
L.johnsonii	500ug/ml	8	0.416
L.johnsonii	1000ug/ml	8	0.414
L.johnsonii	0ug/ml	10	0.356
L.johnsonii	250ug/ml	10	0.4159
L.johnsonii	500ug/ml	10	0.4225
L.johnsonii	1000ug/ml	10	0.4167
L.johnsonii	0ug/ml	15	0.3657
L.johnsonii	250ug/ml	15	0.4109
L.johnsonii	500ug/ml	15	0.4096
L.johnsonii	1000ug/ml	15	0.4269
L.johnsonii	0ug/ml	21	0.3748
L.johnsonii	250ug/ml	21	0.3737
L.johnsonii	500ug/ml	21	0.3958
L.johnsonii	1000ug/ml	21	0.4117
L.johnsonii	0ug/ml	27	0.3162
L.johnsonii	250ug/ml	27	0.3781
L.johnsonii	500ug/ml	27	0.3761
L.johnsonii	1000ug/ml	27	0.3747
L.johnsonii	0ug/ml	30	0.325
L.johnsonii	250ug/ml	30	0.3783
L.johnsonii	500ug/ml	30	0.3778
L.johnsonii	1000ug/ml	30	0.3838
L.johnsonii	0ug/ml	0	0.0055
L.johnsonii	250ug/ml	0	0.0077
L.johnsonii	500ug/ml	0	0.0096
L.johnsonii	1000ug/ml	0	0.0192
L.johnsonii	0ug/ml	2	0.0283
L.johnsonii	250ug/ml	2	0.0379
L.johnsonii	500ug/ml	2	0.0446
L.johnsonii	1000ug/ml	2	0.0416
L.johnsonii	0ug/ml	4	0.1651
L.johnsonii	250ug/ml	4	0.2054
L.johnsonii	500ug/ml	4	0.2857
L.johnsonii	1000ug/ml	4	0.3236
L.johnsonii	0ug/ml	6	0.3218
L.johnsonii	250ug/ml	6	0.4248
L.johnsonii	500ug/ml	6	0.4167
L.johnsonii	1000ug/ml	6	0.4276
L.johnsonii	0ug/ml	8	0.3822
L.johnsonii	250ug/ml	8	0.384
L.johnsonii	500ug/ml	8	0.4121
L.johnsonii	1000ug/ml	8	0.4207
L.johnsonii	0ug/ml	10	0.3685
L.johnsonii	250ug/ml	10	0.4207
L.johnsonii	500ug/ml	10	0.4367
L.johnsonii	1000ug/ml	10	0.4054
L.johnsonii	0ug/ml	15	0.3475
L.johnsonii	250ug/ml	15	0.3916
L.johnsonii	500ug/ml	15	0.3999
L.johnsonii	1000ug/ml	15	0.4094
L.johnsonii	0ug/ml	21	0.3432
L.johnsonii	250ug/ml	21	0.4089
L.johnsonii	500ug/ml	21	0.4151
L.johnsonii	1000ug/ml	21	0.4163
L.johnsonii	0ug/ml	27	0.3238
L.johnsonii	250ug/ml	27	0.3596
L.johnsonii	500ug/ml	27	0.372
L.johnsonii	1000ug/ml	27	0.378
L.johnsonii	0ug/ml	30	0.3219
L.johnsonii	250ug/ml	30	0.3783
L.johnsonii	500ug/ml	30	0.3684
L.johnsonii	1000ug/ml	30	0.379
